path	bytes	kind	sha256	symlink_target	retention_class	reason_code	reason
.github/workflows/ci.yml	20072	file	ef520fd5a4d9fe6ceed3f6cdbfc506ed252a2c60e0a76658483106f2b8858104	-	keep-ci	R09	Public continuous-integration contract.
.github/workflows/release.yml	3735	file	68c211703c9057e5845c91e97b8ab35b81595c9f44357158788bc0d9bd36d3d7	-	keep-ci	R09	Public continuous-integration contract.
.gitignore	359	file	84244657c36cfb20950321373d715bdaf4d79150fe55d848b737d96e76b8b48a	-	keep-root-contract	R02	Root build, package, license, release, agent, or project contract.
AGENT.md	9	symlink	-	AGENTS.md	keep-alias	R05	Repository tooling alias whose path identity is an explicit contract.
AGENTS.md	2335	file	e27d2af186f1d56147f6ac58e0cfe44e42f2a470c4d87f38965ffbffa7c69a96	-	keep-root-contract	R02	Root build, package, license, release, agent, or project contract.
CHANGELOG.md	2654	file	76247f8314cc6c448adec7a4f428b5093c1510b98385aca4f99e68a426d22780	-	keep-root-contract	R02	Root build, package, license, release, agent, or project contract.
CODE_OF_CONDUCT.md	834	file	fc5d9bcf71a578c1a1b80f10d3741125184c34b01841ead7209bc7fbd55d5b50	-	keep-community	R09	Public community or security contract.
CONTRIBUTING.md	3011	file	e076524a90c599171729b9c20e7724d514e42ef8d60df687a25b311dc943cf82	-	keep-community	R09	Public community or security contract.
Cargo.lock	13761	file	39452d9a25e3f8c8c2202eed93be7d9cb93e326add959f4c2f85b16c2fc6606d	-	keep-root-contract	R02	Root build, package, license, release, agent, or project contract.
Cargo.toml	2337	file	24618e2f91e8e25d40b2a7e5a62f872541c8379c10c01190170c91f6f825bd78	-	keep-root-contract	R02	Root build, package, license, release, agent, or project contract.
FTL.TXT	6743	file	5a5ee54c5001bbad1cdc1a57cc3dd4c42199b2da09d39c7ee41fab002d02967f	-	keep-root-contract	R02	Root build, package, license, release, agent, or project contract.
LICENSE	6743	file	5a5ee54c5001bbad1cdc1a57cc3dd4c42199b2da09d39c7ee41fab002d02967f	-	keep-root-contract	R02	Root build, package, license, release, agent, or project contract.
Makefile	30108	file	07977bf6db5058157209ce0954757e19539a7c55c1d98846aa73836139e447fc	-	keep-root-contract	R02	Root build, package, license, release, agent, or project contract.
NOTICE.md	1273	file	fb2d66458e48f7c5341d1847d985c0364129ecf4d3938db67382b5395756acef	-	keep-root-contract	R02	Root build, package, license, release, agent, or project contract.
README.md	13880	file	dc0af6d6fbd3e21e6a8e16ba6fd8f855b8e2949a27b6afb3f7c1d51cd9a86c0a	-	keep-root-contract	R02	Root build, package, license, release, agent, or project contract.
SECURITY.md	1430	file	819fba2cd55207c5ed0dc3564ee230a11c2ba0d6c7c464b844b668158ce79e1b	-	keep-community	R09	Public community or security contract.
deny.toml	341	file	d4d516ffd41e0c8e3de633cc3d807b5e0b1a53ec7b5f56ad8ea95c73da0a2bf1	-	keep-root-contract	R02	Root build, package, license, release, agent, or project contract.
doc/DEVELOPMENT.md	21011	file	5b9883241f978d90f83c180c2d9a85d699eb5631308bf4f6c61c02a1f71ceca8	-	keep-documentation	R07	Durable design, debugging, testing, benchmark, fixture, or compatibility context.
doc/FILE_RETENTION_INVENTORY.tsv	0	generated	-	-	generated-audit	R11	Generated exhaustive inventory; refresh with scripts/audit_repository_files.py.
doc/FREETYPE_SUPPORT.md	30950	file	6b6b13666ef8d7dd27a4dbc9546cca45565a6fd517476cbaecf02a0201ac2305	-	keep-documentation	R07	Durable design, debugging, testing, benchmark, fixture, or compatibility context.
doc/INTEGRATION.md	9253	file	7d46ae1f439b3e0254899a267c2087223ee080f0c5364f436de08fe3adaf314a	-	keep-documentation	R07	Durable design, debugging, testing, benchmark, fixture, or compatibility context.
doc/README.md	4113	file	62f4a7b439e124c958296e875037878e75531d2fee021cad7a78617ed74c3d0c	-	keep-documentation	R07	Durable design, debugging, testing, benchmark, fixture, or compatibility context.
doc/RELEASING.md	5805	file	4814369e27e1a842a572acfdcf0f3534dbc8a4aa5d2c158acfecef53b7582f1c	-	keep-documentation	R07	Durable design, debugging, testing, benchmark, fixture, or compatibility context.
doc/ROADMAP.md	24995	file	4a294448dab697225d608726934137e64e60218d625c638c14ef398d123414cd	-	keep-active-plan	R08	Temporary readiness plan; delete it when its open-goal count reaches zero.
doc/compatibility_snapshot.json	25722	file	928ef4378c42dff9907c2d2facd1bf92fc321676ae3460e11c6c2027d9f61f0f	-	keep-documentation	R07	Durable design, debugging, testing, benchmark, fixture, or compatibility context.
doc/runtime_parity_evidence.json	1312	file	25e0831830d9c281b4f1896a040d91edddefc599c9d8096b72275961d0e7f1e0	-	keep-documentation	R07	Durable design, debugging, testing, benchmark, fixture, or compatibility context.
examples/bench_ops.rs	10086	file	a75d7bbf4e8e679ca393d8cffd68cc0824f7198bb5e85857ce4dd75d8e016a21	-	keep-developer-tool	R06	Maintained benchmark or executable diagnostic/example.
examples/ffi_migration.rs	1806	file	3140c3cbf9182299f2ab8c98f6675dfd3d086c47177f7bf8783160a149eddda8	-	keep-developer-tool	R06	Maintained benchmark or executable diagnostic/example.
examples/handle_error.rs	571	file	acbe9d9f2e838bb5ca27132dde73287fa123e3a069772a2b741ae6e010fae3b1	-	keep-developer-tool	R06	Maintained benchmark or executable diagnostic/example.
examples/load_glyph.rs	1023	file	c8fdfb860d494f5d7d71e079c245b6207fe1151763c38d366cdd26a697c0af67	-	keep-developer-tool	R06	Maintained benchmark or executable diagnostic/example.
examples/render_mask.rs	773	file	12d1701b41fec042e176ba9a174e353dfa7527932b1eb876dbdc800d9f9fb5c0	-	keep-developer-tool	R06	Maintained benchmark or executable diagnostic/example.
examples/trace_glyph.rs	12899	file	2ec07bf5345b79b9c4031ac1167295db99aa6ab8bb70f02d19dd2e5e60d0f958	-	keep-developer-tool	R06	Maintained benchmark or executable diagnostic/example.
fontdone-c-abi/API_SUPPORT.md	30950	file	6b6b13666ef8d7dd27a4dbc9546cca45565a6fd517476cbaecf02a0201ac2305	-	keep-verification-facade	R02	Maintained ABI verification facade and workspace gate.
fontdone-c-abi/Cargo.toml	1890	file	6a8941694b04b854496eb072b799faa21b968af55a63e6e03a76f659d545c8b9	-	keep-verification-facade	R02	Maintained ABI verification facade and workspace gate.
fontdone-c-abi/FTL.TXT	6743	file	5a5ee54c5001bbad1cdc1a57cc3dd4c42199b2da09d39c7ee41fab002d02967f	-	keep-verification-facade	R02	Maintained ABI verification facade and workspace gate.
fontdone-c-abi/LICENSE	6743	file	5a5ee54c5001bbad1cdc1a57cc3dd4c42199b2da09d39c7ee41fab002d02967f	-	keep-verification-facade	R02	Maintained ABI verification facade and workspace gate.
fontdone-c-abi/NOTICE.md	1273	file	fb2d66458e48f7c5341d1847d985c0364129ecf4d3938db67382b5395756acef	-	keep-verification-facade	R02	Maintained ABI verification facade and workspace gate.
fontdone-c-abi/README.md	9944	file	7a1ef1dc3d3d2712bc6923c6f3cb49d4aadef40619f42a3d873fb8631918680a	-	keep-verification-facade	R02	Maintained ABI verification facade and workspace gate.
fontdone-c-abi/build.rs	467	file	c3729370427b4cba3ec3bd6df4bfc877615ecd43fafd4a0c5df97e67f486824f	-	keep-verification-facade	R02	Maintained ABI verification facade and workspace gate.
fontdone-c-abi/examples/optional_feature_probe.rs	27911	file	9e8cc3b15c1200f94216070e98afb4e6fdf250fe472977048af211c085f0cb90	-	keep-verification-facade	R02	Maintained ABI verification facade and workspace gate.
fontdone-c-abi/examples/render_glyph.c	3420	file	42197b944cebe3c34782876b67d4a55cbdef2b84218bdeebc064d6cd27fd5035	-	keep-verification-facade	R02	Maintained ABI verification facade and workspace gate.
fontdone-c-abi/fontdone2.pc	277	file	b29260d083c33b3e584d50685a3efab914861ee3197d9b4f75c165f4a5f5ecb6	-	keep-verification-facade	R02	Maintained ABI verification facade and workspace gate.
fontdone-c-abi/include/fontdone_ffi.h	51062	file	b27601c5e0ef82efe09450a3ccf3b10e8a3a4eec4af6820d60a26d98915a680c	-	keep-verification-facade	R02	Maintained ABI verification facade and workspace gate.
fontdone-c-abi/include/fontdone_macros.h	83410	file	d23ac8f4977124dc6b95fd6554cbb5381550f1f6bcfa3450ff96aed76c87dcc6	-	keep-verification-facade	R02	Maintained ABI verification facade and workspace gate.
fontdone-c-abi/include/freetype/freetype.h	172	file	44f0737e85a5dce13271742dba7d8ff348f1f667d597e9207c54b22ae54d614f	-	keep-verification-facade	R02	Maintained ABI verification facade and workspace gate.
fontdone-c-abi/include/freetype/ftadvanc.h	172	file	6cab592a8e8cbf2a2521e6f84c7cf886f5e85b2dfcd2815d01ecdd709a979aeb	-	keep-verification-facade	R02	Maintained ABI verification facade and workspace gate.
fontdone-c-abi/include/freetype/ftbbox.h	168	file	12cfbf9da66992d811a27e0c2a3979bccd3a68c75d09e385639d935c0b37a340	-	keep-verification-facade	R02	Maintained ABI verification facade and workspace gate.
fontdone-c-abi/include/freetype/ftbdf.h	166	file	082c682e2ed4b0fc188a285d42b1df512c8403458ed467b19111fd1c8d31e91f	-	keep-verification-facade	R02	Maintained ABI verification facade and workspace gate.
fontdone-c-abi/include/freetype/ftbitmap.h	172	file	5e18968209f19d5b6d1744d207c5541b021b5c9313a7df7ec27a5c1e5e097bcb	-	keep-verification-facade	R02	Maintained ABI verification facade and workspace gate.
fontdone-c-abi/include/freetype/ftbzip2.h	170	file	e808e22159c441b3a1f0a8fa50c4e0ef7db70454d755ca9e52fdefb0594aab94	-	keep-verification-facade	R02	Maintained ABI verification facade and workspace gate.
fontdone-c-abi/include/freetype/ftcache.h	170	file	d50721588b006e584ada36d50f58f973f86a84fdd9cb526d442332253f0ed75b	-	keep-verification-facade	R02	Maintained ABI verification facade and workspace gate.
fontdone-c-abi/include/freetype/ftchapters.h	176	file	f1cfd5198eddd1d5521b72d664b3a8ea425750134f7cb6de357685e8934b4ad2	-	keep-verification-facade	R02	Maintained ABI verification facade and workspace gate.
fontdone-c-abi/include/freetype/ftcid.h	166	file	df852bcf6caf93704c0b3212f3375b12280bfdc93bc0bc1a0f988d03d0da6dd5	-	keep-verification-facade	R02	Maintained ABI verification facade and workspace gate.
fontdone-c-abi/include/freetype/ftcolor.h	170	file	aafb4e7e7197562248c8684aae001e5f8a9ee80007199e0b39a0dd2b7c9652a5	-	keep-verification-facade	R02	Maintained ABI verification facade and workspace gate.
fontdone-c-abi/include/freetype/ftdriver.h	172	file	4a8960b32f9f635d814d862b08fcc866c50a496e50d2a4baa1d9b99b5ad5d2c0	-	keep-verification-facade	R02	Maintained ABI verification facade and workspace gate.
fontdone-c-abi/include/freetype/fterrdef.h	172	file	562abbfa93802307c5679e8e492c24a5185c1afe4286a2461d98247973ee5aed	-	keep-verification-facade	R02	Maintained ABI verification facade and workspace gate.
fontdone-c-abi/include/freetype/fterrors.h	172	file	eed8047d35ee67953d2003decda042e3a3a4414f0f6bfa32cc77fd2b80e2dc04	-	keep-verification-facade	R02	Maintained ABI verification facade and workspace gate.
fontdone-c-abi/include/freetype/ftfntfmt.h	172	file	37a26e8306e1a3453ae88d5d7ee2c4024149bb358aef6256cdda0d0b468e6a0f	-	keep-verification-facade	R02	Maintained ABI verification facade and workspace gate.
fontdone-c-abi/include/freetype/ftgasp.h	168	file	14e0b6f0c949ad9f6c224993ce100b3f4e6d9dc0da23a6b26ba895155cce068c	-	keep-verification-facade	R02	Maintained ABI verification facade and workspace gate.
fontdone-c-abi/include/freetype/ftglyph.h	170	file	f6fdab474a95bbf9ba7aac4f7deb3215440061676b902f64d731a28e5eabaab1	-	keep-verification-facade	R02	Maintained ABI verification facade and workspace gate.
fontdone-c-abi/include/freetype/ftgxval.h	170	file	cfe2a7ef9e833bd9cba720723e3e97a640952a54b78e0621ddae17735241a847	-	keep-verification-facade	R02	Maintained ABI verification facade and workspace gate.
fontdone-c-abi/include/freetype/ftgzip.h	168	file	de68a391d556b6b6e87999d1b8f8592b21bbac9f005c335f5876be97e186b4f4	-	keep-verification-facade	R02	Maintained ABI verification facade and workspace gate.
fontdone-c-abi/include/freetype/ftimage.h	170	file	eb6ac375080ecea08e2181593bfd3bddda7e1f4d1009aedb40d83bced67ab014	-	keep-verification-facade	R02	Maintained ABI verification facade and workspace gate.
fontdone-c-abi/include/freetype/ftincrem.h	172	file	fb0c890be58e6f74233f9f8d3ccf31936fb4d3761caf50539b30c58530b46b1a	-	keep-verification-facade	R02	Maintained ABI verification facade and workspace gate.
fontdone-c-abi/include/freetype/ftlcdfil.h	172	file	ca8e7e0a73617775f7790955c3ed65e495dbf97e15db22f593c03356039cd318	-	keep-verification-facade	R02	Maintained ABI verification facade and workspace gate.
fontdone-c-abi/include/freetype/ftlist.h	168	file	1510ed3ef780488988d93561e9a284128c6ac1865c0cb93d67b63b4145425287	-	keep-verification-facade	R02	Maintained ABI verification facade and workspace gate.
fontdone-c-abi/include/freetype/ftlogging.h	174	file	29e1df20fe2f05c04a23fd606517291a38bda58276f1e589b413a97beb4a1241	-	keep-verification-facade	R02	Maintained ABI verification facade and workspace gate.
fontdone-c-abi/include/freetype/ftlzw.h	166	file	e3d98600d2c3a9a159b2bdf7267c98eca999c65326f7fd025a2e0f3864eef15d	-	keep-verification-facade	R02	Maintained ABI verification facade and workspace gate.
fontdone-c-abi/include/freetype/ftmac.h	166	file	87d66cf915123208f88a5f9992d3d700f506ccd5c0085e277787c265e7512300	-	keep-verification-facade	R02	Maintained ABI verification facade and workspace gate.
fontdone-c-abi/include/freetype/ftmm.h	164	file	9a349c70b0cdb1156ecd138dc6f9b3bfb0780f66df630e987396a066309d4c8f	-	keep-verification-facade	R02	Maintained ABI verification facade and workspace gate.
fontdone-c-abi/include/freetype/ftmodapi.h	172	file	0f80e347cfc1ccbb9e74de1e67f050b0b02fd1ec897056e78fc6d6e6f920ce47	-	keep-verification-facade	R02	Maintained ABI verification facade and workspace gate.
fontdone-c-abi/include/freetype/ftmoderr.h	172	file	181c0d30cad38ebdcdfa3522f2b907168166884bd861fb829036f2f677351886	-	keep-verification-facade	R02	Maintained ABI verification facade and workspace gate.
fontdone-c-abi/include/freetype/ftotval.h	170	file	e566371e98e314aa86895db7d2ceabfa7151a41b2fbe3675be405331df19fd46	-	keep-verification-facade	R02	Maintained ABI verification facade and workspace gate.
fontdone-c-abi/include/freetype/ftoutln.h	170	file	2a812ee0f15edce8965cdc780de0f08c7b4b8db56f511b59933a050e0149fece	-	keep-verification-facade	R02	Maintained ABI verification facade and workspace gate.
fontdone-c-abi/include/freetype/ftparams.h	172	file	87847b7bdbff385f9ee9c005a0abbed1270a8a3999d97b1e6e7a298e384e76eb	-	keep-verification-facade	R02	Maintained ABI verification facade and workspace gate.
fontdone-c-abi/include/freetype/ftpfr.h	166	file	767eb59db9a357bd3126869c760c8426a0b36316800f21345dccbbdb31a4f398	-	keep-verification-facade	R02	Maintained ABI verification facade and workspace gate.
fontdone-c-abi/include/freetype/ftrender.h	172	file	0542cd728dc7b66224f0b8d80b0867189f11b8febc42f9617eb9155cc1c80127	-	keep-verification-facade	R02	Maintained ABI verification facade and workspace gate.
fontdone-c-abi/include/freetype/ftsizes.h	170	file	27e08968ce903118fb9cd916edc629e1533e5606eea14eb43c49505735a59788	-	keep-verification-facade	R02	Maintained ABI verification facade and workspace gate.
fontdone-c-abi/include/freetype/ftsnames.h	172	file	7306b1106a651536e71e9ca54c14baf82dca2ffd733523c27cbf6cd4d5c8ffb1	-	keep-verification-facade	R02	Maintained ABI verification facade and workspace gate.
fontdone-c-abi/include/freetype/ftstroke.h	172	file	c88dca525255e975fca5208bc428308c0506def9518396e0c1f659838825e169	-	keep-verification-facade	R02	Maintained ABI verification facade and workspace gate.
fontdone-c-abi/include/freetype/ftsynth.h	170	file	8fa0c1c9f8d1558c41e4f5df0112fe0d22c79d8a3ac48dd61844a45339d88691	-	keep-verification-facade	R02	Maintained ABI verification facade and workspace gate.
fontdone-c-abi/include/freetype/ftsystem.h	172	file	3e7a7e27d121a15a82beb6348f6ccb8e1657a757eb631e6fb63cf0c15e44f0f5	-	keep-verification-facade	R02	Maintained ABI verification facade and workspace gate.
fontdone-c-abi/include/freetype/fttrigon.h	172	file	50949bbf3bd0265a0a2c4daf43a562fd7b993ec2d8496eeaf2014926f4df4cbe	-	keep-verification-facade	R02	Maintained ABI verification facade and workspace gate.
fontdone-c-abi/include/freetype/fttypes.h	170	file	cd326e7f5cb1cf74c72630ea9d1998aec3ca9f97f3ca31d0b26b51ece608ddf8	-	keep-verification-facade	R02	Maintained ABI verification facade and workspace gate.
fontdone-c-abi/include/freetype/ftwinfnt.h	172	file	62eb1cc356289aad7a53a59c20c0f37c91d9fb07adc03e4cb25c5e4594110868	-	keep-verification-facade	R02	Maintained ABI verification facade and workspace gate.
fontdone-c-abi/include/freetype/otsvg.h	166	file	06927c06caa67e5e039b57251419dd539eda4fcfa617c444d48bbcf414fcf34c	-	keep-verification-facade	R02	Maintained ABI verification facade and workspace gate.
fontdone-c-abi/include/freetype/t1tables.h	172	file	ebedeb1e7af6193d15de6e1e563b76d752cbc159eb9d4b1e867c9f24951cc4f6	-	keep-verification-facade	R02	Maintained ABI verification facade and workspace gate.
fontdone-c-abi/include/freetype/ttnameid.h	172	file	4e4ef18e2e50585c1949be746c408ef9e4bf2e969a4da58d8bbdcc02705f79e3	-	keep-verification-facade	R02	Maintained ABI verification facade and workspace gate.
fontdone-c-abi/include/freetype/tttables.h	172	file	7b6d2097c223508906a9feef627b0b85386be1c34c9d8a1da326f9048df6ff5e	-	keep-verification-facade	R02	Maintained ABI verification facade and workspace gate.
fontdone-c-abi/include/freetype/tttags.h	168	file	c3c302456380fc2092dc5f903ad24ee53cdfa36a2b1c661e684fcd4e3087bcfa	-	keep-verification-facade	R02	Maintained ABI verification facade and workspace gate.
fontdone-c-abi/include/ft2build.h	3481	file	3a65238d1e7bfe1ec6e50ec068218c96497526a1cbc56b02331c839d0ce15df9	-	keep-verification-facade	R02	Maintained ABI verification facade and workspace gate.
fontdone-c-abi/src/implementation.rs	441983	file	6c7a62e31359d7e7b934383af85cc18123c546d1d88f15c508b211aa1091cc93	-	keep-verification-facade	R02	Maintained ABI verification facade and workspace gate.
fontdone-c-abi/src/lib.rs	11269	file	d07a06fe0377d6d5e3bf761315a6d776faa9a0fe231109beede44abfba08cdc7	-	keep-verification-facade	R02	Maintained ABI verification facade and workspace gate.
fontdone-wasm/Cargo.toml	1748	file	9bfe84bc9168bd9603839c21982a6375b775741d3b1306808b9a655f3a3a23f7	-	keep-verification-facade	R02	Maintained ABI verification facade and workspace gate.
fontdone-wasm/FTL.TXT	6743	file	5a5ee54c5001bbad1cdc1a57cc3dd4c42199b2da09d39c7ee41fab002d02967f	-	keep-verification-facade	R02	Maintained ABI verification facade and workspace gate.
fontdone-wasm/LICENSE	6743	file	5a5ee54c5001bbad1cdc1a57cc3dd4c42199b2da09d39c7ee41fab002d02967f	-	keep-verification-facade	R02	Maintained ABI verification facade and workspace gate.
fontdone-wasm/NOTICE.md	1273	file	fb2d66458e48f7c5341d1847d985c0364129ecf4d3938db67382b5395756acef	-	keep-verification-facade	R02	Maintained ABI verification facade and workspace gate.
fontdone-wasm/README.md	7338	file	be30f3e6d44993d79d636695b6716055b9a0eb7d15da6a2a47de909112c81d6a	-	keep-verification-facade	R02	Maintained ABI verification facade and workspace gate.
fontdone-wasm/abi.json	139790	file	2b0f7f83780afbd439b732c920ef619c7058b89f063e899e34e2ed28a4961cad	-	keep-verification-facade	R02	Maintained ABI verification facade and workspace gate.
fontdone-wasm/examples/check_exports.mjs	1231	file	3f83c636cbb9951915246cb8f93e8f67b055b6f790858ef4c98347a043a64365	-	keep-verification-facade	R02	Maintained ABI verification facade and workspace gate.
fontdone-wasm/examples/node.mjs	3541	file	f10b0fccf090488379df225f0d7eb0e809329c02033ff9daecc4a469cba1976c	-	keep-verification-facade	R02	Maintained ABI verification facade and workspace gate.
fontdone-wasm/fontdone_wasm.d.ts	1248	file	fbef857b1b33f3185e0a45d81a581e0a5208b5f067dde200ebebe0ab4c62b331	-	keep-verification-facade	R02	Maintained ABI verification facade and workspace gate.
fontdone-wasm/src/implementation.rs	295681	file	2da2c29b94f4e6750bd246a73719e4216ed8460aea352d8875779a5020cb713f	-	keep-verification-facade	R02	Maintained ABI verification facade and workspace gate.
fontdone-wasm/src/lib.rs	13218	file	76956c0190c4473d39fed2ddb5627238a2457a5f5a7783c7eef2f8bcc2ffecbf	-	keep-verification-facade	R02	Maintained ABI verification facade and workspace gate.
requirements-font-generation.txt	127	file	138e6ff04e827a0c8f2ac9f1ad40d46ebe02554f8ba8dce1e5c513007529dd1f	-	keep-root-contract	R02	Root build, package, license, release, agent, or project contract.
rust-toolchain.toml	66	file	4d0674575b116a100c7d0ad754308dc6dea178b4808c760afc43136db967c7a6	-	keep-root-contract	R02	Root build, package, license, release, agent, or project contract.
rustfmt.toml	453	file	74ac84621f9feff709eaf99e80251d4228a1b6c777c554a828c09e7acae25f1c	-	keep-root-contract	R02	Root build, package, license, release, agent, or project contract.
scripts/audit_api_abi.py	128041	file	0a32b8067789d3a0fb68850e5d2532d7bc18701385dc0ad535c16f0a06d7e500	-	keep-tooling	R06	Maintained oracle, audit, benchmark, or deterministic generation tooling.
scripts/audit_repository_files.py	9290	file	0c1cf2c5521ad12eb1150121b5626f29849827223f3bd7f22cb33ed6f24598ab	-	keep-tooling	R06	Maintained oracle, audit, benchmark, or deterministic generation tooling.
scripts/bench_freetype.py	81265	file	0fdd8b264a167418858bab84a88f217188f514eea292efe6b3d28d3747e49f80	-	keep-tooling	R06	Maintained oracle, audit, benchmark, or deterministic generation tooling.
scripts/bench_ft_ops.c	11861	file	ae49f9ccc35df5eb7c79add7359138b7ae1313e3efdb34f6c88f59a93d9ddfef	-	keep-tooling	R06	Maintained oracle, audit, benchmark, or deterministic generation tooling.
scripts/build_compressed_fixtures.py	5384	file	3a5a143888ee4fd5e778fb2072dce2e7874e7801d59eb1aed9af218fd8d41f6b	-	keep-tooling	R06	Maintained oracle, audit, benchmark, or deterministic generation tooling.
scripts/build_external_c_oracle.py	41181	file	1729c021c3566dc8f965732ca1b1cad66e0e51dd31d8517b0165f10d4c3c1f39	-	keep-tooling	R06	Maintained oracle, audit, benchmark, or deterministic generation tooling.
scripts/build_ft.sh	1458	file	f691270848ea01aaf108cd65b9a01536b149bf6d3805a42afd2579e5eb615823	-	keep-tooling	R06	Maintained oracle, audit, benchmark, or deterministic generation tooling.
scripts/build_unified_oracle.py	13148	file	b19d5861bd9b4584179f311d70fa6ab11f958505a037cbb0e8db795be8db9a86	-	keep-tooling	R06	Maintained oracle, audit, benchmark, or deterministic generation tooling.
scripts/check_c_exports.py	6393	file	58039eadf1ca8586f87bd34a0edae1ca16c847bfc70d34760165eb4593fffd79	-	keep-tooling	R06	Maintained oracle, audit, benchmark, or deterministic generation tooling.
scripts/check_documentation.py	39149	file	392649b5d88557f8bfa9d86ba143f3b2a14d2bf729fffecc139065f5d5b60874	-	keep-tooling	R06	Maintained oracle, audit, benchmark, or deterministic generation tooling.
scripts/check_public_api_inputs.py	451218	file	b79aae030c3502c054696448c59896580e93043bf50d6b53864e456b3c3dedf7	-	keep-tooling	R06	Maintained oracle, audit, benchmark, or deterministic generation tooling.
scripts/check_rustdoc_contracts.py	7273	file	509bad55e91bbf3671c1980cad84a1d1757b423b51dbdb5cac2cdcdf4a616898	-	keep-tooling	R06	Maintained oracle, audit, benchmark, or deterministic generation tooling.
scripts/extract_blues.py	9319	file	688e6a765d9f18b0a1d67d2808a47a8feb907b856daa436ce618d6fb8f55884d	-	keep-tooling	R06	Maintained oracle, audit, benchmark, or deterministic generation tooling.
scripts/fetch_ft.sh	1556	file	a27cbac1dffdd0e8166ba74e86cd84f8521d46f75401c9d78f9e6ec1c7061cda	-	keep-tooling	R06	Maintained oracle, audit, benchmark, or deterministic generation tooling.
scripts/font_generation/README.md	9691	file	33809e1797bf2b0ae5071e9415fb840406a12ed8b25ab37444bbbdb00d2f19e8	-	keep-tooling	R06	Maintained oracle, audit, benchmark, or deterministic generation tooling.
scripts/font_generation/build_autohint_script_fixtures.py	86614	file	c1d2f4bf9e21a9df82e5cc63ce490c7ce7968f2f3734fdf68b37d8c33f1c75ce	-	keep-tooling	R06	Maintained oracle, audit, benchmark, or deterministic generation tooling.
scripts/font_generation/build_cff_fixtures.py	32682	file	7bb3e254ca8a1bd6c38dd287c6fb73099253b2d4f4cd872ff9c73cae9e1a4724	-	keep-tooling	R06	Maintained oracle, audit, benchmark, or deterministic generation tooling.
scripts/font_generation/build_cmap_fixtures.py	14008	file	3ef2cf0b09231957346ead0b05d90816dafbc3cf9ea5e5db17858bd10a048743	-	keep-tooling	R06	Maintained oracle, audit, benchmark, or deterministic generation tooling.
scripts/font_generation/build_cpal_palette_fixtures.py	27019	file	cfa4f76822bd116fd1745530e7cdb1a32dfa95bc0572d88fe5277d67650a6eb9	-	keep-tooling	R06	Maintained oracle, audit, benchmark, or deterministic generation tooling.
scripts/font_generation/build_ftmm_future_variable_fixtures.py	1784	file	5a6a559aa0050f7303b4d5c1dcb50d2450da877a99b40f37fec515cec979444a	-	keep-tooling	R06	Maintained oracle, audit, benchmark, or deterministic generation tooling.
scripts/font_generation/build_fvar_fixtures.py	10487	file	5fae245c72d7f154259361eb8409eff6f3dc82212a9ea8f9a4a8bb9925ceea39	-	keep-tooling	R06	Maintained oracle, audit, benchmark, or deterministic generation tooling.
scripts/font_generation/build_gasp_fixtures.py	5062	file	f817ca3390dfe51e29335cd84c37a8cecbff5a2119ee5445c0672a8751ed50e2	-	keep-tooling	R06	Maintained oracle, audit, benchmark, or deterministic generation tooling.
scripts/font_generation/build_gxvalid_fixtures.py	3341	file	f30470ccf2812e6319d894809dc42f563f919f9d7df95414c42c0548ee7bcc15	-	keep-tooling	R06	Maintained oracle, audit, benchmark, or deterministic generation tooling.
scripts/font_generation/build_hinter_edge_fixtures.py	19376	file	81312be89fd0f4fd69c32727d155dbcedab63eb42f5396695a0d93dd3c6b193d	-	keep-tooling	R06	Maintained oracle, audit, benchmark, or deterministic generation tooling.
scripts/font_generation/build_metric_fixtures.py	3452	file	c12b79cfc60be6b9589a1113ae673513ab252084900d68a59128c677ac0e3b81	-	keep-tooling	R06	Maintained oracle, audit, benchmark, or deterministic generation tooling.
scripts/font_generation/build_mvar_fixtures.py	2804	file	317451c14c1628576bdfb90ede70fb2cdaf58c4aa58190801f3e76c4cc2d868e	-	keep-tooling	R06	Maintained oracle, audit, benchmark, or deterministic generation tooling.
scripts/font_generation/build_name_fixtures.py	30752	file	b4a0ef92f3ddc8761c7ca4a513097801bdc1378a75774a20be3175e0cd15e9be	-	keep-tooling	R06	Maintained oracle, audit, benchmark, or deterministic generation tooling.
scripts/font_generation/build_pcf_fixtures.py	4520	file	ab03b3cc44304d134f000eeb691b7ad828bd3658b833c7dd79698eb8a24b79af	-	keep-tooling	R06	Maintained oracle, audit, benchmark, or deterministic generation tooling.
scripts/font_generation/build_pfr_fixtures.py	3401	file	1faa4172d86335ddbf7c987bc9cea957c18f725e69eb9c244d95291e816aba02	-	keep-tooling	R06	Maintained oracle, audit, benchmark, or deterministic generation tooling.
scripts/font_generation/build_post_fixtures.py	6238	file	29272c3ce1dd9f2bddeab5e7ec7a545d286ca7db5d7788df388de6a4d90742f2	-	keep-tooling	R06	Maintained oracle, audit, benchmark, or deterministic generation tooling.
scripts/font_generation/build_render_fixtures.py	11201	file	6d2dd4ac0072ed06217a21a6bea5173cb88e5ceabf7b636a2d1afef4c3e4b1ff	-	keep-tooling	R06	Maintained oracle, audit, benchmark, or deterministic generation tooling.
scripts/font_generation/build_sbit_fixtures.py	44049	file	52f0715e3cc1f8d00144de9de73b6e1ded6880a175e3fdbeb94a4a8c9a39734a	-	keep-tooling	R06	Maintained oracle, audit, benchmark, or deterministic generation tooling.
scripts/font_generation/build_sfnt_fixtures.py	10279	file	4640db8af54a34f98cecf08ef60c2b91ca5d305b711458080eee084963fa48bf	-	keep-tooling	R06	Maintained oracle, audit, benchmark, or deterministic generation tooling.
scripts/font_generation/build_svg_fixtures.py	2479	file	fd16d152cf39ae623393346fcfe4ad004c9bdf9bb91a1d41b383515d2d792d0d	-	keep-tooling	R06	Maintained oracle, audit, benchmark, or deterministic generation tooling.
scripts/font_generation/build_type1_fixtures.py	17281	file	52986207fc3b00fe61e0a5a1ff1fba9077904c4b254848d3097ac8b2e7d3b75c	-	keep-tooling	R06	Maintained oracle, audit, benchmark, or deterministic generation tooling.
scripts/font_generation/build_type42_fixtures.py	3522	file	13fc9f2ee875760681c469c7fe07f28d64d9715924f81f1ce779abe36da84a47	-	keep-tooling	R06	Maintained oracle, audit, benchmark, or deterministic generation tooling.
scripts/font_generation/generate_malformed_bdf_fixtures.py	3194	file	89123b8d972d23fadb063b619c5b8e42f1964901c490ddf6edff3396c41c637a	-	keep-tooling	R06	Maintained oracle, audit, benchmark, or deterministic generation tooling.
scripts/font_generation/generate_winfnt_fixtures.py	4842	file	66132995b881c3a91ebe9aea124e287f19cf16cffbafa4345e5d548ede5a2c5d	-	keep-tooling	R06	Maintained oracle, audit, benchmark, or deterministic generation tooling.
scripts/gen_unified_oracle.c	1276387	file	f43042db0192d20c6fef8f27eac75efa59dc904a993899fae66f4f5a8b501205	-	keep-tooling	R06	Maintained oracle, audit, benchmark, or deterministic generation tooling.
scripts/generate_c_contract_headers.py	3143	file	74c4a64476cae43283b2d71140388d0f7270a225fe79628910038b8cc45dbf67	-	keep-tooling	R06	Maintained oracle, audit, benchmark, or deterministic generation tooling.
scripts/generate_c_contract_macros.py	4118	file	b4674f200027fdc6f9334a871b32d7734a999351334a8faea01f34a130f6a7ed	-	keep-tooling	R06	Maintained oracle, audit, benchmark, or deterministic generation tooling.
scripts/generate_public_constants.py	7558	file	e0fe6503a0ab2da278124604a4e645cd3956c43a9af353942d1b386d8ed0a38d	-	keep-tooling	R06	Maintained oracle, audit, benchmark, or deterministic generation tooling.
scripts/generate_support_matrix.py	7645	file	c0f00644ccd1a13d2d828baf5135ffb9296b7ed398c713d29d68ff217856d761	-	keep-tooling	R06	Maintained oracle, audit, benchmark, or deterministic generation tooling.
scripts/generate_wasm_contract.py	11956	file	49ab60be437b72cf107c8133ba77019f2bde442b9ef9ea838fec42260f0f0dba	-	keep-tooling	R06	Maintained oracle, audit, benchmark, or deterministic generation tooling.
scripts/oracle_validator_modules.cmake	1406	file	88cce56df53ce5a215d2114e68cccd2255e8fbe107b64d14adf1a4d99bb65fd0	-	keep-tooling	R06	Maintained oracle, audit, benchmark, or deterministic generation tooling.
scripts/publish_release.py	3143	file	2ee11d09fadbdf2e5f1c1dabc0f24f441c3617d01c02fb21ebca91735b72f441	-	keep-tooling	R06	Maintained oracle, audit, benchmark, or deterministic generation tooling.
scripts/report_pending_route_buckets.py	3500	file	260eb78039a0c7d3b4dc9adf69eeced1a8071ede066d7b60c6ec65501e4aaa5e	-	keep-tooling	R06	Maintained oracle, audit, benchmark, or deterministic generation tooling.
scripts/run_runtime_parity.py	12775	file	ecf906eb8ca46ee1b3c992977b845999cc6fa3c47f915873f096ac488b8e5ea0	-	keep-tooling	R06	Maintained oracle, audit, benchmark, or deterministic generation tooling.
scripts/sync_package_licenses.py	1200	file	840f5b1c45bd99b7ab2477e12a835d3ff9e0a69fe58d5f5a011c0b57dfbbed2d	-	keep-tooling	R06	Maintained oracle, audit, benchmark, or deterministic generation tooling.
scripts/test_c_consumer.py	18969	file	f4474241ff512edab88d824d6c4e79f91c54a6541723d78a26336f6b1d8e8d65	-	keep-tooling	R06	Maintained oracle, audit, benchmark, or deterministic generation tooling.
scripts/test_rust_consumer.py	1140	file	bafe18d0313cc62551e0bebbf2e567b37bcae3a4d61b4e693779cd4f2174a62e	-	keep-tooling	R06	Maintained oracle, audit, benchmark, or deterministic generation tooling.
scripts/test_wasm_consumer.py	1995	file	5bc99613afeb0e3b8e6af09a3e8ff1356a284add969bbe0106b002965f2cef60	-	keep-tooling	R06	Maintained oracle, audit, benchmark, or deterministic generation tooling.
scripts/verify_release.py	12404	file	7e6f91899b85bf7711542fccf46e2ea4aa119c730e70f479b06b41741b237fcb	-	keep-tooling	R06	Maintained oracle, audit, benchmark, or deterministic generation tooling.
src/api.rs	66664	file	4def5f0ad9f487332e6c685d86f86f1e5bad7116c2e6bd3771268a4113abfc7c	-	keep-runtime	R01	Published pure-Rust runtime source.
src/autohint/blue_strings.rs	54107	file	bf3bb9470d2cb549c05231b05c6c0b54b5f74297ab3dd827a81c4c9cc66c7fbc	-	keep-runtime	R01	Published pure-Rust runtime source.
src/autohint/cjk.rs	40540	file	985e50f6ef473d3c4aab5b762af940a07d4fbe77b72d3828618304ad1afa18e6	-	keep-runtime	R01	Published pure-Rust runtime source.
src/autohint/coverage.rs	6853	file	92d7d81221b479f6b6305cc4b73e57310fdf328b26650df62a6529527f39b51f	-	keep-runtime	R01	Published pure-Rust runtime source.
src/autohint/globals.rs	19116	file	6ad96d3edc8331d376d0b63fbdc6f3a43ac1c58c07d50c34fb389e477d3d688f	-	keep-runtime	R01	Published pure-Rust runtime source.
src/autohint/globals_data.rs	55827	file	769a20e9f54e45e7ceee8c4afdd4964b5fe948d7c2dd577eae921b0e96f3fe2e	-	keep-runtime	R01	Published pure-Rust runtime source.
src/autohint/latin.rs	212572	file	4bfdb405c8ba5dede8791b77393532decaa34db2793298e85b1d62237f41a140	-	keep-runtime	R01	Published pure-Rust runtime source.
src/autohint/loader.rs	16460	file	6f5157d9dc99ee679e8769dfcca9a88bd1f3603c1a0d5b89841d2846cea360ae	-	keep-runtime	R01	Published pure-Rust runtime source.
src/autohint/mod.rs	1789	file	0b511ea3d22c0b3da36db0ddc3eeae0b85161331058e5798a85c777a82e97c8e	-	keep-runtime	R01	Published pure-Rust runtime source.
src/autohint/types.rs	13599	file	2183c65314d2be4967b7c7c864f046af1481957bd3bd78ca2b06354d29a5b9d7	-	keep-runtime	R01	Published pure-Rust runtime source.
src/casts.rs	5302	file	59b038bbd93c0e54b902106984f39cac037190a71ed89ddefe348f6acff67fd7	-	keep-runtime	R01	Published pure-Rust runtime source.
src/error.rs	8209	file	826d8e64f17705fa58f15c47724457bf60e285fee624eb581a9655a5830f9370	-	keep-runtime	R01	Published pure-Rust runtime source.
src/ffi/constants.rs	7125	file	8d35fd175ba401a0438b754094a0ab16816caa1ad35847d1c181a82848672f53	-	keep-runtime	R01	Published pure-Rust runtime source.
src/ffi/convert.rs	13969	file	b16c6b96de9d900b65506e56abe854ce13de7b648dc2297bc6b815446e0813c1	-	keep-runtime	R01	Published pure-Rust runtime source.
src/ffi/generated_constants.rs	48665	file	923d866b8f24e0ecb80dc841eb556b6f528532ddbfb585ee349f5d7354123a50	-	keep-generated-source	R10	Generated source required to build the runtime crate without the offline oracle.
src/ffi/handles.rs	521020	file	1fe9309b8b24043903f15a60a66a99307c303c638745b6c440f761b97d9f0758	-	keep-runtime	R01	Published pure-Rust runtime source.
src/ffi/mod.rs	12249	file	3679fd4ce7e7c9d07ceb0177de2abb4077259c10fc86d49bb7138930b01f65af	-	keep-runtime	R01	Published pure-Rust runtime source.
src/ffi/types.rs	39206	file	75e6000ce97a38753ef50eddf907ae33217beeede98673fa873537a1bdf538d2	-	keep-runtime	R01	Published pure-Rust runtime source.
src/fixed.rs	18666	file	8fcdf8158fd8a50574fcf37f31362cadafc440cfbde7f7ff10ce1669fdf9da83	-	keep-runtime	R01	Published pure-Rust runtime source.
src/font.rs	278280	file	5c75c142963ad076f9e05dbc86df7f16a2733f7e4d463e82562c5af468c2d00f	-	keep-runtime	R01	Published pure-Rust runtime source.
src/grays.rs	40113	file	80087b7281ce535ff3272b74a14dc925506db15fcccea63621d788e1b3df84a3	-	keep-runtime	R01	Published pure-Rust runtime source.
src/lib.rs	4410	file	00d8e5db952162c50d00b4a860503fed82105c8f1dc2a654c6c1fe26d3baffa5	-	keep-runtime	R01	Published pure-Rust runtime source.
src/outline.rs	1929	file	041ef18b3895b7801bfb78766da6056245bceb976f0b08b81fa49510f2ed3c0d	-	keep-runtime	R01	Published pure-Rust runtime source.
src/pfr.rs	14208	file	2e2f63fc05da4307923f013061874181905bc54b5f816bafc621c7151ea8393e	-	keep-runtime	R01	Published pure-Rust runtime source.
src/render.rs	96890	file	1d0da3d28173c4cb0ac9c8031f266092183c558c6f480fad74ec948fd2094052	-	keep-runtime	R01	Published pure-Rust runtime source.
src/scaler.rs	65795	file	d746c8100d03f8cebb82cc44f241c038d70a34a61a31601a2908afb68040caae	-	keep-runtime	R01	Published pure-Rust runtime source.
src/tables.rs	13483	file	a463f9f812929a7b6e785ebb9a9e4413c07064f1a32d400387ba8b8e36aac389	-	keep-runtime	R01	Published pure-Rust runtime source.
src/tt/cff.rs	40162	file	c75201e9d40c31b4b11411679442135eb6183e322d984eaec978d1005e081335	-	keep-runtime	R01	Published pure-Rust runtime source.
src/tt/cmap.rs	38131	file	33935cef1a32be12287a8dd003befb2fda6e14fd38f0fb2a974eaa66d757b75b	-	keep-runtime	R01	Published pure-Rust runtime source.
src/tt/fvar.rs	4897	file	965e7c2e18b040627a7e2015f3f72c10d7973a58b3af8f8830daa373d61aa1dc	-	keep-runtime	R01	Published pure-Rust runtime source.
src/tt/gasp.rs	2423	file	d8398f9b2545d724b81bd2bc6263864742204bd55380dcab3ec2bee2a90e3126	-	keep-runtime	R01	Published pure-Rust runtime source.
src/tt/glyf.rs	29946	file	e0d706d66f0bbae6ffd4395f3bf2bfdb4c3bd249ddaaf11ed4722b0927d4a336	-	keep-runtime	R01	Published pure-Rust runtime source.
src/tt/gvar.rs	16829	file	1c8fb0e8d586d622c91bee2130ac02a45b04c3113cfac0124b827402c6ae6a94	-	keep-runtime	R01	Published pure-Rust runtime source.
src/tt/hdmx.rs	2748	file	681f64d06ca382ee6433063801aed417038b8186d0a7c7e978c837db7f2cd6e7	-	keep-runtime	R01	Published pure-Rust runtime source.
src/tt/head.rs	3402	file	25f245359530a16b178c8276e0288fc3cbaf04e8f78cfaa441a95c5691b35765	-	keep-runtime	R01	Published pure-Rust runtime source.
src/tt/hhea.rs	1207	file	833ee991dd671e55275d36245f4781f9d44a4076008bdbddb42070d3c13d0927	-	keep-runtime	R01	Published pure-Rust runtime source.
src/tt/hinter/exec.rs	113544	file	6edcfcc80aeaa6bc6fc0e230489c570805f0e0de93624a5373646c67f42d534c	-	keep-runtime	R01	Published pure-Rust runtime source.
src/tt/hinter/gs.rs	12677	file	ba6e50c3abcbc304609dc87e8935a36ea9e518f352330ae001ccfe57c1dd43e0	-	keep-runtime	R01	Published pure-Rust runtime source.
src/tt/hinter/iup.rs	5234	file	0f7f4df18b11ededa9bbdda817874d6df1c3518fbe4790d4f08ad56d3003ffee	-	keep-runtime	R01	Published pure-Rust runtime source.
src/tt/hinter/mod.rs	18009	file	9c0de0381c0514f64a62d9c6018f85ca4c2bb9ff65e6457c449e347261da9d9a	-	keep-runtime	R01	Published pure-Rust runtime source.
src/tt/hinter/tables.rs	2911	file	6e7c177a4e988ed454e932a2f30d2b51c1fb5f168a68e00d0b4c51992e40d6fe	-	keep-runtime	R01	Published pure-Rust runtime source.
src/tt/hinter/zone.rs	3573	file	03187da34d460d963fad19de792b4b7f30d09935f485ac729f53f0eeb8cc6c19	-	keep-runtime	R01	Published pure-Rust runtime source.
src/tt/hmtx.rs	2790	file	5bcabeca2555bddcf59f09cd06f4cd7f1aad03557d2eaba0234670cba7aa5cff	-	keep-runtime	R01	Published pure-Rust runtime source.
src/tt/hvar.rs	2419	file	f0e5c2336e049c5d1a16246967919d20095b27848b3dbfd5949c80005a2b20ec	-	keep-runtime	R01	Published pure-Rust runtime source.
src/tt/kern.rs	2755	file	4b2955a2f419373dcb8eb8a8126644e39aaea120b84a7031251d96839a67a8ef	-	keep-runtime	R01	Published pure-Rust runtime source.
src/tt/loca.rs	3173	file	409ef0ad548dd59955e56dea3b6cfcda39701c7fd36ac2453bfd8597bd166da2	-	keep-runtime	R01	Published pure-Rust runtime source.
src/tt/maxp.rs	3118	file	429ec75c7aa60f8e36aae2a7e48bce49c31f7251bdb3126ff3467770490db971	-	keep-runtime	R01	Published pure-Rust runtime source.
src/tt/mod.rs	6838	file	dca5a05f40559dedee414548703c38b9c81991bf25b602e8a5839a232f593018	-	keep-runtime	R01	Published pure-Rust runtime source.
src/tt/mvar.rs	3971	file	e5929e6fc95945b6d74a4fa0da321e6942c940da2c60f6589dab75365d29ccb6	-	keep-runtime	R01	Published pure-Rust runtime source.
src/tt/name.rs	17640	file	807be208c125a706e621828ff8793a13e5d33425472744e8b60918ea93783954	-	keep-runtime	R01	Published pure-Rust runtime source.
src/tt/os2.rs	7249	file	eca0f420ef51f9e1b327caa0d49684b0e302499fba4bf9f8cc9916a1507522de	-	keep-runtime	R01	Published pure-Rust runtime source.
src/tt/post.rs	8905	file	389c32f1b1bb9df4ddd1d9eb17361fcbef5a25290edc5f792e62bad45823e7e4	-	keep-runtime	R01	Published pure-Rust runtime source.
src/tt/sbit.rs	33776	file	ea831bb4aae69513ba439f19dd83230d7ac4b380e62b259e52129e9c90d51a1a	-	keep-runtime	R01	Published pure-Rust runtime source.
src/tt/svg.rs	8078	file	945bb2321d835c67fb70c029910862fc7bf31f3ee05bfaf3f4e7427f71d3fea7	-	keep-runtime	R01	Published pure-Rust runtime source.
src/tt/varstore.rs	12342	file	aac02a950bd62a500332871577ff6dfbf8149f1839db34c36cb517844e934365	-	keep-runtime	R01	Published pure-Rust runtime source.
src/tt/vhea.rs	795	file	80835cb30dc06d39fa7d3479c46b93ed636c1fdcf68527c41617cb5bddf92846	-	keep-runtime	R01	Published pure-Rust runtime source.
src/tt/vmtx.rs	2753	file	07158df982ce8e4a2e1d406a1c62ff3d28f03af8f8113e45cb11709de843f459	-	keep-runtime	R01	Published pure-Rust runtime source.
tests/data/c_contract_inventory.json	18575	file	18971c9d993176afce82a66c33d7a15be8c33abef17c2c274daf71c6b2e06858	-	keep-test-contract	R03	Maintained parity test, contract, focused fixture, source, or support file.
tests/data/interface_map.json	46964	file	32fb23f2c7233f4aaf6a6dd54904f7e06e60291e4e93b9191646bc98f89d8ce5	-	keep-test-contract	R03	Maintained parity test, contract, focused fixture, source, or support file.
tests/data/perf_operation_matrix.json	6903	file	ee6f060cfd1bd0d3b034f8831a4b8fcbe3608cca6e2090bfa2af31f824ab0a97	-	keep-test-contract	R03	Maintained parity test, contract, focused fixture, source, or support file.
tests/external/rust-consumer/Cargo.toml.in	166	file	77e105e8689e3c60141f92f3982a4a7647e4f86b473e02f81704363f962aae55	-	keep-test-contract	R03	Maintained parity test, contract, focused fixture, source, or support file.
tests/external/rust-consumer/src/main.rs	1249	file	fabf68dc5c71d4cfbca671dc63151a15e8a9f69c46761b054e8a8d345924c715	-	keep-test-contract	R03	Maintained parity test, contract, focused fixture, source, or support file.
tests/facade_contracts.rs	15159	file	ee8c7c2612494adc095e96cc18917adab530706a0858f29e7c92c6968634ccde	-	keep-test-contract	R03	Maintained parity test, contract, focused fixture, source, or support file.
tests/fixtures/THIRD_PARTY_NOTICES.md	2882	file	dad369439f83be906b9f194bf9a68275428d115f37c65d6b08054c9985f4606e	-	keep-test-contract	R03	Maintained parity test, contract, focused fixture, source, or support file.
tests/fixtures/compressed/bzip2/not-bzip2.bin	30	file	f0bd10fc2ef9ac5ff8ba855a95fc17a63515a8a93b42d76c8a73c7e223fe5154	-	keep-test-contract	R03	Maintained parity test, contract, focused fixture, source, or support file.
tests/fixtures/compressed/bzip2/small-streams.json	242	file	b2ef79426ee502cd752fe751f9d523ce1d1b1e102fca101e96c6fa0a9ffa65ff	-	keep-test-contract	R03	Maintained parity test, contract, focused fixture, source, or support file.
tests/fixtures/compressed/bzip2/truncated.bz2	3	file	52db1c0fe993c221429e6cd213de70764d05566ab4cd155092b4a82cf195b530	-	keep-test-contract	R03	Maintained parity test, contract, focused fixture, source, or support file.
tests/fixtures/compressed/bzip2/valid-pcf-header.pcf.bz2	45	file	8312ba2dde65abd83821d3bf59df452da16ce96f8dff0036c2c2e17893f1e7cc	-	keep-test-contract	R03	Maintained parity test, contract, focused fixture, source, or support file.
tests/fixtures/compressed/bzip2/valid-pcf-header.raw	8	file	eb7d3c86dc6101a84bd974eaf828b1554f26464410e14d3c7179268c20a13d92	-	keep-test-contract	R03	Maintained parity test, contract, focused fixture, source, or support file.
tests/fixtures/compressed/gzip/empty.gz	20	file	9ceffb7310338057cfe71a4ae1e2c98d2c485d81cdef906532a801f457a38d64	-	keep-test-contract	R03	Maintained parity test, contract, focused fixture, source, or support file.
tests/fixtures/compressed/gzip/empty.raw	0	file	e3b0c44298fc1c149afbf4c8996fb92427ae41e4649b934ca495991b7852b855	-	keep-test-contract	R03	Maintained parity test, contract, focused fixture, source, or support file.
tests/fixtures/compressed/gzip/empty.zlib	8	file	b171e283c6145acf2b923098dbbc40ffc39b4f1db0212928f9869747376c4ac8	-	keep-test-contract	R03	Maintained parity test, contract, focused fixture, source, or support file.
tests/fixtures/compressed/gzip/large-stream.gz	223	file	634486ab4d57cb81e5bbea3e86efa992bf170605abc2ff6e5f04111e152071a5	-	keep-test-contract	R03	Maintained parity test, contract, focused fixture, source, or support file.
tests/fixtures/compressed/gzip/large-stream.raw	49205	file	6ff5071f12629b963bd3bd991e6b991a711cac2edd4d527e1ed6a8d1e0bf4dab	-	keep-test-contract	R03	Maintained parity test, contract, focused fixture, source, or support file.
tests/fixtures/compressed/gzip/small-and-large-streams.json	402	file	05ad9afbc89758cdeeaa4fcb64c92715b8b1dc3e2c3a533781c879c981677629	-	keep-test-contract	R03	Maintained parity test, contract, focused fixture, source, or support file.
tests/fixtures/compressed/gzip/small-stream.gz	54	file	07a1c1b6bf535cba333f4e4d94547518840293c4aefec4ac38aef754906563fa	-	keep-test-contract	R03	Maintained parity test, contract, focused fixture, source, or support file.
tests/fixtures/compressed/gzip/small-stream.raw	464	file	e5b74dfd6e82088ffa98c3dc8cb89a0e1c3c046ac91a69c9342b92bcdfdef41d	-	keep-test-contract	R03	Maintained parity test, contract, focused fixture, source, or support file.
tests/fixtures/compressed/gzip/small-text-and-empty-payloads.json	449	file	de2fb755aeaf09b72cb72ad0de4adabd955fdceb54a83acb412b9312859812a3	-	keep-test-contract	R03	Maintained parity test, contract, focused fixture, source, or support file.
tests/fixtures/compressed/gzip/small-text.gz	67	file	aaed0f4af04d7a8c39a1154c10c068abeca87a787ef679a72752acdc7b7ddc70	-	keep-test-contract	R03	Maintained parity test, contract, focused fixture, source, or support file.
tests/fixtures/compressed/gzip/small-text.raw	48	file	fb63295e83d7e12b2ffc43d720dd072460665db101402f9bc9a80eea54b181b1	-	keep-test-contract	R03	Maintained parity test, contract, focused fixture, source, or support file.
tests/fixtures/compressed/gzip/small-text.zlib	55	file	9e52b027947ca8ed4cde771f86bb1e9a1a1f1e0512aa06754d705aae8e1da3ad	-	keep-test-contract	R03	Maintained parity test, contract, focused fixture, source, or support file.
tests/fixtures/compressed/lzw/invalid-header.bin	28	file	4eb70d259cab5b0210c28342d909327a96630746fa2e9bb4accf2c9e0bd216c3	-	keep-test-contract	R03	Maintained parity test, contract, focused fixture, source, or support file.
tests/fixtures/compressed/lzw/small-streams.json	228	file	3e29be707509fd905e5f40ddd07a8d3af3bfab1bd9c34f13d00dcc7d3986ba40	-	keep-test-contract	R03	Maintained parity test, contract, focused fixture, source, or support file.
tests/fixtures/compressed/lzw/small-valid-pcf.Z	12	file	2b4d1091e98be4831487332d26dbf9f0083cf466cc1fea33c32c016de1c9fade	-	keep-test-contract	R03	Maintained parity test, contract, focused fixture, source, or support file.
tests/fixtures/facades/glyph/malformed-slot-and-class-cases.json	3381	file	b0f2bf50f583094b1c1cc461a2c6b9af88e326d93e2411f89044e034f213c9a5	-	keep-test-contract	R03	Maintained parity test, contract, focused fixture, source, or support file.
tests/fixtures/facades/list/ft-list-topologies.json	4261	file	d27931dfe73745138d7e7ca53d6188fc7ba290a29e67dc554d6299754701ae61	-	keep-test-contract	R03	Maintained parity test, contract, focused fixture, source, or support file.
tests/fixtures/facades/memory/allocation-failure.json	808	file	91d6d168c3d000ddd16dbecf59e15e153df1536ef341af98aad0f9cafa5705e8	-	keep-test-contract	R03	Maintained parity test, contract, focused fixture, source, or support file.
tests/fixtures/files/zero-byte-font.bin	0	file	e3b0c44298fc1c149afbf4c8996fb92427ae41e4649b934ca495991b7852b855	-	keep-test-contract	R03	Maintained parity test, contract, focused fixture, source, or support file.
tests/fixtures/input/assets/fonts/module-dependent-type1.pfa	28	file	7078fe9e41a89a6ed336c82e040b3271fd30b70539fba368289ff057142e3b7b	-	keep-fixture-input	R04	Canonical maintained fixture input or its provenance/license record.
tests/fixtures/input/assets/fonts/postscript_names_no_unicode.pfa	28	file	7078fe9e41a89a6ed336c82e040b3271fd30b70539fba368289ff057142e3b7b	-	keep-fixture-input	R04	Canonical maintained fixture input or its provenance/license record.
tests/fixtures/input/assets/fonts/postscript_names_no_unicode_nonfatal.pfa	28	file	7078fe9e41a89a6ed336c82e040b3271fd30b70539fba368289ff057142e3b7b	-	keep-fixture-input	R04	Canonical maintained fixture input or its provenance/license record.
tests/fixtures/input/aux/type1/attach-afm-base.afm	564	file	14c6f88852591376c0a6955dc5ab6e8f9d3aa0d63be800ec9d1aa8e97483b45a	-	keep-fixture-input	R04	Canonical maintained fixture input or its provenance/license record.
tests/fixtures/input/aux/type1/malformed-kern-count.afm	105	file	49b15ba5becbe2ae6e18b0b0312d1aea8748d35d493df4c1cd733c57ccc5987a	-	keep-fixture-input	R04	Canonical maintained fixture input or its provenance/license record.
tests/fixtures/input/aux/type1/track-kern-base.afm	564	file	14c6f88852591376c0a6955dc5ab6e8f9d3aa0d63be800ec9d1aa8e97483b45a	-	keep-fixture-input	R04	Canonical maintained fixture input or its provenance/license record.
tests/fixtures/input/fixtures/assets/bdf/missing_bbx_field.bdf	197	file	9370184f8df9c7d713e45ed6e26b23ebe69f5d26587fedb432fa8f959ee7f92b	-	keep-fixture-input	R04	Canonical maintained fixture input or its provenance/license record.
tests/fixtures/input/fixtures/assets/bdf/missing_encoding_field.bdf	222	file	e22c62b3da50f86ab5d2066ba11bbfa9b03fcdda0a2c0d544c3843887fe4678c	-	keep-fixture-input	R04	Canonical maintained fixture input or its provenance/license record.
tests/fixtures/input/fixtures/assets/bdf/missing_font_field.bdf	68	file	40a622ebf31042e4d2760240e01fd457badfe5be6e9fabd07602282320f6ff84	-	keep-fixture-input	R04	Canonical maintained fixture input or its provenance/license record.
tests/fixtures/input/fixtures/assets/bdf/missing_fontboundingbox_field.bdf	69	file	75cddaa27d6f560c3ee89028e96d669abd573986cefb8be66da6218a29218d37	-	keep-fixture-input	R04	Canonical maintained fixture input or its provenance/license record.
tests/fixtures/input/fixtures/assets/bdf/missing_size_field.bdf	81	file	893ce5de1303a481575a320846673829680dec555ee54bfb512312fbc2b18d11	-	keep-fixture-input	R04	Canonical maintained fixture input or its provenance/license record.
tests/fixtures/input/fixtures/assets/bdf/missing_startchar_field.bdf	167	file	dc022ae270aecde75574f79a95f4d551b68229e877e0d23ac50321e3fe31f05d	-	keep-fixture-input	R04	Canonical maintained fixture input or its provenance/license record.
tests/fixtures/input/fixtures/assets/bdf/missing_startfont_field.bdf	80	file	ed7565c138dc43e641d6ef9ab8c9193a184f0024c8da587d8bfdb055c1e1d2cd	-	keep-fixture-input	R04	Canonical maintained fixture input or its provenance/license record.
tests/fixtures/input/fixtures/assets/bdf/nested_startchar_before_endchar.bdf	234	file	76b5900d7d881e6bbec95be8d68b16e2e56dfa11685d878bd463e05e51eb6da1	-	keep-fixture-input	R04	Canonical maintained fixture input or its provenance/license record.
tests/fixtures/input/fixtures/assets/fonts/name_table_bad_storage.ttf	4572	file	ec75f44aa9a1a980ea0ba3f3178452c1f9f865375a957caba1458a85c0bfd765	-	keep-fixture-input	R04	Canonical maintained fixture input or its provenance/license record.
tests/fixtures/input/fixtures/assets/fonts/name_table_missing.ttf	4548	file	31eade98168af51174b2f72dafe619c8d053e872199ab6e1b8acd15c5e6dcc07	-	keep-fixture-input	R04	Canonical maintained fixture input or its provenance/license record.
tests/fixtures/input/fixtures/assets/fonts/sbit_bgra_format1.ttf	5072	file	20189ba8c4c98024ff5887cba2099c7a5d8d46d7f4dd5e2d31be8815718f881d	-	keep-fixture-input	R04	Canonical maintained fixture input or its provenance/license record.
tests/fixtures/input/fixtures/assets/fonts/sbit_bloc_bdat_gray_format1.ttf	5064	file	cdf1e756f43cf7dba830d77dd5f9a1543f1b46f6a34c3a56fa53f7677ae89bf7	-	keep-fixture-input	R04	Canonical maintained fixture input or its provenance/license record.
tests/fixtures/input/fixtures/assets/fonts/sbit_byte_swapped_version.ttf	5064	file	d6d2a061a6a0384a14082c64b62003e2705583556260fa0ee2ce17351a560410	-	keep-fixture-input	R04	Canonical maintained fixture input or its provenance/license record.
tests/fixtures/input/fixtures/assets/fonts/sbit_cblc_cbdt_gray_format1.ttf	5064	file	c83d6aea4de7c2e70fb3f80633657b219c4aca532d055f7308c18a2113343988	-	keep-fixture-input	R04	Canonical maintained fixture input or its provenance/license record.
tests/fixtures/input/fixtures/assets/fonts/sbit_composite_bgra_success_format8.ttf	5104	file	584e155fb72773625b7f0081f721d05b6ac8de86e4308038cbbaec27b9f6c862	-	keep-fixture-input	R04	Canonical maintained fixture input or its provenance/license record.
tests/fixtures/input/fixtures/assets/fonts/sbit_composite_gray2_success_format8.ttf	5100	file	ac0550d38382f6c186a1bda482886d8c3299e7173a418eeaa5ce283d90a539f2	-	keep-fixture-input	R04	Canonical maintained fixture input or its provenance/license record.
tests/fixtures/input/fixtures/assets/fonts/sbit_composite_gray4_success_format8.ttf	5100	file	064bfa445e15cd802c01ff78fa97eec1eb061bcc0cb89f059823a5045ae3572e	-	keep-fixture-input	R04	Canonical maintained fixture input or its provenance/license record.
tests/fixtures/input/fixtures/assets/fonts/sbit_composite_missing_count.ttf	5064	file	66a6095f63b3e30b07dd104bd1cdccce31bc94d479ad8829e4819feb3d92909a	-	keep-fixture-input	R04	Canonical maintained fixture input or its provenance/license record.
tests/fixtures/input/fixtures/assets/fonts/sbit_composite_missing_subglyph.ttf	5068	file	aad5bd3ca0a954131cb9cf9ae724635c33613c5e9349b985cc4981baa2d00103	-	keep-fixture-input	R04	Canonical maintained fixture input or its provenance/license record.
tests/fixtures/input/fixtures/assets/fonts/sbit_composite_missing_subglyph_format3.ttf	5068	file	ed18126479b177745a771ccda913a72df55568229d8b699424517ec553b13488	-	keep-fixture-input	R04	Canonical maintained fixture input or its provenance/license record.
tests/fixtures/input/fixtures/assets/fonts/sbit_composite_mono_aligned_success_format8.ttf	5096	file	bb3e28a0c7aa619c6057270fac95181b6aa09b808ce397d3f53d5c6a3b3b2ca7	-	keep-fixture-input	R04	Canonical maintained fixture input or its provenance/license record.
tests/fixtures/input/fixtures/assets/fonts/sbit_composite_mono_carry_success_format8.ttf	5100	file	2f1104463fb12c274e35b5b9f0227369ed7536fd76e7ecba2a90e9cc076ead53	-	keep-fixture-input	R04	Canonical maintained fixture input or its provenance/license record.
tests/fixtures/input/fixtures/assets/fonts/sbit_composite_mono_shifted_aligned_success_format8.ttf	5096	file	3d990ba0acfbd2fa0c33d2d8e9992cf8e4186483aa436e73ead3fd8fe0221c51	-	keep-fixture-input	R04	Canonical maintained fixture input or its provenance/license record.
tests/fixtures/input/fixtures/assets/fonts/sbit_composite_mono_shifted_success_format8.ttf	5100	file	19ebb479a22373ec0aa836fad8bd8c7beaf0672f77c01015f96bd363cef2b83c	-	keep-fixture-input	R04	Canonical maintained fixture input or its provenance/license record.
tests/fixtures/input/fixtures/assets/fonts/sbit_composite_mono_success_format8.ttf	5100	file	47a56d0fb72c1458e0627cee6812ce22455a97760fe33d555601f3f7a7da9358	-	keep-fixture-input	R04	Canonical maintained fixture input or its provenance/license record.
tests/fixtures/input/fixtures/assets/fonts/sbit_composite_mono_zero_height_component_format8.ttf	5096	file	cc51f2e6345d4a58bdc2326d2b3f3310fc3a15f63e417381f9bb6b387a97c12e	-	keep-fixture-input	R04	Canonical maintained fixture input or its provenance/license record.
tests/fixtures/input/fixtures/assets/fonts/sbit_composite_mono_zero_width_component_format8.ttf	5096	file	4f0de85bdfada2d921d54f3e8f7b1d26aebca6f3922dc9c80de1f7fe48e25b57	-	keep-fixture-input	R04	Canonical maintained fixture input or its provenance/license record.
tests/fixtures/input/fixtures/assets/fonts/sbit_composite_negative_offset_format8.ttf	5100	file	8572401dad289a12c1a505646626ce416784b9b7bd585a5d0fe1ae15ed4b9131	-	keep-fixture-input	R04	Canonical maintained fixture input or its provenance/license record.
tests/fixtures/input/fixtures/assets/fonts/sbit_composite_negative_y_offset_format8.ttf	5100	file	b5cf97654063b00b6aef0bec2231e909b86b468cf8568f4459653dadf7a80fdc	-	keep-fixture-input	R04	Canonical maintained fixture input or its provenance/license record.
tests/fixtures/input/fixtures/assets/fonts/sbit_composite_out_of_bounds_format8.ttf	5100	file	a9a9591940d7059e288a381683935b3914db598148e89895ae2e0d26ad6914b5	-	keep-fixture-input	R04	Canonical maintained fixture input or its provenance/license record.
tests/fixtures/input/fixtures/assets/fonts/sbit_composite_out_of_bounds_y_format8.ttf	5100	file	86c8162219ea419b562dbfcdb6137d8fb4163a948a2ca5cba764406d326753f7	-	keep-fixture-input	R04	Canonical maintained fixture input or its provenance/license record.
tests/fixtures/input/fixtures/assets/fonts/sbit_composite_success_format8.ttf	5100	file	7ecd3d8f4fc60cc9a7af11232dd7c1ac678ae3aecff76006a4547c2daa129074	-	keep-fixture-input	R04	Canonical maintained fixture input or its provenance/license record.
tests/fixtures/input/fixtures/assets/fonts/sbit_composite_success_format9.ttf	5100	file	c11b19f4fa602348d138137af7aabed5390f61627d0f96ced0db80d2be2e8937	-	keep-fixture-input	R04	Canonical maintained fixture input or its provenance/license record.
tests/fixtures/input/fixtures/assets/fonts/sbit_composite_truncated_records.ttf	5068	file	bdd2316537ffc4abc8c93f117e0b4cdb15c01fd97f68787f0639e70e70fc3b92	-	keep-fixture-input	R04	Canonical maintained fixture input or its provenance/license record.
tests/fixtures/input/fixtures/assets/fonts/sbit_empty_ebdt.ttf	4976	file	bd7edba360e7f8ba73ec4105a9122e42a632b1293edaa280353fba48bf43db7d	-	keep-fixture-input	R04	Canonical maintained fixture input or its provenance/license record.
tests/fixtures/input/fixtures/assets/fonts/sbit_gray2_format1.ttf	5064	file	38231ad0021d5a4a5b101e0dbacd037e30f55af2a6b82f3bea7821f9f25fa847	-	keep-fixture-input	R04	Canonical maintained fixture input or its provenance/license record.
tests/fixtures/input/fixtures/assets/fonts/sbit_gray4_format1.ttf	5064	file	ed4ddb6e525580a190c1d0bec0a013b2af30cb43fc259e9b63c0d3a45b8f5c09	-	keep-fixture-input	R04	Canonical maintained fixture input or its provenance/license record.
tests/fixtures/input/fixtures/assets/fonts/sbit_gray_format1.ttf	5080	file	5c790a499e4f75fa89f20c70f1b92e36d8af26a0e36f8e6f87379d223bd034d2	-	keep-fixture-input	R04	Canonical maintained fixture input or its provenance/license record.
tests/fixtures/input/fixtures/assets/fonts/sbit_gray_format1_vmtx.ttf	5256	file	88df3c558d6646b876b68c25eff2188eb95cf74368fd8ea21d6bccb44f163166	-	keep-fixture-input	R04	Canonical maintained fixture input or its provenance/license record.
tests/fixtures/input/fixtures/assets/fonts/sbit_gray_format3.ttf	5060	file	bfe87f7c5eec0237e8cef9affddaa7f43ee6450efed76e7257c80b60d390ea91	-	keep-fixture-input	R04	Canonical maintained fixture input or its provenance/license record.
tests/fixtures/input/fixtures/assets/fonts/sbit_gray_index_format2.ttf	5068	file	6d4823d928dee7873dcd58b1f14886196c4836eabc6fe8b3cb83040ea8b6610e	-	keep-fixture-input	R04	Canonical maintained fixture input or its provenance/license record.
tests/fixtures/input/fixtures/assets/fonts/sbit_gray_index_format2_huge_image_end.ttf	5056	file	4f051326892294eccf342914318daabed51f8777a951a869a56e3f5491136a41	-	keep-fixture-input	R04	Canonical maintained fixture input or its provenance/license record.
tests/fixtures/input/fixtures/assets/fonts/sbit_gray_index_format2_huge_image_size.ttf	5056	file	87ed094110e4fbf13020883324ca7bdad48e1eb3836cb7855f199aab70f81f3a	-	keep-fixture-input	R04	Canonical maintained fixture input or its provenance/license record.
tests/fixtures/input/fixtures/assets/fonts/sbit_gray_index_format2_missing_big_metrics.ttf	5064	file	8fa2f4748a2c2d7d16ecfceaf374a39531fff4911ad7f9ad27c1e4f149e31df2	-	keep-fixture-input	R04	Canonical maintained fixture input or its provenance/license record.
tests/fixtures/input/fixtures/assets/fonts/sbit_gray_index_format4.ttf	5068	file	3785e9c42b014f3d77804d51c9b3e43f4baaa3bd7260d11e16a554045f7cc923	-	keep-fixture-input	R04	Canonical maintained fixture input or its provenance/license record.
tests/fixtures/input/fixtures/assets/fonts/sbit_gray_index_format4_sparse_miss.ttf	5068	file	b2734479b1a19095305c0b3f0da119890138f9a1d276804b08545b9468fa3b51	-	keep-fixture-input	R04	Canonical maintained fixture input or its provenance/license record.
tests/fixtures/input/fixtures/assets/fonts/sbit_invalid_eblc_version.ttf	4980	file	ff637b3b62c68df5910360fd42c0c651654e3785ddf18cf8a4df3557cac1bafd	-	keep-fixture-input	R04	Canonical maintained fixture input or its provenance/license record.
tests/fixtures/input/fixtures/assets/fonts/sbit_missing_bitmap.ttf	5052	file	c06277b5b4334519c8bfdeac2f84eb6dc38e91a6a736aaecbcaea46af786f4c1	-	keep-fixture-input	R04	Canonical maintained fixture input or its provenance/license record.
tests/fixtures/input/fixtures/assets/fonts/sbit_missing_range_array.ttf	5028	file	ee5712a0b54fca3c9e8cb3f04b9c6f79599af4b55310656ad1ddf8bae41a472e	-	keep-fixture-input	R04	Canonical maintained fixture input or its provenance/license record.
tests/fixtures/input/fixtures/assets/fonts/sbit_missing_small_metrics_width.ttf	5056	file	032660eb048795dbb4369e7d1451c65ba99f230f391c25fa3328b622b7b4d4b7	-	keep-fixture-input	R04	Canonical maintained fixture input or its provenance/license record.
tests/fixtures/input/fixtures/assets/fonts/sbit_missing_subtable_header.ttf	5036	file	117791991fa142b47e18b8b01ae9b6f0be1e015575e80e926c0dbc521cd98356	-	keep-fixture-input	R04	Canonical maintained fixture input or its provenance/license record.
tests/fixtures/input/fixtures/assets/fonts/sbit_mono_format1.ttf	5064	file	dfaddae9ec54241594955c7d34201c37a164414a83395ceaad029fab175b96c1	-	keep-fixture-input	R04	Canonical maintained fixture input or its provenance/license record.
tests/fixtures/input/fixtures/assets/fonts/sbit_mono_image_format5_missing_metrics.ttf	5056	file	c0b85b8dc8fda817ec870102c7fa2a36f9d8af10899a8d8d75741a4f7364a449	-	keep-fixture-input	R04	Canonical maintained fixture input or its provenance/license record.
tests/fixtures/input/fixtures/assets/fonts/sbit_mono_index_format5.ttf	5068	file	1048255b98af340d5db3600949fe9c658c4394c2aaefb74c4107085d803ad368	-	keep-fixture-input	R04	Canonical maintained fixture input or its provenance/license record.
tests/fixtures/input/fixtures/assets/fonts/sbit_mono_index_format5_huge_image_size.ttf	5064	file	a51bc7f02ec2b87f07b8c95cd59ce03e0835f6f184994dee721ae51e74d966f4	-	keep-fixture-input	R04	Canonical maintained fixture input or its provenance/license record.
tests/fixtures/input/fixtures/assets/fonts/sbit_mono_index_format5_huge_image_start.ttf	5068	file	80c70675b41ec93ac45522f85add42a6b6a5ad759e079784a2ff6a94c2ca2985	-	keep-fixture-input	R04	Canonical maintained fixture input or its provenance/license record.
tests/fixtures/input/fixtures/assets/fonts/sbit_mono_index_format5_missing_big_metrics.ttf	5056	file	6efa6ceef6263499ce8ab82298178b45800e2f9ab26e6d7ab0962549fa3c6568	-	keep-fixture-input	R04	Canonical maintained fixture input or its provenance/license record.
tests/fixtures/input/fixtures/assets/fonts/sbit_mono_index_format5_sparse_miss.ttf	5068	file	895fa7c5d4325cb864b7bd1da0a2d37814cb84e8c89b38a5d8705b8fd7a780ac	-	keep-fixture-input	R04	Canonical maintained fixture input or its provenance/license record.
tests/fixtures/input/fixtures/assets/fonts/sbit_mono_index_format5_truncated_image.ttf	5068	file	5fe7b538b31bd87082ece17045a758585311cb01501f584a397bb3b780eba017	-	keep-fixture-input	R04	Canonical maintained fixture input or its provenance/license record.
tests/fixtures/input/fixtures/assets/fonts/sbit_no_matching_strike.ttf	5052	file	33ab6c4ea736e00603793aaa43d5e67677e0a73b0eb3acc8bf68469522ccd9a4	-	keep-fixture-input	R04	Canonical maintained fixture input or its provenance/license record.
tests/fixtures/input/fixtures/assets/fonts/sbit_range_miss.ttf	5052	file	7ca4e817fe20204cc7aebbb5f1e3c0fa18bf7b1353733654b433c581fe3506c5	-	keep-fixture-input	R04	Canonical maintained fixture input or its provenance/license record.
tests/fixtures/input/fixtures/assets/fonts/sbit_strike_count_overflow.ttf	4980	file	024cb163e716a4627ae0af472732a907bd87b39059d1438866e8f5944e45d645	-	keep-fixture-input	R04	Canonical maintained fixture input or its provenance/license record.
tests/fixtures/input/fixtures/assets/fonts/sbit_too_short_eblc.ttf	4980	file	e9c8602296191a2fa26035a32803c885607bcf1a0b7016cd5a728955e61104ad	-	keep-fixture-input	R04	Canonical maintained fixture input or its provenance/license record.
tests/fixtures/input/fixtures/assets/fonts/sbit_two_strikes_y_mismatch.ttf	5136	file	f25dd208c70d5e8e8812118fcf0e0880b7c8a27bdf8ab1d41c92284a022ae563	-	keep-fixture-input	R04	Canonical maintained fixture input or its provenance/license record.
tests/fixtures/input/fixtures/assets/fonts/sbit_unsupported_bit_depth_format1.ttf	5060	file	b2d895f1b8827e977665723d5fde0b3ee8aca9f333e8995f33c7a58f651a5012	-	keep-fixture-input	R04	Canonical maintained fixture input or its provenance/license record.
tests/fixtures/input/fixtures/assets/fonts/sbit_unsupported_image_format.ttf	5060	file	fc4a77335438a9e20d0635e96e6b763dae5c620f51039a93d1d708846bbf21b8	-	keep-fixture-input	R04	Canonical maintained fixture input or its provenance/license record.
tests/fixtures/input/fixtures/assets/fonts/sbit_unsupported_index_format.ttf	5044	file	7b3bf11a783d9c67f83bb62d9c7082bb81ee2d78a95947387984659623efd6ef	-	keep-fixture-input	R04	Canonical maintained fixture input or its provenance/license record.
tests/fixtures/input/font-sources/cjk-coverage.ttx	29920	file	d262bd1ed28f978c3a9f95192f3e4d8c648c3ccfa7db1225831fe52f8051d850	-	keep-fixture-input	R04	Canonical maintained fixture input or its provenance/license record.
tests/fixtures/input/font-sources/cjk-width-order.ttx	5622	file	babcb3022b3ca2695b933f0556b2e0bb2627ee86e968cc7d818ddd35b20da5d1	-	keep-fixture-input	R04	Canonical maintained fixture input or its provenance/license record.
tests/fixtures/input/font-sources/hinter-control-matrix.ttx	44793	file	887e03264ce2727ddd56e08f6f7c16b31658f7dd5d3417b9143b52514a65a17d	-	keep-fixture-input	R04	Canonical maintained fixture input or its provenance/license record.
tests/fixtures/input/fonts/DejaVuSans.ttf	17572	file	4c44206cbb0238b4a07bac4c557a9254a2dc87941f6ebebfa1147c32dd73b29a	-	keep-fixture-input	R04	Canonical maintained fixture input or its provenance/license record.
tests/fixtures/input/fonts/LiberationSerif-Regular.ttf	12564	file	2cf2f480ecb644a0702cfd687cc0dec3025b3601edd57bf11ba0c5fce9014a6e	-	keep-fixture-input	R04	Canonical maintained fixture input or its provenance/license record.
tests/fixtures/input/fonts/NotoSans-Regular.ttf	9896	file	c950ae3feb035f6ebfbd5cf10c6c4de7e541edec43d636e3b6b9f38bd3209adc	-	keep-fixture-input	R04	Canonical maintained fixture input or its provenance/license record.
tests/fixtures/input/fonts/PROVENANCE.md	2720	file	70bde487462a63332cd049a461b8d1504e149f4080e589034e5b067ff6497cb7	-	keep-fixture-input	R04	Canonical maintained fixture input or its provenance/license record.
tests/fixtures/input/fonts/aat/feat-opbd-trak-prop.ttf	5044	file	001f2851870bec90f70918829b20fdf18122a738eb2a823001644a0b1f73d25f	-	keep-fixture-input	R04	Canonical maintained fixture input or its provenance/license record.
tests/fixtures/input/fonts/aat/full-gx-valid.ttf	5256	file	749a62977b5c9a2d9c4e683e1c486a8fa4e2ea237179c10139f31c2743df35a5	-	keep-fixture-input	R04	Canonical maintained fixture input or its provenance/license record.
tests/fixtures/input/fonts/aat/malformed-gx-table.ttf	4956	file	7e1f0c6031d111041407b25ae2eb12188240a4b942ac33e2d756c1f5930d84d3	-	keep-fixture-input	R04	Canonical maintained fixture input or its provenance/license record.
tests/fixtures/input/fonts/aat/opbd-valid.ttf	4964	file	990fa525fde5a83049fecc9cbf9ff765a487e6fd2b8cda591f2b362c36c55b3b	-	keep-fixture-input	R04	Canonical maintained fixture input or its provenance/license record.
tests/fixtures/input/fonts/aat/prop-valid.ttf	4960	file	915b4665f24e825086e6b6bd66b2603afe4b0c9d8eb9e0f4509bb84ad67a9faa	-	keep-fixture-input	R04	Canonical maintained fixture input or its provenance/license record.
tests/fixtures/input/fonts/aat/trak-valid.ttf	4964	file	c57afaa61600ec2df2c3d178d27e7a3b659cd452f4fc081782abda7c5a1c23a6	-	keep-fixture-input	R04	Canonical maintained fixture input or its provenance/license record.
tests/fixtures/input/fonts/autohint/arabic-neutral-first.ttf	1340	file	bddabe79ee8b0b42ed5a812e10f90880a59821263aa9209b0893f398ad48df51	-	keep-fixture-input	R04	Canonical maintained fixture input or its provenance/license record.
tests/fixtures/input/fonts/autohint/arabic-neutral-round-skip.ttf	1400	file	f92ce0ecd5f989a57e0d9f1fed95d88e312017fb7e8ec35b6a6cb78b5e66d4db	-	keep-fixture-input	R04	Canonical maintained fixture input or its provenance/license record.
tests/fixtures/input/fonts/autohint/arabic-standard-fallback.ttf	1360	file	6213726176a3f01b9add1d311a6ba3ea6f935a906ffdd3eba7d785d5b0b4e062	-	keep-fixture-input	R04	Canonical maintained fixture input or its provenance/license record.
tests/fixtures/input/fonts/autohint/basic-latin.ttf	11748	file	e6bc1ae1a7f75533ef0df0b922eefff748fbdced177f4999ab55aa5031e1a585	-	keep-fixture-input	R04	Canonical maintained fixture input or its provenance/license record.
tests/fixtures/input/fonts/autohint/cjk-blue-edge-cases.ttf	1356	file	ee130408d62af7b2256dc46be2a2a4a8fb3694cea7a14a0e8d92c30a8c5d9cd8	-	keep-fixture-input	R04	Canonical maintained fixture input or its provenance/license record.
tests/fixtures/input/fonts/autohint/cjk-coverage.ttf	2644	file	da97fe25bfc3db0bdf02675d16c3f23c60cac1edad480b494ba354b69f0eaaeb	-	keep-fixture-input	R04	Canonical maintained fixture input or its provenance/license record.
tests/fixtures/input/fonts/autohint/cjk-duplicate-edge.ttf	1352	file	3b285559d08b800a35e65b3e39750288a838a723f72cdf87b4eb72aa31ea5df4	-	keep-fixture-input	R04	Canonical maintained fixture input or its provenance/license record.
tests/fixtures/input/fonts/autohint/cjk-empty-standard.ttf	1040	file	10a5ab97c1463487fbf8b6671e557a01f1500a2b1652e87d49e9c9765c859d4f	-	keep-fixture-input	R04	Canonical maintained fixture input or its provenance/license record.
tests/fixtures/input/fonts/autohint/cjk-malformed-blue.ttf	1136	file	f24b500c50bff8898db5bee5c5c1b7d538ab39e1768b5d9e2f9c519e74090afe	-	keep-fixture-input	R04	Canonical maintained fixture input or its provenance/license record.
tests/fixtures/input/fonts/autohint/cjk-many-widths.ttf	1284	file	949b22afeba1290f66dd52dcc805258b063f13d0a466090c3e131e2e358209cc	-	keep-fixture-input	R04	Canonical maintained fixture input or its provenance/license record.
tests/fixtures/input/fonts/autohint/cjk-multi-width-snap.ttf	1152	file	17d6cb61594904e18c74f5334803471801b2d66af2778cb4f13943344d8cd427	-	keep-fixture-input	R04	Canonical maintained fixture input or its provenance/license record.
tests/fixtures/input/fonts/autohint/cjk-quantized-widths.ttf	1160	file	970bd5d19d8734e8e6c148f817f432784bea478d1a60565933a0ec9be864d989	-	keep-fixture-input	R04	Canonical maintained fixture input or its provenance/license record.
tests/fixtures/input/fonts/autohint/cjk-remaining-branches.ttf	1328	file	a70ef317d7a8b85ad8d5ba25a37554cad0fa6eb56b7163de6316ae71da7836a2	-	keep-fixture-input	R04	Canonical maintained fixture input or its provenance/license record.
tests/fixtures/input/fonts/autohint/cjk-round-stem-light.ttf	1276	file	269c1f86b2ecd1b5268b70479f582feff150900b4c1777dcd60e6f6c1f745cc2	-	keep-fixture-input	R04	Canonical maintained fixture input or its provenance/license record.
tests/fixtures/input/fonts/autohint/cjk-snap-below-standard.ttf	1220	file	9afaa4fab7ad69cdb24f5528b7c8b7a86dc4c1855b37d5b3962f3125f7a35947	-	keep-fixture-input	R04	Canonical maintained fixture input or its provenance/license record.
tests/fixtures/input/fonts/autohint/cjk-tiny-stem.ttf	1024	file	2561899033049a9a48588a54a3a823ac45eb0519c4e91f1731abacc7414a2a8e	-	keep-fixture-input	R04	Canonical maintained fixture input or its provenance/license record.
tests/fixtures/input/fonts/autohint/cjk-wide-stem-snap.ttf	1120	file	d86e4c8eab2c6fe8040db7e3737aca63ecee5538acff1e20297c93aa876069f5	-	keep-fixture-input	R04	Canonical maintained fixture input or its provenance/license record.
tests/fixtures/input/fonts/autohint/cjk-width-order.ttf	688	file	b17d2e85af726748b5fea7150e2b0feb7cd3933d9221f07295d3aa33c57a6839	-	keep-fixture-input	R04	Canonical maintained fixture input or its provenance/license record.
tests/fixtures/input/fonts/autohint/digit-notdef-cmap.ttf	1088	file	99ab69fa2b560bf2b3f32ded60ecb5db95e88e4d5e796453da9e4bad979b80d7	-	keep-fixture-input	R04	Canonical maintained fixture input or its provenance/license record.
tests/fixtures/input/fonts/autohint/indic-coverage.ttf	12020	file	38431987e24ee03fb9ce8a44e820429237d7ac54626d885ceb567e93e5f4c023	-	keep-fixture-input	R04	Canonical maintained fixture input or its provenance/license record.
tests/fixtures/input/fonts/autohint/khmer-sub-top-overlap.ttf	1432	file	77b61f407aed321ca1c6b84eca43c565d0653fc5a08db6bb1ab44618cd74b7a9	-	keep-fixture-input	R04	Canonical maintained fixture input or its provenance/license record.
tests/fixtures/input/fonts/autohint/latin-blue-delta.ttf	1184	file	ce0855655d1b8ea72e0e9238ee8dce7bce9e3c21d194d55cc72a29a8e053e0f1	-	keep-fixture-input	R04	Canonical maintained fixture input or its provenance/license record.
tests/fixtures/input/fonts/autohint/latin-blue-edge-cases.ttf	1320	file	f5ec55d2e7bdc143c7e041bdef75a01e25d4cd37d0592ca099b0370b3c6528e7	-	keep-fixture-input	R04	Canonical maintained fixture input or its provenance/license record.
tests/fixtures/input/fonts/autohint/latin-blue-overlap.ttf	1320	file	4930b78271d5f2590c5f6880f77853e23f3161d582df820663cb96d5c5a60f5c	-	keep-fixture-input	R04	Canonical maintained fixture input or its provenance/license record.
tests/fixtures/input/fonts/autohint/latin-empty-standard.ttf	1108	file	8b96c853174f15f190d88b44768acd3cd60523d0ee7dc342c8b9372cb2d451b6	-	keep-fixture-input	R04	Canonical maintained fixture input or its provenance/license record.
tests/fixtures/input/fonts/autohint/latin-greek-cyrillic.ttf	10960	file	b4ff2e5f559cf9d873230633830fb1d77bcdd83e6e426f9dcf501f2360450a01	-	keep-fixture-input	R04	Canonical maintained fixture input or its provenance/license record.
tests/fixtures/input/fonts/autohint/latin-low-upem.ttf	1244	file	e5c360e6ef4397551f7844fad934da76fda8ab6e6342086d17efd0ade2562b7d	-	keep-fixture-input	R04	Canonical maintained fixture input or its provenance/license record.
tests/fixtures/input/fonts/autohint/latin-malformed-standard.ttf	1176	file	053fcf674ea8a4e920b8a851931729bb63404452ea1af74ef17cd0d9c21f646a	-	keep-fixture-input	R04	Canonical maintained fixture input or its provenance/license record.
tests/fixtures/input/fonts/autohint/latin-many-widths.ttf	1268	file	daeec4ea3a902e77d18dce94b199a4789bc0e7088f282ab229f4e072e7be48e9	-	keep-fixture-input	R04	Canonical maintained fixture input or its provenance/license record.
tests/fixtures/input/fonts/autohint/latin-missing-standard.ttf	1184	file	2aecd4561e0854d5bcd6f8005934b7d7282b659e445dbb012cdf51df4de5a9b7	-	keep-fixture-input	R04	Canonical maintained fixture input or its provenance/license record.
tests/fixtures/input/fonts/autohint/latin-remaining-topology.ttf	1260	file	6a72a583a35a0668df01ce94f294e395e5321f757595c2372681f7cdeda6c2a6	-	keep-fixture-input	R04	Canonical maintained fixture input or its provenance/license record.
tests/fixtures/input/fonts/autohint/latin-small-ignore.ttf	1540	file	258d88ffff94cef7729a2a6ccef37f93e77af54062586c76fa55fa7c71b80b37	-	keep-fixture-input	R04	Canonical maintained fixture input or its provenance/license record.
tests/fixtures/input/fonts/autohint/latin-width-clusters.ttf	1116	file	886b0253ad9be0f4cf65ff60545079488e2285cabd583958ebca126c3a2c2c48	-	keep-fixture-input	R04	Canonical maintained fixture input or its provenance/license record.
tests/fixtures/input/fonts/autohint/latin-x-height-rejection.ttf	1420	file	3f3c824b744a58be8082683bd4075e6af22ea1e8ed70ff4d4494407dc93baf9f	-	keep-fixture-input	R04	Canonical maintained fixture input or its provenance/license record.
tests/fixtures/input/fonts/autohint/mixed-script-map.ttf	13996	file	edf39c8e3abd747750865cd44009a37351658c2afb65e2fbe5740f00e7037908	-	keep-fixture-input	R04	Canonical maintained fixture input or its provenance/license record.
tests/fixtures/input/fonts/autohint/out-of-range-cmap-coverage.ttf	1128	file	296e48085c38c42be1659fa62069e822612694369fdb8e6dfbaefe6a0f371f4d	-	keep-fixture-input	R04	Canonical maintained fixture input or its provenance/license record.
tests/fixtures/input/fonts/autohint/script-coverage.ttf	13996	file	edf39c8e3abd747750865cd44009a37351658c2afb65e2fbe5740f00e7037908	-	keep-fixture-input	R04	Canonical maintained fixture input or its provenance/license record.
tests/fixtures/input/fonts/bdf/charset-registry.bdf	364	file	6987adfcc4575775d1a71135d04b5e6f86b001e25efdda1190330a19745b1ce6	-	keep-fixture-input	R04	Canonical maintained fixture input or its provenance/license record.
tests/fixtures/input/fonts/bdf/properties-atoms-integers-cardinals.bdf	332	file	df58ed5d8df450dfb27a0fbbd5e3785512ce82df5510697eba79313765b9440e	-	keep-fixture-input	R04	Canonical maintained fixture input or its provenance/license record.
tests/fixtures/input/fonts/bdf/sfnt-bdf-table.otb	5240	file	81adb1735aa8b4219324c3ff5002c6c51795e18038292b4ee99e37522f9177ff	-	keep-fixture-input	R04	Canonical maintained fixture input or its provenance/license record.
tests/fixtures/input/fonts/bitmap/bitmap-only.pcf	8	file	eb7d3c86dc6101a84bd974eaf828b1554f26464410e14d3c7179268c20a13d92	-	keep-fixture-input	R04	Canonical maintained fixture input or its provenance/license record.
tests/fixtures/input/fonts/cff/fontinfo-populated.otf	964	file	f1cff1e46117830ae9acb404cc3a3e00e9200a123a6a24588f87931086db1f62	-	keep-fixture-input	R04	Canonical maintained fixture input or its provenance/license record.
tests/fixtures/input/fonts/cff/hybrid-otto-face-info.otf	1056	file	7be03762f6b9a3c63710b700929879e2a98819cfb7c9474811ece868cfac1001	-	keep-fixture-input	R04	Canonical maintained fixture input or its provenance/license record.
tests/fixtures/input/fonts/cff/malformed-charstrings-operand-missing.otf	2548	file	38e4484144b8ea3191d8cbf97ad902be8df20298421e9b7639e6daa586d7f7a1	-	keep-fixture-input	R04	Canonical maintained fixture input or its provenance/license record.
tests/fixtures/input/fonts/cff/malformed-escaped-top-dict-op-missing-charstrings.otf	2548	file	26655406597de2a4b29ea279c3e6dd409a12451d997f324970edf1644aaee00b	-	keep-fixture-input	R04	Canonical maintained fixture input or its provenance/license record.
tests/fixtures/input/fonts/cff/malformed-escaped-top-dict-op-overflow.otf	2548	file	dd395752ee46860faded187abf0ece43cffc9726dad0b5828585ae90ae42dc49	-	keep-fixture-input	R04	Canonical maintained fixture input or its provenance/license record.
tests/fixtures/input/fonts/cff/malformed-invalid-name-index-offsize.otf	2548	file	ec128677c68710f31962a3699d3c11f41cc1e3f76310a0f9ff5e2042202b6d00	-	keep-fixture-input	R04	Canonical maintained fixture input or its provenance/license record.
tests/fixtures/input/fonts/cff/malformed-name-index-offset-overflow.otf	2548	file	2e80e2eb7047a80933b7e44a1eb32dc834fbcce1182b562ab29ff5b486631e5c	-	keep-fixture-input	R04	Canonical maintained fixture input or its provenance/license record.
tests/fixtures/input/fonts/cff/malformed-name-index-offsets-out-of-order.otf	2548	file	792c0a6b79405c14ad1fbce5c225391291b93561814206c9079cf41e9f0226b3	-	keep-fixture-input	R04	Canonical maintained fixture input or its provenance/license record.
tests/fixtures/input/fonts/cff/malformed-short-header.otf	2548	file	7f93b58186e3a4b32dfcdf97df7b71373a323ca0f78e3e6609e9eaf99c0d6412	-	keep-fixture-input	R04	Canonical maintained fixture input or its provenance/license record.
tests/fixtures/input/fonts/cff/malformed-top-dict-invalid-number.otf	2548	file	122275cc186608bda283cfcf1afc3a7f41deda1e1987205aa63af6384c0f857b	-	keep-fixture-input	R04	Canonical maintained fixture input or its provenance/license record.
tests/fixtures/input/fonts/cff/malformed-top-dict-longint-operand-missing-charstrings.otf	2548	file	ffc1e2c1636467b4ea846786e6991208c11b7aff520ebfc9953799226fe7ddb9	-	keep-fixture-input	R04	Canonical maintained fixture input or its provenance/license record.
tests/fixtures/input/fonts/cff/malformed-top-dict-negative-operand-missing-charstrings.otf	2548	file	66b97de322aeec98c694e0541b4353f6dc9748e1aa1ebcbe09bb490a53df5281	-	keep-fixture-input	R04	Canonical maintained fixture input or its provenance/license record.
tests/fixtures/input/fonts/cff/malformed-top-dict-positive-operand-missing-charstrings.otf	2548	file	536502a3e42b5100f1f4e0f5a006a6e00c37e5c99a7d0f68c6bed26e78092532	-	keep-fixture-input	R04	Canonical maintained fixture input or its provenance/license record.
tests/fixtures/input/fonts/cff/malformed-top-dict-real-operand-missing-charstrings.otf	2548	file	82092cd337a87eae4f6333424d55363884f913521442b4128b4bbdfa79bc7f74	-	keep-fixture-input	R04	Canonical maintained fixture input or its provenance/license record.
tests/fixtures/input/fonts/cff/pure-cff-cubic-vmtx.otf	2704	file	cdab0231421ae95913c34dcd4a107e5060e721cf368de47fcaed56a67519aac9	-	keep-fixture-input	R04	Canonical maintained fixture input or its provenance/license record.
tests/fixtures/input/fonts/cff/pure-cff-cubic.otf	2548	file	8df99a048e363357ae40af63f0db4fee6a2483966c71b8d6f8b27e0cc4d50b64	-	keep-fixture-input	R04	Canonical maintained fixture input or its provenance/license record.
tests/fixtures/input/fonts/cff/pure-cff-empty-tt-programs.otf	2596	file	dcb21bc644d27c3e97ebcd25109fabce284e09d1209f794330423a02622c9b6e	-	keep-fixture-input	R04	Canonical maintained fixture input or its provenance/license record.
tests/fixtures/input/fonts/cff2/fontinfo-invalid-argument.otf	804	file	6f457efaafee3496f42e8e2dd977acf39730a86252066135076050563949c4e3	-	keep-fixture-input	R04	Canonical maintained fixture input or its provenance/license record.
tests/fixtures/input/fonts/charmap/cmap-format14-malformed-matrix.ttf	5344	file	b9ff229d8095d2f1fc951d0a723d2ddf57c3e2be0d67a8d23c773b789799ab6a	-	keep-fixture-input	R04	Canonical maintained fixture input or its provenance/license record.
tests/fixtures/input/fonts/charmap/cmap-format14-non-uvs-platforms.ttf	4960	file	dab342a6073ed412fbb7995dcf2baed3226f96f62f39c545b5bba1abd76a7175	-	keep-fixture-input	R04	Canonical maintained fixture input or its provenance/license record.
tests/fixtures/input/fonts/charmap/cmap-format14-only.ttf	5008	file	cae6fbf0103e76ff34861442af3d28a6cc176bcb0912463b2988295757896a5f	-	keep-fixture-input	R04	Canonical maintained fixture input or its provenance/license record.
tests/fixtures/input/fonts/charmap/cmap-nonunicode-format6.ttf	4904	file	e903709aeefa4bf635378c58d74d07cb613ed5b5aecf197f847525384a4c6d4e	-	keep-fixture-input	R04	Canonical maintained fixture input or its provenance/license record.
tests/fixtures/input/fonts/charmap/cmap-parser-matrix.ttf	2100	file	251fcf4680579e97ebf66f9d8f7d514cca408aa7534cbbf93145838a01fcf27c	-	keep-fixture-input	R04	Canonical maintained fixture input or its provenance/license record.
tests/fixtures/input/fonts/charmap/cmap-platform0-variation.ttf	5048	file	ef27b1e135764bd2b424540346f03500d6c8a3170c85934914a13dd76a39f2b7	-	keep-fixture-input	R04	Canonical maintained fixture input or its provenance/license record.
tests/fixtures/input/fonts/charmap/cmap-record-overflow.ttf	1732	file	217751378cbcd6731e921346cfc3bfb2bb65c34a27fc71d4809b383e0eb7fe10	-	keep-fixture-input	R04	Canonical maintained fixture input or its provenance/license record.
tests/fixtures/input/fonts/charmap/cmap-short.ttf	1732	file	93678acbb630a23357628119d394667689c77cb7c17e6cb0f301feca892c6337	-	keep-fixture-input	R04	Canonical maintained fixture input or its provenance/license record.
tests/fixtures/input/fonts/charmap/cmap-unsupported-only.ttf	1744	file	19667c565a1b95b6849779c1c11d07906f7c2f9f18b6aeb7bace43b7d6ada5af	-	keep-fixture-input	R04	Canonical maintained fixture input or its provenance/license record.
tests/fixtures/input/fonts/charmap/format12-codepoint-zero-mapped.ttf	4928	file	c61e5e52510c3143f21d4d1344df886246116c81fbe09e92f4645df3e09e494d	-	keep-fixture-input	R04	Canonical maintained fixture input or its provenance/license record.
tests/fixtures/input/fonts/charmap/format12-zero-start.ttf	1792	file	b089ca98274543c1229b9f67a79ed618d52ca6e8fdf22f2397657416487d0305	-	keep-fixture-input	R04	Canonical maintained fixture input or its provenance/license record.
tests/fixtures/input/fonts/charmap/format4-range-offset.ttf	1796	file	5b3b0195e1d7bff2cdf16a9b66b01f5f71191a3ffca96633993b4bbe871aba47	-	keep-fixture-input	R04	Canonical maintained fixture input or its provenance/license record.
tests/fixtures/input/fonts/charmap/format6-range.ttf	1760	file	bf004c57a16e1fc1d10ec646c2d7fe64439da1f7c8bf0d233741771d085cf413	-	keep-fixture-input	R04	Canonical maintained fixture input or its provenance/license record.
tests/fixtures/input/fonts/charmap/format6-terminal.ttf	1752	file	b085a0e2a109dc724d22316aaa78639ec74057a677fb9619bd54dd2dbb038097	-	keep-fixture-input	R04	Canonical maintained fixture input or its provenance/license record.
tests/fixtures/input/fonts/charmaps/apple-full-unicode-type13.ttf	4928	file	552f08efc559e58cc6ca09deea2c858865b98cea6d49cc43d4d66b89ad3185ed	-	keep-fixture-input	R04	Canonical maintained fixture input or its provenance/license record.
tests/fixtures/input/fonts/cid/FDArrayTest257.LICENSE.txt	4301	file	6a73f9541c2de74158c0e7cf6b0a58ef774f5a780bf191f2d7ec9cc53efe2bf2	-	keep-fixture-input	R04	Canonical maintained fixture input or its provenance/license record.
tests/fixtures/input/fonts/cid/FDArrayTest257.PROVENANCE.md	870	file	6d599c8ef2d6f782c8c6d835f033e49efae82378db09430c4f7988ac45c44232	-	keep-fixture-input	R04	Canonical maintained fixture input or its provenance/license record.
tests/fixtures/input/fonts/cid/fontinfo-populated.cid	900	file	8bad30fd383566771d5498ba12bbf04f941e876dc9538c50290ee46fae2c5f2e	-	keep-fixture-input	R04	Canonical maintained fixture input or its provenance/license record.
tests/fixtures/input/fonts/cid/ot-cff-cid-keyed.otf	145212	file	211f9ecb8b8064931f860e84bfe6e746e926273ef924990887ff2df13e6fede7	-	keep-fixture-input	R04	Canonical maintained fixture input or its provenance/license record.
tests/fixtures/input/fonts/cmap/cmap-default-iso-fallback-order.ttf	4960	file	b162819e8cf9a4c4ae5c5fab455ae14533670630322597d237eb54fdf8c0d24c	-	keep-fixture-input	R04	Canonical maintained fixture input or its provenance/license record.
tests/fixtures/input/fonts/cmap/cmap-default-ucs4-order.ttf	4952	file	39a9ebd7f150ebc0db28e679ed4de3f8e471794d1d8c4d37cc3b99c0c9f5cced	-	keep-fixture-input	R04	Canonical maintained fixture input or its provenance/license record.
tests/fixtures/input/fonts/cmap/cmap-default-unicode-fallback-order.ttf	4960	file	fb1305c09c2be376fd91dfc7d58a7dfe398c3f6675b0fb34ad67feed7236934f	-	keep-fixture-input	R04	Canonical maintained fixture input or its provenance/license record.
tests/fixtures/input/fonts/cmap/cmap-format-language-matrix.ttf	5116	file	057e23f3fa264513c261e7ec2015990f6781659373528f2aa750faa94708580c	-	keep-fixture-input	R04	Canonical maintained fixture input or its provenance/license record.
tests/fixtures/input/fonts/color/colr-v0-foreground-layer-ffff.ttf	684	file	a94c8f524e9339b1739bd58e700ee83b49eb7bd579cbabe74c444a8e5d29fe67	-	keep-fixture-input	R04	Canonical maintained fixture input or its provenance/license record.
tests/fixtures/input/fonts/color/colr-v0-layer-control.ttf	17664	file	171a6f1afe9b4f384594a4f8297c6320e4a9f7e6ae46950f6142a9c9acd9d890	-	keep-fixture-input	R04	Canonical maintained fixture input or its provenance/license record.
tests/fixtures/input/fonts/color/colr-v0-layers-cpal.ttf	17664	file	171a6f1afe9b4f384594a4f8297c6320e4a9f7e6ae46950f6142a9c9acd9d890	-	keep-fixture-input	R04	Canonical maintained fixture input or its provenance/license record.
tests/fixtures/input/fonts/color/colr-v1-all-paints.ttf	18044	file	bed1ef05711c0da649c06a16b4f6a2349ce10172841d6a96b7ca1f4d3ddb8e93	-	keep-fixture-input	R04	Canonical maintained fixture input or its provenance/license record.
tests/fixtures/input/fonts/color/colr-v1-clipbox-format1-format2.ttf	17688	file	5ba6e08a1c27c86a2c55e63205340709412d2f0b167756008edea6efb2bce2fd	-	keep-fixture-input	R04	Canonical maintained fixture input or its provenance/license record.
tests/fixtures/input/fonts/color/colr-v1-colr-glyph-recursive.ttf	17696	file	e3f5902da6b4ae770da239af9aa70c48835d7cb6136c49a8c572c1e97a6831de	-	keep-fixture-input	R04	Canonical maintained fixture input or its provenance/license record.
tests/fixtures/input/fonts/color/colr-v1-no-clipbox-control.ttf	17684	file	7aec4a8c3f80457b597d1704682604f9286876874954a540921cddf7417e37bc	-	keep-fixture-input	R04	Canonical maintained fixture input or its provenance/license record.
tests/fixtures/input/fonts/color/colr-v1-paint-colr-layers-cpal.ttf	17744	file	230fb19e3675b27321dddd79f7d4719215c725084fa1774062eb7f7aa129edff	-	keep-fixture-input	R04	Canonical maintained fixture input or its provenance/license record.
tests/fixtures/input/fonts/color/colr-v1-root-transform.ttf	17700	file	8b54eedbe4f3a2641e23c0200ec6d3aa61f5a399729e348a6b2938cd416a91a5	-	keep-fixture-input	R04	Canonical maintained fixture input or its provenance/license record.
tests/fixtures/input/fonts/color/colr-v1-static-gradients.ttf	17784	file	9c0e46f278a3d812cef270f02daa5bdbc87ec1eeb6b5d15a07646f041cf0c5c0	-	keep-fixture-input	R04	Canonical maintained fixture input or its provenance/license record.
tests/fixtures/input/fonts/color/colr-v1-transform-paints.ttf	17860	file	a1dfcc658415ea0ea5944da57459b1a61b1cc0caa2a031e58c6a9f8dc3d054e2	-	keep-fixture-input	R04	Canonical maintained fixture input or its provenance/license record.
tests/fixtures/input/fonts/color/colr-v1-variable-gradients.ttf	17940	file	af1b83d64a4720de1b7a6156a3f3daa9a460fcdc039fa3c0a6e6c4b72dbaaa61	-	keep-fixture-input	R04	Canonical maintained fixture input or its provenance/license record.
tests/fixtures/input/fonts/color/colr_v1_composite_modes.ttf	18096	file	7b42235845babf83641c89b060e2159b4f3cfec72a2bba06d160e4a3cd666dc7	-	keep-fixture-input	R04	Canonical maintained fixture input or its provenance/license record.
tests/fixtures/input/fonts/color/cpal-palettes-light-dark.ttf	17660	file	1125e4840d71ddc9b3c565f80ae35e478a846837c5c13e50502b6168ca3f2967	-	keep-fixture-input	R04	Canonical maintained fixture input or its provenance/license record.
tests/fixtures/input/fonts/color/cpal-palettes-names-flags.ttf	17660	file	1125e4840d71ddc9b3c565f80ae35e478a846837c5c13e50502b6168ca3f2967	-	keep-fixture-input	R04	Canonical maintained fixture input or its provenance/license record.
tests/fixtures/input/fonts/control/maxp-too-short.ttf	17545	file	26286ab7d37c7ee7b8698adf32ed79107b570b48fceafe492b474fd018400c7a	-	keep-fixture-input	R04	Canonical maintained fixture input or its provenance/license record.
tests/fixtures/input/fonts/control/maxp-v1-header-only.ttf	17546	file	c9a29ffba75bcf4d7bcf37d3db9d133933b6ecb075beb7b71fc256ec9d57f482	-	keep-fixture-input	R04	Canonical maintained fixture input or its provenance/license record.
tests/fixtures/input/fonts/control/maxp-version-05.ttf	17548	file	2b81d81f82a51b60528b57b7b8f66473b892924221e502a124892d103063f562	-	keep-fixture-input	R04	Canonical maintained fixture input or its provenance/license record.
tests/fixtures/input/fonts/control/maxp-version-2.ttf	17572	file	1c06b1400c3380d78694a5875f98b3aa51a51586fbdb95051848a5891df4f4a9	-	keep-fixture-input	R04	Canonical maintained fixture input or its provenance/license record.
tests/fixtures/input/fonts/control/multiface-cjk-indic.ttc	13948	file	0a2206bc87ca784596011934c8c2355dedc91c6b41169cea6d40372056f36ef4	-	keep-fixture-input	R04	Canonical maintained fixture input or its provenance/license record.
tests/fixtures/input/fonts/control/otto-empty.otf	12	file	debb925b92a234412979cc5c30a5f6e22b40a9c165d053caf170b1f1fcbcb090	-	keep-fixture-input	R04	Canonical maintained fixture input or its provenance/license record.
tests/fixtures/input/fonts/control/ttc-face-offset-out-of-range.ttc	16	file	1cca599d017f58ca49acb37cad0b21d2f2e8cf48f547adfd2a23067dd6b19a4b	-	keep-fixture-input	R04	Canonical maintained fixture input or its provenance/license record.
tests/fixtures/input/fonts/control/ttc-offset-overflow.ttc	12	file	0b66ccbde2466df010072c4b9ada16cc02ddfe1979a7fafcc1bc3827102aca77	-	keep-fixture-input	R04	Canonical maintained fixture input or its provenance/license record.
tests/fixtures/input/fonts/control/ttc-short.ttc	8	file	a123d521381f497105d6f14b504bd4d4c081c13067fd60436da98de0fdfcca40	-	keep-fixture-input	R04	Canonical maintained fixture input or its provenance/license record.
tests/fixtures/input/fonts/gasp/gasp-ranges-v1.ttf	4972	file	26462ee89ec1156385ac456a9e062d9518600087e8d7825f6219c25052bdba2a	-	keep-fixture-input	R04	Canonical maintained fixture input or its provenance/license record.
tests/fixtures/input/fonts/gasp/no-gasp-table.ttf	4936	file	732145b43fb39184136765f7c17151d1a2f1112efd87fe0653329c128a3e8bab	-	keep-fixture-input	R04	Canonical maintained fixture input or its provenance/license record.
tests/fixtures/input/fonts/gasp/record-length-short.ttf	4960	file	7f3aa3d1eda5f842ffa0a0296106e99c1b8b71d650e6516b4303cc38b3e5fd92	-	keep-fixture-input	R04	Canonical maintained fixture input or its provenance/license record.
tests/fixtures/input/fonts/gasp/short-header.ttf	4953	file	cb0f593daf9e73ab87c9555957264ce968a90054eef2d73949f04519b10726a6	-	keep-fixture-input	R04	Canonical maintained fixture input or its provenance/license record.
tests/fixtures/input/fonts/gasp/truncated-ranges.ttf	4960	file	eaf6f037b595d0b240d48af8febf9e1177e81d9415cdb1dcf48eb8b70f21cd33	-	keep-fixture-input	R04	Canonical maintained fixture input or its provenance/license record.
tests/fixtures/input/fonts/gasp/unsupported-version.ttf	4964	file	ec0ba6fff0474dd8ef68c6fc449433b162dbaa63bea9e53afe07b43513b5f26e	-	keep-fixture-input	R04	Canonical maintained fixture input or its provenance/license record.
tests/fixtures/input/fonts/gasp/version0-high-bits.ttf	4964	file	23c87b9b0d245920a4bac342087747d8aadaeb774b05748cac27afd81f8ef14b	-	keep-fixture-input	R04	Canonical maintained fixture input or its provenance/license record.
tests/fixtures/input/fonts/generated/face-properties/no-post-names.ttf	697652	file	84dbef30b5ea3bbb58231b1b8ff0de756088f54b9de7ab379433ae7ce9f32dc6	-	keep-fixture-input	R04	Canonical maintained fixture input or its provenance/license record.
tests/fixtures/input/fonts/generated/fstype/bitmap-embedding-only.ttf	758572	file	a0fe392f2c97b1907486fbe2a1e2824d9ef7e1470bd49754bc4d95c7f4f59129	-	keep-fixture-input	R04	Canonical maintained fixture input or its provenance/license record.
tests/fixtures/input/fonts/generated/fstype/editable-embedding.ttf	758572	file	fa111fe3db40ce3da7dd2d73abbf4a4f64674ff39738a41248f03cb64bdebaca	-	keep-fixture-input	R04	Canonical maintained fixture input or its provenance/license record.
tests/fixtures/input/fonts/generated/fstype/installable-fstype.ttf	758572	file	9d7fb1debb16d64584b0c387c9442aa6a8adc9909c8cba5add065b79b5f4e26b	-	keep-fixture-input	R04	Canonical maintained fixture input or its provenance/license record.
tests/fixtures/input/fonts/generated/fstype/no-subsetting.ttf	758572	file	afd8bf872cb50d94d0d267fc1331c1f77ecf26542fd37eaa6313c24013c0e675	-	keep-fixture-input	R04	Canonical maintained fixture input or its provenance/license record.
tests/fixtures/input/fonts/generated/fstype/preview-print.ttf	758572	file	29c1b1813188ee4e94e9e65a8711be28101d5911a1e025c720db4d0495154a08	-	keep-fixture-input	R04	Canonical maintained fixture input or its provenance/license record.
tests/fixtures/input/fonts/generated/fstype/restricted-license.ttf	758572	file	b9d2ba2872e417b137652f3159e149dfa7ead63483d7e7a562b6fbfd19a7f725	-	keep-fixture-input	R04	Canonical maintained fixture input or its provenance/license record.
tests/fixtures/input/fonts/generated/fstype/restricted-no-subset.ttf	758572	file	8040be090b5b106116a44b1fd8cfab6d852415aabdf62c065da9aea0d85087db	-	keep-fixture-input	R04	Canonical maintained fixture input or its provenance/license record.
tests/fixtures/input/fonts/generated/kerning/gpos-only-av.ttf	388456	file	2a314e9ffb3841f515bb16e5bc0648473bf2cccdec13e3f3ec584b98210198c3	-	keep-fixture-input	R04	Canonical maintained fixture input or its provenance/license record.
tests/fixtures/input/fonts/generated/kerning/legacy-av-kern.ttf	375144	file	14bf865633cc4f52209e29aacccfb4b84f35c7543aeeb7c7ad7b568ba19ef7e1	-	keep-fixture-input	R04	Canonical maintained fixture input or its provenance/license record.
tests/fixtures/input/fonts/generated/kerning/no-kern-table.ttf	369908	file	7fb197f341db3d665a71450c97e30d332d3dd5b3b6990243f8c21313e279b014	-	keep-fixture-input	R04	Canonical maintained fixture input or its provenance/license record.
tests/fixtures/input/fonts/generated/os2-unicode-ranges.ttf	761240	file	7d4ee1626b981c9bf3a5e5bf50249ae8520eacabf6b91bcf4f63d8f313119367	-	keep-fixture-input	R04	Canonical maintained fixture input or its provenance/license record.
tests/fixtures/input/fonts/generated/sfnt-name-records.ttf	789832	file	8f92c06e515e43b32c77b158abf0d689ef3c2e3a51ac583b5bff81ef63239eb0	-	keep-fixture-input	R04	Canonical maintained fixture input or its provenance/license record.
tests/fixtures/input/fonts/generated/variable/ubuntu-sans-variable.ttf	569208	file	b85c38ecea8a7cfb39c24e395a4007474fa5a4fc864f6ee33309eb4948d232d5	-	keep-fixture-input	R04	Canonical maintained fixture input or its provenance/license record.
tests/fixtures/input/fonts/generated/vertical/cjk-vertical-metrics.ttf	772296	file	5a2f6febcb80240f6f36b24261db0015dcfc5c677addd90578b5cd471ca58f44	-	keep-fixture-input	R04	Canonical maintained fixture input or its provenance/license record.
tests/fixtures/input/fonts/glyf/cvt-empty.ttf	1672	file	697619c0847e8776f1dd3f0cae70df910fa5f8f41531d4b2f78151b50d6a7df1	-	keep-fixture-input	R04	Canonical maintained fixture input or its provenance/license record.
tests/fixtures/input/fonts/glyf/cvt-odd-length.ttf	1676	file	6175105e1748ccfdf26e31f62e5e1c2ce95319b11286ee4479e55399cd22ee47	-	keep-fixture-input	R04	Canonical maintained fixture input or its provenance/license record.
tests/fixtures/input/fonts/glyf/glyf-component-matrix.ttf	1656	file	267a07b84237b86271ed81a0ba7ab78a9a2c0fd8a7987ae6da945c3801a47c4c	-	keep-fixture-input	R04	Canonical maintained fixture input or its provenance/license record.
tests/fixtures/input/fonts/glyf/glyf-malformed-matrix.ttf	1692	file	fb3a52457f927ee02c2d00ff41e3cc777e792c909bc2c9c8b7789652256cbbe1	-	keep-fixture-input	R04	Canonical maintained fixture input or its provenance/license record.
tests/fixtures/input/fonts/glyf/hinter-called-fpgm-instctrl.ttf	4912	file	4e34e91a7513f2424e77bc45aa6b57ecfd727e00e57bfaddb2334dc15a50d2e5	-	keep-fixture-input	R04	Canonical maintained fixture input or its provenance/license record.
tests/fixtures/input/fonts/glyf/hinter-composite-compatibility-moves.ttf	4952	file	373f229d9406127db92720d9e8e59e70615b780412f1cdde5f3fdc170f24b287	-	keep-fixture-input	R04	Canonical maintained fixture input or its provenance/license record.
tests/fixtures/input/fonts/glyf/hinter-control-matrix.ttf	4936	file	732145b43fb39184136765f7c17151d1a2f1112efd87fe0653329c128a3e8bab	-	keep-fixture-input	R04	Canonical maintained fixture input or its provenance/license record.
tests/fixtures/input/fonts/glyf/hinter-direct-fpgm-instctrl.ttf	4916	file	1cfa40f712d575bdb27635de2ddb1a278e2fc36ee4714ab2edec4eba00d7a83b	-	keep-fixture-input	R04	Canonical maintained fixture input or its provenance/license record.
tests/fixtures/input/fonts/glyf/hinter-empty-fpgm.ttf	4912	file	6e4d201f7941bdb13d0d3e43052ab556f364b3240c4e91ff23fa32e9abaae112	-	keep-fixture-input	R04	Canonical maintained fixture input or its provenance/license record.
tests/fixtures/input/fonts/glyf/hinter-empty-glyph-iup.ttf	4960	file	a15ec8b674e3466b951de818d4f18b43700baf9f1497f1f3470bd8b86e0a55d6	-	keep-fixture-input	R04	Canonical maintained fixture input or its provenance/license record.
tests/fixtures/input/fonts/glyf/hinter-execution-too-long-loop.ttf	4912	file	86bd0ce6b60051e26473fde4ecf6450003e993cd78441c7402a47f2ec39e3f98	-	keep-fixture-input	R04	Canonical maintained fixture input or its provenance/license record.
tests/fixtures/input/fonts/glyf/hinter-fpgm-call-errors.ttf	4932	file	51689ec94da4a45bb0c25b0486b7ef73ecfe1b1fc78dd96ac179faf0c5a5b283	-	keep-fixture-input	R04	Canonical maintained fixture input or its provenance/license record.
tests/fixtures/input/fonts/glyf/hinter-fpgm-fdef-index-overflow.ttf	4916	file	36226920d5ed613f9a9540b3e7c1f50ae58882c840b399fa1b2ebcf0c22ffc07	-	keep-fixture-input	R04	Canonical maintained fixture input or its provenance/license record.
tests/fixtures/input/fonts/glyf/hinter-fpgm-function-overflow.ttf	5164	file	afcaa08a95befced971e19ba25db22569a05e5746986cc9293cdb0a4184b7d20	-	keep-fixture-input	R04	Canonical maintained fixture input or its provenance/license record.
tests/fixtures/input/fonts/glyf/hinter-fpgm-idef-opcode-overflow.ttf	4916	file	2eab5b20faeb96dbbb5922e3fc412e74c976b7f74a9d53c452a6ad39c6391d5f	-	keep-fixture-input	R04	Canonical maintained fixture input or its provenance/license record.
tests/fixtures/input/fonts/glyf/hinter-fpgm-loopcall-redefinition.ttf	4924	file	d2dd8b944701f627a151d6974ce925ee83cc8956ae4f769d40367fe919aa5e1f	-	keep-fixture-input	R04	Canonical maintained fixture input or its provenance/license record.
tests/fixtures/input/fonts/glyf/hinter-fpgm-loopcall.ttf	4940	file	fa971a7188f24ec3b07b8f23d311363ad32147dae30d8b6e7912575555f73e8d	-	keep-fixture-input	R04	Canonical maintained fixture input or its provenance/license record.
tests/fixtures/input/fonts/glyf/hinter-fpgm-nested-fdef.ttf	4944	file	f4b802694825ceaae2a2b43525554b29e7910bd079fd8aa26b82dbbfb2f0c09d	-	keep-fixture-input	R04	Canonical maintained fixture input or its provenance/license record.
tests/fixtures/input/fonts/glyf/hinter-fpgm-nested-idef.ttf	4920	file	2866f00e70591fb0367fd60a86b4c2c9b83d9da510dd93d8a8627eec41f81a0b	-	keep-fixture-input	R04	Canonical maintained fixture input or its provenance/license record.
tests/fixtures/input/fonts/glyf/hinter-fpgm-truncated-fdef-npushb-payload.ttf	4920	file	d81b1bdc9f5129a1c0f4d07d60171486702274201ccb41a629c041346e9a6a4e	-	keep-fixture-input	R04	Canonical maintained fixture input or its provenance/license record.
tests/fixtures/input/fonts/glyf/hinter-fpgm-truncated-fdef-npushb.ttf	4916	file	b7ec004f753a8427b515016b461dead530c7a8d7e3de767dd9782af2cae5a45f	-	keep-fixture-input	R04	Canonical maintained fixture input or its provenance/license record.
tests/fixtures/input/fonts/glyf/hinter-fpgm-truncated-fdef-npushw.ttf	4916	file	e1a4ba25a40ee08ec027e334dd19dde0c74d552c6efbb59b10d3ec897d341b6c	-	keep-fixture-input	R04	Canonical maintained fixture input or its provenance/license record.
tests/fixtures/input/fonts/glyf/hinter-fpgm-unterminated-fdef.ttf	4916	file	7e8600cbfe159fdd94f49a2a4e261d63ede1d80d7e4fe58b7982d985369ebf87	-	keep-fixture-input	R04	Canonical maintained fixture input or its provenance/license record.
tests/fixtures/input/fonts/glyf/hinter-fpgm-unterminated-idef.ttf	4920	file	603882f04b5f2fc27cc7309f8d0fbe1293cb1673494e8e02ea204734b21d36a7	-	keep-fixture-input	R04	Canonical maintained fixture input or its provenance/license record.
tests/fixtures/input/fonts/glyf/hinter-glyph-code-overflow.ttf	4916	file	5a64cc739a00b76d02a84dfcb1db50b440aa190fb3350b41fc18922214df9cb0	-	keep-fixture-input	R04	Canonical maintained fixture input or its provenance/license record.
tests/fixtures/input/fonts/glyf/hinter-glyph-interpreter-errors.ttf	5008	file	c8b403d4a192cfb27a2e6d1b15188d211c3c04067fee84c99ee8cc78c70b0a1a	-	keep-fixture-input	R04	Canonical maintained fixture input or its provenance/license record.
tests/fixtures/input/fonts/glyf/hinter-idef-recursive-depth.ttf	4924	file	997863046b310d02921fed1367e5d0fa82ad3a875bb690557d2f56e0ee2e1bca	-	keep-fixture-input	R04	Canonical maintained fixture input or its provenance/license record.
tests/fixtures/input/fonts/glyf/hinter-invalid-composite-component-point.ttf	4936	file	aca890116b85c1243e156c0ae8c2eb34c9357eddec1c71850db59d9ed7a1a35b	-	keep-fixture-input	R04	Canonical maintained fixture input or its provenance/license record.
tests/fixtures/input/fonts/glyf/hinter-invalid-composite-parent-point.ttf	4936	file	bbdfc75818646b367d8216487b2ec755539e78377ee9b487e86d211aee56d670	-	keep-fixture-input	R04	Canonical maintained fixture input or its provenance/license record.
tests/fixtures/input/fonts/glyf/hinter-invalid-contour-endpoints.ttf	4956	file	f8a3768948438dab2dcd07139d8c2ac7ea4f742b6a3ef44135893dcd87e3ebb1	-	keep-fixture-input	R04	Canonical maintained fixture input or its provenance/license record.
tests/fixtures/input/fonts/glyf/hinter-invalid-twilight-scfs.ttf	4948	file	cc452f0a9d616e3447d8ef6bfa383d89e4f68ecdc603607a6612ae293d421001	-	keep-fixture-input	R04	Canonical maintained fixture input or its provenance/license record.
tests/fixtures/input/fonts/glyf/hinter-opcode-counter-limit.ttf	1004908	file	285865be7ef33ff1d3e69048d9cd5d9ab1f454fad086cd0c1323d9b697389a8a	-	keep-fixture-input	R04	Canonical maintained fixture input or its provenance/license record.
tests/fixtures/input/fonts/glyf/hinter-prep-definitions.ttf	4952	file	ab0143f13f550f111d35df204462f0cd674f3ef5fbeba1a14d0422f0c6a3c3ae	-	keep-fixture-input	R04	Canonical maintained fixture input or its provenance/license record.
tests/fixtures/input/fonts/glyf/hinter-prep-idef.ttf	4944	file	3b507ffa9431bfd4f962884f2185575ed5c435f542e7798d92b5cf43906aee50	-	keep-fixture-input	R04	Canonical maintained fixture input or its provenance/license record.
tests/fixtures/input/fonts/glyf/hinter-prep-redefine-defs.ttf	4952	file	7b3563baa92867860f4a704485ef0a3ca01ff8b1f82c8488704baf0ae444641f	-	keep-fixture-input	R04	Canonical maintained fixture input or its provenance/license record.
tests/fixtures/input/fonts/glyf/hinter-storage-cvt-reference-errors.ttf	4464	file	9535f961e55693a7326e2060565c4f1c70b0112ca44a2b53abd17c87afbacc15	-	keep-fixture-input	R04	Canonical maintained fixture input or its provenance/license record.
tests/fixtures/input/fonts/glyf/hinter-too-many-hints.ttf	4928	file	377cee1a6e3bbfbc9b34aba331ce0fe113d881421b2409c0d7a54784e1b16352	-	keep-fixture-input	R04	Canonical maintained fixture input or its provenance/license record.
tests/fixtures/input/fonts/glyf/hinter-unterminated-control-flow.ttf	4944	file	8b28112daa39c2d30f3634e4289acbf72f192efbb997c3b3a20d2646d306f841	-	keep-fixture-input	R04	Canonical maintained fixture input or its provenance/license record.
tests/fixtures/input/fonts/glyf/hinter-zero-units-per-em.ttf	4936	file	6cb8c3a091c095176cbe269ef45becdc080bc5788086898c89310ebc938eecfd	-	keep-fixture-input	R04	Canonical maintained fixture input or its provenance/license record.
tests/fixtures/input/fonts/glyf/loca-long-truncated.ttf	1612	file	2868a722bff58e37296fa895b9938337be4c6399ae11c05f7954fb1f07c89435	-	keep-fixture-input	R04	Canonical maintained fixture input or its provenance/license record.
tests/fixtures/input/fonts/glyf/loca-short-truncated.ttf	1608	file	26a737107a4838641120d28228c4f1f81c64ab46a6b0ebb326ea7744070b6e4e	-	keep-fixture-input	R04	Canonical maintained fixture input or its provenance/license record.
tests/fixtures/input/fonts/glyf/render-coverage.ttf	1764	file	7aed7939d6df65d284e022a139f884a266fdb94115ff79802927dfb842686e5b	-	keep-fixture-input	R04	Canonical maintained fixture input or its provenance/license record.
tests/fixtures/input/fonts/glyf/render-fpgm-no-cvt.ttf	1780	file	a69d54ccfb1fb8db2d7b11ec0d05c0ed90b8a27d67743a8ae8ae4d56c96bfc45	-	keep-fixture-input	R04	Canonical maintained fixture input or its provenance/license record.
tests/fixtures/input/fonts/glyf/render-notdef-composite.ttf	1780	file	aa26556c59b0f8417d1154bec182e1c47abb70213cf776b44157916e820a0d37	-	keep-fixture-input	R04	Canonical maintained fixture input or its provenance/license record.
tests/fixtures/input/fonts/glyf/render-prep-only.ttf	1792	file	b4ca4437fc5d980708833b39e5426fe5106cf1bc9b6dec0535f29a786c052ae3	-	keep-fixture-input	R04	Canonical maintained fixture input or its provenance/license record.
tests/fixtures/input/fonts/kern/apple-classic-kern.ttf	4956	file	644f6af34efaaeb7e0b898c85d0a575cb5285a3abd416234541d9305aef9fed3	-	keep-fixture-input	R04	Canonical maintained fixture input or its provenance/license record.
tests/fixtures/input/fonts/kern/classic-apple-kern.ttf	4956	file	644f6af34efaaeb7e0b898c85d0a575cb5285a3abd416234541d9305aef9fed3	-	keep-fixture-input	R04	Canonical maintained fixture input or its provenance/license record.
tests/fixtures/input/fonts/kern/classic-ms-kern.ttf	4956	file	644f6af34efaaeb7e0b898c85d0a575cb5285a3abd416234541d9305aef9fed3	-	keep-fixture-input	R04	Canonical maintained fixture input or its provenance/license record.
tests/fixtures/input/fonts/kern/malformed-apple-classic-kern.ttf	4956	file	d7161e3c885101abf3d955d5ffead077f2fdf0923481f8b00c93051d36398428	-	keep-fixture-input	R04	Canonical maintained fixture input or its provenance/license record.
tests/fixtures/input/fonts/kern/malformed-classic-kern-length.ttf	4956	file	d7161e3c885101abf3d955d5ffead077f2fdf0923481f8b00c93051d36398428	-	keep-fixture-input	R04	Canonical maintained fixture input or its provenance/license record.
tests/fixtures/input/fonts/kern/malformed-classic-kern-offset.ttf	4956	file	d7161e3c885101abf3d955d5ffead077f2fdf0923481f8b00c93051d36398428	-	keep-fixture-input	R04	Canonical maintained fixture input or its provenance/license record.
tests/fixtures/input/fonts/kern/malformed-classic-kern-pair-order.ttf	4956	file	d7161e3c885101abf3d955d5ffead077f2fdf0923481f8b00c93051d36398428	-	keep-fixture-input	R04	Canonical maintained fixture input or its provenance/license record.
tests/fixtures/input/fonts/kern/malformed-classic-kern.ttf	4956	file	d7161e3c885101abf3d955d5ffead077f2fdf0923481f8b00c93051d36398428	-	keep-fixture-input	R04	Canonical maintained fixture input or its provenance/license record.
tests/fixtures/input/fonts/kern/ms-classic-kern.ttf	4956	file	644f6af34efaaeb7e0b898c85d0a575cb5285a3abd416234541d9305aef9fed3	-	keep-fixture-input	R04	Canonical maintained fixture input or its provenance/license record.
tests/fixtures/input/fonts/kerning/kern-coverage-matrix.ttf	17644	file	8e1af1366d62f67ed8b59001ca1bf57dcd6263e36c32ef062664080d5c8aba55	-	keep-fixture-input	R04	Canonical maintained fixture input or its provenance/license record.
tests/fixtures/input/fonts/kerning/kern-header-missing.ttf	17592	file	1b640f3d44dafc359410dfe25838740f739d1e9c6b02f1fb9e4559ad13aca419	-	keep-fixture-input	R04	Canonical maintained fixture input or its provenance/license record.
tests/fixtures/input/fonts/kerning/kern-length-14.ttf	17608	file	7efa2ab9e0b87d885d0b6460d42901fc347951668b33bc352716299dec7752a1	-	keep-fixture-input	R04	Canonical maintained fixture input or its provenance/license record.
tests/fixtures/input/fonts/kerning/kern-short.ttf	17592	file	14a976bde721acb00de5556263554e73ba72786d385032464af8ac896ef4bb63	-	keep-fixture-input	R04	Canonical maintained fixture input or its provenance/license record.
tests/fixtures/input/fonts/kerning/kern-truncated.ttf	17600	file	b01081384eedcd6fb83e44738d6ea519189f45f513992c27ca9f566376ae19a9	-	keep-fixture-input	R04	Canonical maintained fixture input or its provenance/license record.
tests/fixtures/input/fonts/malformed/not-a-font.bin	64	file	f5a5fd42d16a20302798ef6ed309979b43003d2320d9f0e8ea9831a92759fb4b	-	keep-fixture-input	R04	Canonical maintained fixture input or its provenance/license record.
tests/fixtures/input/fonts/metadata/head-short-eof.ttf	1905	file	5df1e876cc25704b454fb6988b4b9d8e644a94f9135f6219219d8dfdebd1d8ea	-	keep-fixture-input	R04	Canonical maintained fixture input or its provenance/license record.
tests/fixtures/input/fonts/metadata/os2-use-typo-metrics.ttf	17572	file	9e63ed2c07b600f4d09da9346eb7068f1c42839795df403362b4118cbc5bd965	-	keep-fixture-input	R04	Canonical maintained fixture input or its provenance/license record.
tests/fixtures/input/fonts/metadata/post-format-1-standard-count.ttf	4792	file	fa393717358b95fdf47b8cd94ea88be76f5b61d5e15fe91c5feca037c8c0e389	-	keep-fixture-input	R04	Canonical maintained fixture input or its provenance/license record.
tests/fixtures/input/fonts/metadata/post-format-1.ttf	3980	file	68bf71f0ad16cf4f835a5b6d3a3d074e4ed80d0ba7e3f2c17cdd2858f911f4ff	-	keep-fixture-input	R04	Canonical maintained fixture input or its provenance/license record.
tests/fixtures/input/fonts/metadata/post-format-20-custom-truncated.ttf	3986	file	1dc9039f804e581631147c155e13d8444a94f3379736d2f4efda181b998780f0	-	keep-fixture-input	R04	Canonical maintained fixture input or its provenance/license record.
tests/fixtures/input/fonts/metadata/post-format-20-short.ttf	3980	file	85f586eba67bb30609ed647d232322ef2a6641e2421ad1816300ff69c0bc6b83	-	keep-fixture-input	R04	Canonical maintained fixture input or its provenance/license record.
tests/fixtures/input/fonts/metadata/post-format-20-zero.ttf	3982	file	a1153f1445fd9b1deb2c51719a811c1cfeedeef8a7b056f89907a00ec981b91a	-	keep-fixture-input	R04	Canonical maintained fixture input or its provenance/license record.
tests/fixtures/input/fonts/metadata/post-format-25-short.ttf	3980	file	8964981bc82cb9da163c205823faec85d52dbeff05e88452c43ec67762c7f630	-	keep-fixture-input	R04	Canonical maintained fixture input or its provenance/license record.
tests/fixtures/input/fonts/metadata/post-format-25-too-many.ttf	3982	file	bd619740c705c0b5c5264b0cf3f73bff011abb538aacd16f5ae6ab9de1d46447	-	keep-fixture-input	R04	Canonical maintained fixture input or its provenance/license record.
tests/fixtures/input/fonts/metadata/post-format-25-zero.ttf	3982	file	a0374be6ff09d0d6b2b377ac2afae1d1943d648fd15f1ba236be7eefb6ae12d4	-	keep-fixture-input	R04	Canonical maintained fixture input or its provenance/license record.
tests/fixtures/input/fonts/metadata/post-format-25.ttf	4042	file	eea107741a7c44257f1b923a0d4269eb2c22061f17d5c5bdb9ec805f4f6d8428	-	keep-fixture-input	R04	Canonical maintained fixture input or its provenance/license record.
tests/fixtures/input/fonts/metadata/post-format-unsupported.ttf	3980	file	838eb9f46f4ccf3707d420fafc89dba14eba794a3c28c183e4ac3cf748305d7a	-	keep-fixture-input	R04	Canonical maintained fixture input or its provenance/license record.
tests/fixtures/input/fonts/metadata/post-missing.ttf	3932	file	1939eed04200e87ac497a2f82a196f334bc1b8e95fadd71f1730340a3e5f2512	-	keep-fixture-input	R04	Canonical maintained fixture input or its provenance/license record.
tests/fixtures/input/fonts/metadata/short-os2-post.ttf	17272	file	acb83f0642a9915418767cbda57f4d048e9f683de0c37d72545ee6d5b3751211	-	keep-fixture-input	R04	Canonical maintained fixture input or its provenance/license record.
tests/fixtures/input/fonts/metadata/style-bold-italic.ttf	17752	file	6f630b9ef12c403f45d3aa65d4c905d4342086ec417aa4c5713b66d0bdd22f91	-	keep-fixture-input	R04	Canonical maintained fixture input or its provenance/license record.
tests/fixtures/input/fonts/metrics/fixed-width.ttf	17312	file	684a1fd94057ee8e97a246f4d86c3dcfc554e2f59c329a39ff2f5a1372b90fdc	-	keep-fixture-input	R04	Canonical maintained fixture input or its provenance/license record.
tests/fixtures/input/fonts/metrics/hdmx-256-records.ttf	17596	file	3d2d43cbad0c8ece93d1e500107d67b8c970811cf4a5b590d039a6800dc046e1	-	keep-fixture-input	R04	Canonical maintained fixture input or its provenance/license record.
tests/fixtures/input/fonts/metrics/hdmx-high-word-size.ttf	18004	file	cc854edb7fdeecd74d49344d0cdca18af7185230a8985eb7ba298fe2c80dfe7b	-	keep-fixture-input	R04	Canonical maintained fixture input or its provenance/license record.
tests/fixtures/input/fonts/metrics/hdmx-short.ttf	17596	file	1e857fba5bac064896768a0e226aeda60ce0197e7d35643c22bd2ea2ff38b20a	-	keep-fixture-input	R04	Canonical maintained fixture input or its provenance/license record.
tests/fixtures/input/fonts/metrics/hdmx-size-mismatch.ttf	17596	file	807990b2b29461c1aefa09469e380becd0f33f6bd98b16bb5f5028b8abc09e48	-	keep-fixture-input	R04	Canonical maintained fixture input or its provenance/license record.
tests/fixtures/input/fonts/metrics/hdmx-truncated-record.ttf	17596	file	d2b58ca3a3ac555d287ad824f976497d43a04ef360d839ca5ba04b9a4840e2ed	-	keep-fixture-input	R04	Canonical maintained fixture input or its provenance/license record.
tests/fixtures/input/fonts/metrics/hdmx-zero-records.ttf	17596	file	4de298d1f587bb8bc9c73def765c710160061240969f25ab917cb30699bab185	-	keep-fixture-input	R04	Canonical maintained fixture input or its provenance/license record.
tests/fixtures/input/fonts/metrics/hdmx_observable.ttf	18004	file	3296851697c962c9ac887e3452e844b9e042923a6511532e57ed1432c813ed8c	-	keep-fixture-input	R04	Canonical maintained fixture input or its provenance/license record.
tests/fixtures/input/fonts/metrics/hhea-descender-only.ttf	4936	file	2554850933d6c3288ffda9e92d96d2f33687b3f5414686e40bd4bfc209d53f95	-	keep-fixture-input	R04	Canonical maintained fixture input or its provenance/license record.
tests/fixtures/input/fonts/metrics/hhea-short-eof.ttf	1907	file	f5a7badf5399a667defa740dc6708972cb0d10e543454a723ee72edde5a1a31b	-	keep-fixture-input	R04	Canonical maintained fixture input or its provenance/license record.
tests/fixtures/input/fonts/metrics/hhea-zero-no-os2-fallback.ttf	4824	file	746c0a71dec3d84ca815ef5a09963c986a4508c9180eed3a216276dfba15f9c8	-	keep-fixture-input	R04	Canonical maintained fixture input or its provenance/license record.
tests/fixtures/input/fonts/metrics/hhea-zero-typo-descender-only.ttf	4936	file	0f5d1c3ff7e6d0ff3f57e4026a8dea6156534057be1b9425f434d15937ac0c04	-	keep-fixture-input	R04	Canonical maintained fixture input or its provenance/license record.
tests/fixtures/input/fonts/metrics/hhea-zero-typo-fallback.ttf	4936	file	f991c49b293a83496255083d93064ad54f0d7a88f91743104d237eb930991839	-	keep-fixture-input	R04	Canonical maintained fixture input or its provenance/license record.
tests/fixtures/input/fonts/metrics/hhea-zero-win-fallback.ttf	4936	file	20d1d873338689efaba10dd5da87c60b310abc7f75b933dbe8c4d4e994d05447	-	keep-fixture-input	R04	Canonical maintained fixture input or its provenance/license record.
tests/fixtures/input/fonts/metrics/metrics-count-overflow.ttf	1908	file	d78900ad27200cf31c625e89baaaab490c2da462cf2dbdd722dc00d744d476ab	-	keep-fixture-input	R04	Canonical maintained fixture input or its provenance/license record.
tests/fixtures/input/fonts/metrics/metrics-count-zero.ttf	1908	file	a7c1a61936457a9717fed53b8e4bca90c52470fe3763483e1871ee300534f074	-	keep-fixture-input	R04	Canonical maintained fixture input or its provenance/license record.
tests/fixtures/input/fonts/metrics/metrics-tables-short.ttf	1860	file	1f0145f2facc0dc70d1a9d3bdfe77eb4f117c28c501573f91e756e17f8fb790c	-	keep-fixture-input	R04	Canonical maintained fixture input or its provenance/license record.
tests/fixtures/input/fonts/metrics/vertical-vhea-only.ttf	1868	file	2f2fa75c7c3b032bb5a9d697e6294d46e94f63d622d78de4f6022e346e9a041e	-	keep-fixture-input	R04	Canonical maintained fixture input or its provenance/license record.
tests/fixtures/input/fonts/metrics/vertical-zero-advance.ttf	5128	file	6cfafd2f95b140c6ca34aadd6a7a18cc9d19bde306a5e69fc4ccb6734f72fc75	-	keep-fixture-input	R04	Canonical maintained fixture input or its provenance/license record.
tests/fixtures/input/fonts/metrics/vhea-short-eof.ttf	1907	file	1eee7f2e8396112f532b14c9f4a4a03052bb4992f4282a213bab2bc3a94430aa	-	keep-fixture-input	R04	Canonical maintained fixture input or its provenance/license record.
tests/fixtures/input/fonts/mm/adobe-multiple-master.pfb	1917	file	e12821cbf92803ea3014e1233cdef763bf65cb50d48c5cabaac7096522691e93	-	keep-fixture-input	R04	Canonical maintained fixture input or its provenance/license record.
tests/fixtures/input/fonts/name-cmap/apple-unicode-iso10646.ttf	4596	file	1fa19b6b0653b211c6bdb3551065156cfc397121783e31bb0b71e6e6edf97c45	-	keep-fixture-input	R04	Canonical maintained fixture input or its provenance/license record.
tests/fixtures/input/fonts/name-cmap/apple-unicode-platform.ttf	4612	file	53dc6a3b436e10a4bf7edf829981812295b1267fc5c5ade68ee7869dbc0a5872	-	keep-fixture-input	R04	Canonical maintained fixture input or its provenance/license record.
tests/fixtures/input/fonts/name-cmap/custom-platform.ttf	4596	file	578dce589b33699148dac0a26c837730f3c876336e364481423c5a1e011164f2	-	keep-fixture-input	R04	Canonical maintained fixture input or its provenance/license record.
tests/fixtures/input/fonts/name-cmap/deprecated-iso-platform.ttf	4612	file	a4eb718e926a7d1525f61e1bfbe880afb65afa514acd29c46e151f5e46ea560e	-	keep-fixture-input	R04	Canonical maintained fixture input or its provenance/license record.
tests/fixtures/input/fonts/name-cmap/iso-10646.ttf	4584	file	761ea759d307cc1926ab55fab71f5c0d676397a3774246547fa320fecf600957	-	keep-fixture-input	R04	Canonical maintained fixture input or its provenance/license record.
tests/fixtures/input/fonts/name-cmap/mac-japanese.ttf	4604	file	40c626126bae86754fba9296d52da0b6ba33488695a57b8212921fbc40f159c5	-	keep-fixture-input	R04	Canonical maintained fixture input or its provenance/license record.
tests/fixtures/input/fonts/name-cmap/microsoft-unicode-platform.ttf	4620	file	384331fef1ddc3a1d4fa1a74416a53ed36c3d7c21ecd25e62d0cc0a577421e87	-	keep-fixture-input	R04	Canonical maintained fixture input or its provenance/license record.
tests/fixtures/input/fonts/names/name-apple-postscript-all-invalid.ttf	4648	file	7d5247d9ff292106690862c59f3d44dc109b18a5169d38816608fb2720e03887	-	keep-fixture-input	R04	Canonical maintained fixture input or its provenance/license record.
tests/fixtures/input/fonts/names/name-apple-postscript-oob.ttf	4636	file	86198710836a30f5c38f90f8813b9ce2267d872e6002e47efe7e8b3efc39f2ee	-	keep-fixture-input	R04	Canonical maintained fixture input or its provenance/license record.
tests/fixtures/input/fonts/names/name-apple-postscript.ttf	4648	file	28d3f6cd54d8a77aa388fbda0829abf33ba8e2f13843238ae510390c7b4d6f1d	-	keep-fixture-input	R04	Canonical maintained fixture input or its provenance/license record.
tests/fixtures/input/fonts/names/name-empty.ttf	1552	file	936734c2d18225b499bfcf0ea60b6cb3bab50e9a2da03a592a49e0ef89d34eff	-	keep-fixture-input	R04	Canonical maintained fixture input or its provenance/license record.
tests/fixtures/input/fonts/names/name-missing.ttf	4548	file	31eade98168af51174b2f72dafe619c8d053e872199ab6e1b8acd15c5e6dcc07	-	keep-fixture-input	R04	Canonical maintained fixture input or its provenance/license record.
tests/fixtures/input/fonts/names/name-nonascii-postscript-apple.ttf	4664	file	9e438e5c70f38ddff1539e50d861c48904270517c8bcd7916243171f2992ef43	-	keep-fixture-input	R04	Canonical maintained fixture input or its provenance/license record.
tests/fixtures/input/fonts/names/name-postscript-branch-matrix.ttf	4868	file	310875501fcf769746718e68bf104604561d5320912d0347f2ecb0b669864ceb	-	keep-fixture-input	R04	Canonical maintained fixture input or its provenance/license record.
tests/fixtures/input/fonts/names/name-record-matrix.ttf	1688	file	4e4f32fced92e5a24f47e6428fe87fdaf5122322fa57ff2ba948be02b6e86f97	-	keep-fixture-input	R04	Canonical maintained fixture input or its provenance/license record.
tests/fixtures/input/fonts/names/name-record-overflow.ttf	1552	file	fad5b6b1057c8754c6e53cfb51876df22fd9b9f0fb625a659b7cccd3ca329f90	-	keep-fixture-input	R04	Canonical maintained fixture input or its provenance/license record.
tests/fixtures/input/fonts/names/name-selection-fallbacks.ttf	4684	file	5b785b6b346fafe3003729dac724cfdfbc9156f194772b6b33df4588e45b9d92	-	keep-fixture-input	R04	Canonical maintained fixture input or its provenance/license record.
tests/fixtures/input/fonts/names/name-short.ttf	1552	file	298447f992df8ad704a174fa6515fc7b49e52f2758044f72a7bcd1f1bd6ade51	-	keep-fixture-input	R04	Canonical maintained fixture input or its provenance/license record.
tests/fixtures/input/fonts/names/name-win-family-oob-apple-fallback.ttf	4684	file	4a5f5bd884c2ee6c36f62b92f3be39198b98cf1ceec954fa5f84430b1c32351b	-	keep-fixture-input	R04	Canonical maintained fixture input or its provenance/license record.
tests/fixtures/input/fonts/names/name-win-postscript-odd-apple.ttf	4652	file	24b973ae1886c0a4238230c6fe3785e517fda197e8b18aacd3f11110b56870b2	-	keep-fixture-input	R04	Canonical maintained fixture input or its provenance/license record.
tests/fixtures/input/fonts/names/preferred-family-distinct.ttf	4752	file	ff5b5d7adae3a6b6cee7e7d5a35435f3d826bb85e197a21fb7b80330fb22d5e1	-	keep-fixture-input	R04	Canonical maintained fixture input or its provenance/license record.
tests/fixtures/input/fonts/names/preferred-family-subfamily-distinct.ttf	4808	file	299e8b5756f57578f936fafdbfc857ced303ea959ca1596d3d5f25405f4383ea	-	keep-fixture-input	R04	Canonical maintained fixture input or its provenance/license record.
tests/fixtures/input/fonts/names/preferred-subfamily-distinct.ttf	4764	file	85b13bb59a25c7747af43d0c03c8c89bf0c1076653ca3b0dc8e52dcbc452b78e	-	keep-fixture-input	R04	Canonical maintained fixture input or its provenance/license record.
tests/fixtures/input/fonts/native/dejavu-coverage.ttf	146780	file	c454a86ebd366167c19eb11888a49ade3eea7512849bce3b21fd4f73760d5744	-	keep-fixture-input	R04	Canonical maintained fixture input or its provenance/license record.
tests/fixtures/input/fonts/no-encoding/bdf-or-pcf-encoding-none.bdf	303	file	32dca36d66fa41e590dd629fe75c07e2e9b20ed4395fc89fd10b2664163a0b0a	-	keep-fixture-input	R04	Canonical maintained fixture input or its provenance/license record.
tests/fixtures/input/fonts/no-horizontal/no-hhea-metrics.pcf	8	file	a035b017f7600408f0b368b57c0021144492b7677ca731592cc3f381e307e915	-	keep-fixture-input	R04	Canonical maintained fixture input or its provenance/license record.
tests/fixtures/input/fonts/opentype/malformed-gdef.otf	5148	file	3ae78bdba23c3c3752aec9ef6d35d0d15612eafccd3f0314ae65c1c3df3078bf	-	keep-fixture-input	R04	Canonical maintained fixture input or its provenance/license record.
tests/fixtures/input/fonts/opentype/malformed-gpos.otf	5092	file	e5c09c04de411b69b7cb81897396e3545cc8b3ed67ba8a66da9a937656429675	-	keep-fixture-input	R04	Canonical maintained fixture input or its provenance/license record.
tests/fixtures/input/fonts/opentype/malformed-gsub.otf	5092	file	7830af97e66f2d12e63979db1a197f4dede2b4817f4a0e63fbfbec09d05c31db	-	keep-fixture-input	R04	Canonical maintained fixture input or its provenance/license record.
tests/fixtures/input/fonts/opentype/malformed-jstf.otf	5188	file	36f292de5c473cbe2d3fa997f63fea0820d0c47e964bbfa4ba38cd27900cf15d	-	keep-fixture-input	R04	Canonical maintained fixture input or its provenance/license record.
tests/fixtures/input/fonts/opentype/malformed-math.otf	5188	file	4c8d853423a62507ff2fd2a89b78d23c61d22ae77a301da8c7427bdca1cd6638	-	keep-fixture-input	R04	Canonical maintained fixture input or its provenance/license record.
tests/fixtures/input/fonts/opentype/malformed-selected-layout.otf	5148	file	3ae78bdba23c3c3752aec9ef6d35d0d15612eafccd3f0314ae65c1c3df3078bf	-	keep-fixture-input	R04	Canonical maintained fixture input or its provenance/license record.
tests/fixtures/input/fonts/opentype/partial-malformed-layout.otf	5188	file	4c8d853423a62507ff2fd2a89b78d23c61d22ae77a301da8c7427bdca1cd6638	-	keep-fixture-input	R04	Canonical maintained fixture input or its provenance/license record.
tests/fixtures/input/fonts/opentype/valid-all-layout.otf	5168	file	52470a66f09acde854d2056fb927faad46e7eb0737836474d9d7b73760b61364	-	keep-fixture-input	R04	Canonical maintained fixture input or its provenance/license record.
tests/fixtures/input/fonts/opentype/valid-base.otf	4960	file	6975820f92ddd31a7911e1db627edba948bb44c999699316ad50b436c52df061	-	keep-fixture-input	R04	Canonical maintained fixture input or its provenance/license record.
tests/fixtures/input/fonts/opentype/valid-gdef.otf	4976	file	57e167998bbe3e59bf43a3f2a8c953f6b4a8b2ed2a731c6044fd6898800b3e4e	-	keep-fixture-input	R04	Canonical maintained fixture input or its provenance/license record.
tests/fixtures/input/fonts/opentype/valid-gpos.otf	5032	file	95eecdc74d7c4af492de423c1b898268e6e3748b0d9bf206c6dedf8e29d33a1d	-	keep-fixture-input	R04	Canonical maintained fixture input or its provenance/license record.
tests/fixtures/input/fonts/opentype/valid-gsub.otf	5032	file	bad6154a5caa9e1e7fa2e7d552af87b069e049a8a5b82a23268396ecda14f2ba	-	keep-fixture-input	R04	Canonical maintained fixture input or its provenance/license record.
tests/fixtures/input/fonts/opentype/valid-jstf.otf	4960	file	7bb3f77cc7faee78cfd7f7fdeec3ceed9d33deecf561332b4b3b3f20d36edc62	-	keep-fixture-input	R04	Canonical maintained fixture input or its provenance/license record.
tests/fixtures/input/fonts/opentype/valid-math.otf	5196	file	f9b3e1208845422f8c199453095006702fb012ff081829f3d978117cb662000f	-	keep-fixture-input	R04	Canonical maintained fixture input or its provenance/license record.
tests/fixtures/input/fonts/pcf/properties-signed-only.pcf	400	file	4d840c337be40b056873b9cbe5a8ed5a23081d174761b04233bcac9cdd53cec7	-	keep-fixture-input	R04	Canonical maintained fixture input or its provenance/license record.
tests/fixtures/input/fonts/pfr/basic-metrics-and-kerning.pfr	146	file	c15dc9fcfe1066ee91c149cbedc49f64cc788fe946c551d2794cd6e926eb5e41	-	keep-fixture-input	R04	Canonical maintained fixture input or its provenance/license record.
tests/fixtures/input/fonts/sfnt/basic-ttf.ttf	4936	file	732145b43fb39184136765f7c17151d1a2f1112efd87fe0653329c128a3e8bab	-	keep-fixture-input	R04	Canonical maintained fixture input or its provenance/license record.
tests/fixtures/input/fonts/sfnt/invalid-maxp.ttf	4912	file	cb350c79f2bd93c82264bac8204a19dbf18b69732ac3b84bf4d0aeced20e57de	-	keep-fixture-input	R04	Canonical maintained fixture input or its provenance/license record.
tests/fixtures/input/fonts/sfnt/name-format1-invalid-langtag-references.ttf	4724	file	1c0c1156191464e6035a78cfd08a86a7e1d133263046c73b639f13127ad208b0	-	keep-fixture-input	R04	Canonical maintained fixture input or its provenance/license record.
tests/fixtures/input/fonts/sfnt/name-format1-langtag-count-missing.ttf	4572	file	a761d76c5cea402e454fdda304742af3554c48c23bba7f873a03f36a853ac6f9	-	keep-fixture-input	R04	Canonical maintained fixture input or its provenance/license record.
tests/fixtures/input/fonts/sfnt/name-format1-langtag-record-overflow.ttf	4572	file	600dbdf2fddcb997f58ec92a5dd25bd4546293580201c8d422d9d9c062e2e61b	-	keep-fixture-input	R04	Canonical maintained fixture input or its provenance/license record.
tests/fixtures/input/fonts/sfnt/name-format1-langtag-string-oob.ttf	4576	file	d3058958abe5df7b0d57b9cef117af71a5d1b1a15ca3ec6a3bf75b416ff7d20d	-	keep-fixture-input	R04	Canonical maintained fixture input or its provenance/license record.
tests/fixtures/input/fonts/sfnt/name-format1-langtag.ttf	4752	file	8e6cd73d96dd081db17db1ab82c0097cad197a9b1d9ba6fb802d270e4e9ad0df	-	keep-fixture-input	R04	Canonical maintained fixture input or its provenance/license record.
tests/fixtures/input/fonts/sfnt/name-format1-prestorage-strings.ttf	4620	file	ab0b37c5d40663ff51003cb2b19899f06bf5d4a1b0c7bf771f42ac5b4029ece3	-	keep-fixture-input	R04	Canonical maintained fixture input or its provenance/license record.
tests/fixtures/input/fonts/sfnt/no-os2.ttf	4824	file	de7e68db76499b335e7488a842133ddfd3930d4a831959ff3c2ee3dcb21784b8	-	keep-fixture-input	R04	Canonical maintained fixture input or its provenance/license record.
tests/fixtures/input/fonts/sfnt/no-vhea.ttf	4936	file	732145b43fb39184136765f7c17151d1a2f1112efd87fe0653329c128a3e8bab	-	keep-fixture-input	R04	Canonical maintained fixture input or its provenance/license record.
tests/fixtures/input/fonts/sfnt/pclt-missing.ttf	4936	file	732145b43fb39184136765f7c17151d1a2f1112efd87fe0653329c128a3e8bab	-	keep-fixture-input	R04	Canonical maintained fixture input or its provenance/license record.
tests/fixtures/input/fonts/sfnt/pclt-present.ttf	5008	file	87a7a8715bf54b63175faf73f1c7b03aaded509e32232b640c5076e3efcf3866	-	keep-fixture-input	R04	Canonical maintained fixture input or its provenance/license record.
tests/fixtures/input/fonts/sfnt/pclt-short.ttf	4964	file	2e610c97452e4dce47c29cdbacdf484b98a2a58d59f385c3cb7b7f597fe57ebc	-	keep-fixture-input	R04	Canonical maintained fixture input or its provenance/license record.
tests/fixtures/input/fonts/sfnt/pclt-version-zero.ttf	5008	file	1e20899794ec54cdab718d8c1f4930ca7b6341bf2165f49f07a666311e9b7913	-	keep-fixture-input	R04	Canonical maintained fixture input or its provenance/license record.
tests/fixtures/input/fonts/sfnt/truncated-maxp.ttf	4908	file	58984faa3d340a5e8298c21f3a6caf03cedd1e5bff5cf4ee8cd6492397a99f1b	-	keep-fixture-input	R04	Canonical maintained fixture input or its provenance/license record.
tests/fixtures/input/fonts/sfnt/vhea-vmtx-present.ttf	5128	file	fd981d3e59996da52124b134f6f6aa9e91f706374531a5af24778b698ddbc9c5	-	keep-fixture-input	R04	Canonical maintained fixture input or its provenance/license record.
tests/fixtures/input/fonts/svg/otsvg-glyph.ttf	5300	file	b26fd60314900cfcd6fcd9c1f0b5a75aff8697df45811a08e2df13a66f4b1798	-	keep-fixture-input	R04	Canonical maintained fixture input or its provenance/license record.
tests/fixtures/input/fonts/synthetic/sfnt/recognized-broken-sfnt.ttf	12	file	028e2518bd2b8b19b650bf2ed80b5dbb7105936e582dd82fff99215313d09295	-	keep-fixture-input	R04	Canonical maintained fixture input or its provenance/license record.
tests/fixtures/input/fonts/truetype/no-gx-tables.ttf	4936	file	732145b43fb39184136765f7c17151d1a2f1112efd87fe0653329c128a3e8bab	-	keep-fixture-input	R04	Canonical maintained fixture input or its provenance/license record.
tests/fixtures/input/fonts/truetype/no-kern.ttf	4936	file	732145b43fb39184136765f7c17151d1a2f1112efd87fe0653329c128a3e8bab	-	keep-fixture-input	R04	Canonical maintained fixture input or its provenance/license record.
tests/fixtures/input/fonts/type1-encoding/custom-array.pfb	1797	file	d0fb1fbd3a99d1fe3c40568d20e7fe4c81722ebd5f257a7b1ec01ecf46f0511f	-	keep-fixture-input	R04	Canonical maintained fixture input or its provenance/license record.
tests/fixtures/input/fonts/type1-encoding/expert.pfb	1706	file	c073aa0fa81b50424c420c27c9e8f8f60409635cfabad738b2ebab41b61df4d3	-	keep-fixture-input	R04	Canonical maintained fixture input or its provenance/license record.
tests/fixtures/input/fonts/type1-encoding/isolatin1.pfb	1733	file	90ad4e420c77be9a0b4593caa4546ccfc56ca1dca7f7d4f80d87049de2856d55	-	keep-fixture-input	R04	Canonical maintained fixture input or its provenance/license record.
tests/fixtures/input/fonts/type1-encoding/no-recognized-encoding.pfb	1695	file	3290aecb7cefa209a099411dab826978029a1556a3cf5101f2f8ea434952a15d	-	keep-fixture-input	R04	Canonical maintained fixture input or its provenance/license record.
tests/fixtures/input/fonts/type1-encoding/standard.pfb	1720	file	1e91b54da8e5f89717c4c6f2d11aebb8cf6a6dbd2e91044136f7b806baf004f0	-	keep-fixture-input	R04	Canonical maintained fixture input or its provenance/license record.
tests/fixtures/input/fonts/type1-mm/adobe-mm-two-axis.pfb	1917	file	e12821cbf92803ea3014e1233cdef763bf65cb50d48c5cabaac7096522691e93	-	keep-fixture-input	R04	Canonical maintained fixture input or its provenance/license record.
tests/fixtures/input/fonts/type1-mm/underline-position.pfb	1980	file	e0211bea76fe1c02181138d321184d125c59d10c25fa511bc288e161da5155be	-	keep-fixture-input	R04	Canonical maintained fixture input or its provenance/license record.
tests/fixtures/input/fonts/type1-mm/underline-thickness.pfb	1979	file	65e0aad861f6c0758a71a5e522b30117817ad556f9e62f396dc071a5442fa975	-	keep-fixture-input	R04	Canonical maintained fixture input or its provenance/license record.
tests/fixtures/input/fonts/type1/attach-afm-base.pfb	1703	file	81b1cc1baa0ba48b1074c4181ea693438e0cc5f1f45bece910616b38f658b47e	-	keep-fixture-input	R04	Canonical maintained fixture input or its provenance/license record.
tests/fixtures/input/fonts/type1/bbox-array-type1.pfb	1717	file	02270886843aaea1317faa8a8ed6f4f6ec2aeb957bf40c35b6b0c4e5a7cf401d	-	keep-fixture-input	R04	Canonical maintained fixture input or its provenance/license record.
tests/fixtures/input/fonts/type1/custom-encoding-array.pfb	1797	file	d0fb1fbd3a99d1fe3c40568d20e7fe4c81722ebd5f257a7b1ec01ecf46f0511f	-	keep-fixture-input	R04	Canonical maintained fixture input or its provenance/license record.
tests/fixtures/input/fonts/type1/expert-encoding.pfb	1706	file	c073aa0fa81b50424c420c27c9e8f8f60409635cfabad738b2ebab41b61df4d3	-	keep-fixture-input	R04	Canonical maintained fixture input or its provenance/license record.
tests/fixtures/input/fonts/type1/fixed-pitch-type1.pfb	1732	file	6428c56b5d6b1adb9510aa49ed9f82b6530b57e482fad06b190103ee1fa6b128	-	keep-fixture-input	R04	Canonical maintained fixture input or its provenance/license record.
tests/fixtures/input/fonts/type1/font-value-populated.pfb	1745	file	33173f1a1a436924844f27f6612e444b31f2ab09ec29b7cd837d5207e25557f8	-	keep-fixture-input	R04	Canonical maintained fixture input or its provenance/license record.
tests/fixtures/input/fonts/type1/invalid-first-segment-type1.pfb	1743	file	8694b3381c3b8128af2a7c84c94f21fb0bc20970f2c9e08cd721e0d3aa3f4ba2	-	keep-fixture-input	R04	Canonical maintained fixture input or its provenance/license record.
tests/fixtures/input/fonts/type1/isolatin1-encoding.pfb	1733	file	90ad4e420c77be9a0b4593caa4546ccfc56ca1dca7f7d4f80d87049de2856d55	-	keep-fixture-input	R04	Canonical maintained fixture input or its provenance/license record.
tests/fixtures/input/fonts/type1/metadata-bold-invalid-bool.pfb	1693	file	70bf9c7e3c78924f778988df9b6b4bcba9b0b47efdef2753169cd48e913cb900	-	keep-fixture-input	R04	Canonical maintained fixture input or its provenance/license record.
tests/fixtures/input/fonts/type1/mm-blend-fontinfo-private.pfb	2004	file	6355c637281edca010fe816ea80b706b85b83e0b065db5b692d82d2fb4e725d1	-	keep-fixture-input	R04	Canonical maintained fixture input or its provenance/license record.
tests/fixtures/input/fonts/type1/no-gx-service.pfa	1694	file	767c9aeb5455062cd1a25e6e032f8f159f165ab43c8e364126ba417791fb8faa	-	keep-fixture-input	R04	Canonical maintained fixture input or its provenance/license record.
tests/fixtures/input/fonts/type1/non-mm-force-bold.pfb	1719	file	a44b149756408a8e2da5012e1aa0217fee4bbe43c43da46efcb70999f7d84e34	-	keep-fixture-input	R04	Canonical maintained fixture input or its provenance/license record.
tests/fixtures/input/fonts/type1/simple-type1.pfb	1694	file	767c9aeb5455062cd1a25e6e032f8f159f165ab43c8e364126ba417791fb8faa	-	keep-fixture-input	R04	Canonical maintained fixture input or its provenance/license record.
tests/fixtures/input/fonts/type1/standard-encoding.pfb	1720	file	1e91b54da8e5f89717c4c6f2d11aebb8cf6a6dbd2e91044136f7b806baf004f0	-	keep-fixture-input	R04	Canonical maintained fixture input or its provenance/license record.
tests/fixtures/input/fonts/type1/track-kern-base.pfb	1703	file	8ad5cad5c428e2f3957265a899b1d11541a39d39cf732bd670ced0a67c5c587f	-	keep-fixture-input	R04	Canonical maintained fixture input or its provenance/license record.
tests/fixtures/input/fonts/type42/fontinfo-and-glyph-names.t42	2591	file	82bd7b982db5b30a887ab28f0f5b624abfdefd4300b5cd4a2225d7a6c3e617cf	-	keep-fixture-input	R04	Canonical maintained fixture input or its provenance/license record.
tests/fixtures/input/fonts/variable/avar-wght-wdth.ttf	9100	file	c7ed80798946454f6cfe76e35e8fa12312eb8ee5a67b6aad5872b81ed4892054	-	keep-fixture-input	R04	Canonical maintained fixture input or its provenance/license record.
tests/fixtures/input/fonts/variable/compact-variable.ttf	9100	file	c7ed80798946454f6cfe76e35e8fa12312eb8ee5a67b6aad5872b81ed4892054	-	keep-fixture-input	R04	Canonical maintained fixture input or its provenance/license record.
tests/fixtures/input/fonts/variable/fvar-axis-count-too-large.ttf	8920	file	798c3c5616d2df12d361af8668921a0d51aaa1ddad4864684deeb9cd248f3427	-	keep-fixture-input	R04	Canonical maintained fixture input or its provenance/license record.
tests/fixtures/input/fonts/variable/fvar-axis-size-long.ttf	9104	file	c4d7638ba30f9806dff30f456b2f57e205b24124fedccd708ddd121b1f02a553	-	keep-fixture-input	R04	Canonical maintained fixture input or its provenance/license record.
tests/fixtures/input/fonts/variable/fvar-axis-size-short.ttf	9100	file	18652ff465b1ec326a361a02046ed209e3a50f70588efd94a8838f6adcb41f11	-	keep-fixture-input	R04	Canonical maintained fixture input or its provenance/license record.
tests/fixtures/input/fonts/variable/fvar-instance-array-short.ttf	8960	file	3380d1c030f93beec3e3e9b8bd466207e9694e06edc74c6dd0dad9a2f27beffa	-	keep-fixture-input	R04	Canonical maintained fixture input or its provenance/license record.
tests/fixtures/input/fonts/variable/fvar-instance-count-too-large.ttf	8920	file	cb70640cee8880105adffbd3e197ad4e92b08275f667fbb67726c8b0e5dafbc6	-	keep-fixture-input	R04	Canonical maintained fixture input or its provenance/license record.
tests/fixtures/input/fonts/variable/fvar-instance-postscript-name.ttf	9124	file	487a56138ec68814dc7a84f757c723545f459a1affd6d79d924f6bbd8ca5dea9	-	keep-fixture-input	R04	Canonical maintained fixture input or its provenance/license record.
tests/fixtures/input/fonts/variable/fvar-instance-size-long.ttf	9148	file	fad6d7527c22eb3344df9ec1e5718c72edf3b3554bda15efe3ecc996aa9a3282	-	keep-fixture-input	R04	Canonical maintained fixture input or its provenance/license record.
tests/fixtures/input/fonts/variable/fvar-instance-size-short.ttf	9088	file	cc6cc4e2f7262c4e85306a67b963a563d9024f7d2bebd74ac6601b1cbb9502e7	-	keep-fixture-input	R04	Canonical maintained fixture input or its provenance/license record.
tests/fixtures/input/fonts/variable/fvar-minor-version-1.ttf	9100	file	0c1d094b80c3a8f177c464156d874e0a306eb996cf4dc87b704dc1ac6b4077e2	-	keep-fixture-input	R04	Canonical maintained fixture input or its provenance/license record.
tests/fixtures/input/fonts/variable/fvar-short.ttf	8908	file	7594a1df018a444b4006743736e385dc2caed9fe4b9bd26a11c691a23ef178d5	-	keep-fixture-input	R04	Canonical maintained fixture input or its provenance/license record.
tests/fixtures/input/fonts/variable/fvar-version-2.ttf	8920	file	94c53232601099d38280a11a9747005791351356b0aeb936699ae2b0558788da	-	keep-fixture-input	R04	Canonical maintained fixture input or its provenance/license record.
tests/fixtures/input/fonts/variable/fvar-zero-axis.ttf	8920	file	0948c11f8322966dfdeffd9cb38c338d50ea2011fdf1e513176eefdc460d62a8	-	keep-fixture-input	R04	Canonical maintained fixture input or its provenance/license record.
tests/fixtures/input/fonts/variable/gvar-hvar-wght.ttf	9100	file	8f341d255543bfd094a84a24f4c28cf541519c06b00e618b587a327be900c682	-	keep-fixture-input	R04	Canonical maintained fixture input or its provenance/license record.
tests/fixtures/input/fonts/variable/hidden-axis.ttf	9100	file	a9c3f033abdb94f34f2b83a9bfcd3c5898742b00b2135166f9417881e64e918b	-	keep-fixture-input	R04	Canonical maintained fixture input or its provenance/license record.
tests/fixtures/input/fonts/variable/inter-wght.ttf	6056	file	e65458e6a679918f3172b9a1d0853dd2d8e41289575999340ec6f7d23f333ff4	-	keep-fixture-input	R04	Canonical maintained fixture input or its provenance/license record.
tests/fixtures/input/fonts/variable/multi-axis-named-instances.ttf	9100	file	8f341d255543bfd094a84a24f4c28cf541519c06b00e618b587a327be900c682	-	keep-fixture-input	R04	Canonical maintained fixture input or its provenance/license record.
tests/fixtures/input/fonts/variable/multi-axis-visible.ttf	9100	file	c7ed80798946454f6cfe76e35e8fa12312eb8ee5a67b6aad5872b81ed4892054	-	keep-fixture-input	R04	Canonical maintained fixture input or its provenance/license record.
tests/fixtures/input/fonts/variable/mvar-hvar-vvar.ttf	9332	file	50e3f01eb6f4f8315e6fb22230fe58cad91403ddd82ff320b8160da6cc5e98ef	-	keep-fixture-input	R04	Canonical maintained fixture input or its provenance/license record.
tests/fixtures/input/fonts/variable/named-instance-missing-psid.ttf	9100	file	8f341d255543bfd094a84a24f4c28cf541519c06b00e618b587a327be900c682	-	keep-fixture-input	R04	Canonical maintained fixture input or its provenance/license record.
tests/fixtures/input/fonts/variable/named-instances-hidden-axis.ttf	9100	file	a9c3f033abdb94f34f2b83a9bfcd3c5898742b00b2135166f9417881e64e918b	-	keep-fixture-input	R04	Canonical maintained fixture input or its provenance/license record.
tests/fixtures/input/fonts/variable/named-instances-wght-wdth.ttf	9100	file	8f341d255543bfd094a84a24f4c28cf541519c06b00e618b587a327be900c682	-	keep-fixture-input	R04	Canonical maintained fixture input or its provenance/license record.
tests/fixtures/input/fonts/variable/variable-name-apple-english-subfamily.ttf	8064	file	dcc49253fc03d48ea2738c7a158d0bfc30bba0d5e4c48bf13a58fde815ce0a0b	-	keep-fixture-input	R04	Canonical maintained fixture input or its provenance/license record.
tests/fixtures/input/fonts/variable/variable-name-apple-prefix.ttf	8072	file	fa98aa0ffd8efb0ac1eea7de0b04d1e7c130fd18b79905118258fe248c874ad4	-	keep-fixture-input	R04	Canonical maintained fixture input or its provenance/license record.
tests/fixtures/input/fonts/variable/variable-name-long-postscript.ttf	8624	file	7d8d06b4317b0f444da979b97069b32ce54fe92518778f06f6846268237bdf80	-	keep-fixture-input	R04	Canonical maintained fixture input or its provenance/license record.
tests/fixtures/input/fonts/variable/variable-name-missing-subfamily.ttf	8108	file	3aedb3aabe0469c1b3f1ff065914ef29822c980043e5560bacd86840fa6c97d4	-	keep-fixture-input	R04	Canonical maintained fixture input or its provenance/license record.
tests/fixtures/input/fonts/variable/variable-name-odd-win-prefix.ttf	8048	file	3bd1b44980a333efc62aa3e84c8c3a87c693b9563b56e6a3777bd6a09af1d5a1	-	keep-fixture-input	R04	Canonical maintained fixture input or its provenance/license record.
tests/fixtures/input/fonts/variable/variable-name-prefix-branch-matrix.ttf	8136	file	8afc3dd0299cdeb326981e2c59ca1da2b2983d6084aaaa4f27887b9be0a1c559	-	keep-fixture-input	R04	Canonical maintained fixture input or its provenance/license record.
tests/fixtures/input/fonts/variable/variable-name-subfamily-conversion.ttf	8136	file	656cae3b7ba1babcacbc2df5745ec7396fa1218a09b639fa479c9c74f533f723	-	keep-fixture-input	R04	Canonical maintained fixture input or its provenance/license record.
tests/fixtures/input/fonts/variable/variable-name-unicode-prefix.ttf	8084	file	64de26dc0261e58eade4c58a36db0c419fd66d7bf01100b5a237c5dc94179bea	-	keep-fixture-input	R04	Canonical maintained fixture input or its provenance/license record.
tests/fixtures/input/fonts/variable/variable-name-windows-subfamily-fallback.ttf	8160	file	bede1c33f671bc29d23607a191d823d13ed9a68687c5a410b3c3f6967704ae4e	-	keep-fixture-input	R04	Canonical maintained fixture input or its provenance/license record.
tests/fixtures/input/fonts/variable/wght-wdth-opsz.ttf	4636	file	443c8ca4a9db04faa7ab39fb2a31b22871228d213c9956b09ae1ff01b149696a	-	keep-fixture-input	R04	Canonical maintained fixture input or its provenance/license record.
tests/fixtures/input/fonts/variation/mvar-vertical-metrics.ttf	9332	file	50e3f01eb6f4f8315e6fb22230fe58cad91403ddd82ff320b8160da6cc5e98ef	-	keep-fixture-input	R04	Canonical maintained fixture input or its provenance/license record.
tests/fixtures/input/fonts/winfnt/bitmap-header.fnt	171	file	f1d7cd2302b695c76b5f1f4787e39069e8c6f5618ec1eb8d3b15fbca1f6bfdc4	-	keep-fixture-input	R04	Canonical maintained fixture input or its provenance/license record.
tests/fixtures/input/fonts/winfnt/charset/cp1250-238.fnt	169	file	9a8a7cce5f8144d20a0eb266d86af0bf1aa71e702d60fc41d380361969e824df	-	keep-fixture-input	R04	Canonical maintained fixture input or its provenance/license record.
tests/fixtures/input/fonts/winfnt/charset/cp1251-204.fnt	169	file	278cbd5d2b0551e5057dfa3aa5aaba99b89e0dadfa17f25e6003450b8744c0c8	-	keep-fixture-input	R04	Canonical maintained fixture input or its provenance/license record.
tests/fixtures/input/fonts/winfnt/charset/cp1252-0.fnt	169	file	90afc1fe9e7752421d0f9c05d5758344540723339d4afb6305ec1eedd2c3653c	-	keep-fixture-input	R04	Canonical maintained fixture input or its provenance/license record.
tests/fixtures/input/fonts/winfnt/charset/cp1253-161.fnt	169	file	c71c2fc398bb44a37e4b21d1d451bfc77db633d1d431f2832b2f22dc4c5fdd90	-	keep-fixture-input	R04	Canonical maintained fixture input or its provenance/license record.
tests/fixtures/input/fonts/winfnt/charset/cp1254-162.fnt	169	file	1f02e4080f5ca78cbff5e70a59318805279138dc32395be253b1729a40e75e25	-	keep-fixture-input	R04	Canonical maintained fixture input or its provenance/license record.
tests/fixtures/input/fonts/winfnt/charset/cp1255-177.fnt	169	file	2d05887c97766182d5485ee009a4a14ee35496854a7c0d8f00668bf22b1a33c0	-	keep-fixture-input	R04	Canonical maintained fixture input or its provenance/license record.
tests/fixtures/input/fonts/winfnt/charset/cp1256-178.fnt	169	file	f5ee20faea1fbcd9d50d222306cd0105347b89e9cad1d4e26cfe6d40908a7dcd	-	keep-fixture-input	R04	Canonical maintained fixture input or its provenance/license record.
tests/fixtures/input/fonts/winfnt/charset/cp1257-186.fnt	169	file	ace1cbf80212519902d029b6dbb3884175d497dad225164195ba3573bf804431	-	keep-fixture-input	R04	Canonical maintained fixture input or its provenance/license record.
tests/fixtures/input/fonts/winfnt/charset/cp1258-163.fnt	169	file	9586604600d9bb77913269afc6accab0b9ffb0edf9fd352e0fc08bdfbd930778	-	keep-fixture-input	R04	Canonical maintained fixture input or its provenance/license record.
tests/fixtures/input/fonts/winfnt/charset/cp1361-130.fnt	169	file	438ed2a08afb1fa39dc25e7a3a13dfbe20a6da7c2a29f341c05e9a0845dec5f3	-	keep-fixture-input	R04	Canonical maintained fixture input or its provenance/license record.
tests/fixtures/input/fonts/winfnt/charset/cp874-222.fnt	168	file	17486904887b597a4b61b01b8a22988f262cb260edad19f860142a1e3f364b72	-	keep-fixture-input	R04	Canonical maintained fixture input or its provenance/license record.
tests/fixtures/input/fonts/winfnt/charset/cp932-128.fnt	168	file	9c7bb3f39b087c47e7681bd829f05a3a64010f432c5bb98c3ac956c9d66d4a4f	-	keep-fixture-input	R04	Canonical maintained fixture input or its provenance/license record.
tests/fixtures/input/fonts/winfnt/charset/cp936-134.fnt	168	file	cd62f1824ca73b71fbd2cda20c3e59857f5b4f925566d0683ffff96df00b0357	-	keep-fixture-input	R04	Canonical maintained fixture input or its provenance/license record.
tests/fixtures/input/fonts/winfnt/charset/cp949-129.fnt	168	file	4d7af5c49643441a900a6d5a8fdef853f8f9a2b6c161ee9a2c974c25ff00823c	-	keep-fixture-input	R04	Canonical maintained fixture input or its provenance/license record.
tests/fixtures/input/fonts/winfnt/charset/cp950-136.fnt	168	file	fff4ab03ae8feea8cb8d95da995b02001b09785a2f6d023ad5d01e1ba3ce86d8	-	keep-fixture-input	R04	Canonical maintained fixture input or its provenance/license record.
tests/fixtures/input/fonts/winfnt/charset/mac-77.fnt	166	file	9ef6fb84a3ed0dc0809d7f80502b0aa24f2edf4648179ebdad46cd85a2cf9b53	-	keep-fixture-input	R04	Canonical maintained fixture input or its provenance/license record.
tests/fixtures/input/fonts/winfnt/charset/oem-255.fnt	166	file	e43a9691ba867214881b88548e72e50c6536e2394cdccd24779aeee514386d42	-	keep-fixture-input	R04	Canonical maintained fixture input or its provenance/license record.
tests/fixtures/input/fonts/winfnt/charset/symbol-2.fnt	169	file	3f168affee70b695d42d6e6c4c13778f706bc9a3c1eab8d1bc3e370a18319e1f	-	keep-fixture-input	R04	Canonical maintained fixture input or its provenance/license record.
tests/fixtures/input/fonts/winfnt/ushort-fields-known.fnt	201	file	17edba0f60787305cd5d9567c8732bcde45d0c57202b5ddafc9e20e035fb88ce	-	keep-fixture-input	R04	Canonical maintained fixture input or its provenance/license record.
tests/fixtures/input/generated/bdf/bbx-too-big.bdf	238	file	4b6f4009ff818ed2667ad45d6c1274a1f53d87868e85d6af7402498e7585730d	-	keep-fixture-input	R04	Canonical maintained fixture input or its provenance/license record.
tests/fixtures/input/generated/bdf/corrupted-glyphs.bdf	221	file	88f7c9f9e33fc208bd238f237476ce9003ef1027cb61e755fce730f47bc23f46	-	keep-fixture-input	R04	Canonical maintained fixture input or its provenance/license record.
tests/fixtures/input/generated/bdf/corrupted-header.bdf	40	file	e167ee4bbc027a48047cd90ce003714dadd342090e87261b9b1d099c41531391	-	keep-fixture-input	R04	Canonical maintained fixture input or its provenance/license record.
tests/fixtures/input/generated/fonts/not-a-font.bin	10	file	af4d9eef04c124f5f634d62e071cf4d46c82f08181210b1d0368ccf351e17ebb	-	keep-fixture-input	R04	Canonical maintained fixture input or its provenance/license record.
tests/fixtures/input/generated/sfnt/invalid-post-format.ttf	3980	file	838eb9f46f4ccf3707d420fafc89dba14eba794a3c28c183e4ac3cf748305d7a	-	keep-fixture-input	R04	Canonical maintained fixture input or its provenance/license record.
tests/fixtures/input/generated/sfnt/missing-hmtx.ttf	4696	file	351d095016c91f3305c41f80903ab95eaecf959a176325c8310becbcd5799456	-	keep-fixture-input	R04	Canonical maintained fixture input or its provenance/license record.
tests/fixtures/input/generated/sfnt/zero-units-per-em-autohint.ttf	580	file	f1ad285ec056c8c840574ee64491f52a139f9a778cfa7ce88fef3479203f4126	-	keep-fixture-input	R04	Canonical maintained fixture input or its provenance/license record.
tests/fixtures/input/malformed/ttc/count-overflows-offset-array.ttc	12	file	1533fa15a84dbda497a83047c3aa6cd660d6e827ff404d80cdf00f6a6d76870a	-	keep-fixture-input	R04	Canonical maintained fixture input or its provenance/license record.
tests/fixtures/input/outlines/stroker/manual-paths.json	212	file	afb1f3cd38432d1a0917ecf15f24b293311f38e6a3621628afeef3a576dba410	-	keep-fixture-input	R04	Canonical maintained fixture input or its provenance/license record.
tests/fixtures/input/outlines/stroker/open-line-caps.json	160	file	c162fa93413e6e04f7ea78dc658b6b01692d9abf1cae70addaa937f9adf58f99	-	keep-fixture-input	R04	Canonical maintained fixture input or its provenance/license record.
tests/fixtures/input/outlines/stroker/parse-line-conic-cubic.json	1359	file	1a6bc7c7bad265cd3760f2ecafea1a9260b89097021fe90627362c84aeda672d	-	keep-fixture-input	R04	Canonical maintained fixture input or its provenance/license record.
tests/fixtures/input/outlines/stroker/round-join-line-conic-cubic.json	554	file	c1ac9e68c268f603574749c30dd52fe2aa1abb84a040b11200a63f124d3c6728	-	keep-fixture-input	R04	Canonical maintained fixture input or its provenance/license record.
tests/fixtures/input/outlines/stroker/set-attribute-matrix.json	570	file	2bfd03ee32c72e6610642dd21c39771312b565539fbc437ccd1a53510f220a42	-	keep-fixture-input	R04	Canonical maintained fixture input or its provenance/license record.
tests/fixtures/input/outlines/stroker/wide-curve-joins.json	264	file	91ce9086856569a53d32e2d5443a0c01dcbc26e76fd440ce99cff77093d97266	-	keep-fixture-input	R04	Canonical maintained fixture input or its provenance/license record.
tests/fixtures/inputs/constants.json	26007	file	eb400de0beb67f10703db1aebc3cf1b25e46993911901eedb935912530c94727	-	keep-test-contract	R03	Maintained parity test, contract, focused fixture, source, or support file.
tests/fixtures/inputs/ft_get_char_index.json	2367	file	b8f882d75db4599f2bcda716c93867a8207fea02adca3ec4913c91fc055478a7	-	keep-test-contract	R03	Maintained parity test, contract, focused fixture, source, or support file.
tests/fixtures/inputs/ft_load_char.json	5019	file	f6d845294739e0f312ac91842eb75998ff9446b49ab148a25a3abac026b46f74	-	keep-test-contract	R03	Maintained parity test, contract, focused fixture, source, or support file.
tests/fixtures/inputs/ft_load_glyph.json	2538	file	6dd26bbb3ab6ee2f55da80314c635c53fd39946a75e941029fcb5a261bb80395	-	keep-test-contract	R03	Maintained parity test, contract, focused fixture, source, or support file.
tests/fixtures/inputs/ft_new_memory_face.json	2310	file	fb433e02e2e7807fa64345e40afd5f5a2d1d5344d44ba089003897068c7d21e7	-	keep-test-contract	R03	Maintained parity test, contract, focused fixture, source, or support file.
tests/fixtures/inputs/ft_render_glyph.json	7953	file	fa422c1a46a2e4fdec7afdc394783041beee0dd3b6645c50615f5d8a2c08ae64	-	keep-test-contract	R03	Maintained parity test, contract, focused fixture, source, or support file.
tests/fixtures/inputs/ft_set_char_size.json	2403	file	46f73c522c331c46f5f0cb27e256edab387b0dec2d7f7b3ab756c24d2f7d5fe9	-	keep-test-contract	R03	Maintained parity test, contract, focused fixture, source, or support file.
tests/fixtures/inputs/ft_set_pixel_sizes.json	2289	file	455bdc07132d717f58bec62868bdb61e9bae2b6637d4bbdf4e156b88edfec228	-	keep-test-contract	R03	Maintained parity test, contract, focused fixture, source, or support file.
tests/fixtures/inputs/ft_size_metrics.json	2301	file	77a5df3ee71f06f8d3a8fa5a8ccc45372262968b4a09a463c8a51902fa5b774b	-	keep-test-contract	R03	Maintained parity test, contract, focused fixture, source, or support file.
tests/fixtures/inputs/public-api/freetype.FT_Attach_File.json	4931	file	4a2bb32d789af2a36a9327e97f5116e96e1508f6ab976cc33f3319bbe2929ecf	-	keep-public-contract	R03	Executable public API parity input validated against tests/manifest.yaml.
tests/fixtures/inputs/public-api/freetype.FT_Attach_Stream.json	5314	file	fbf5d8238f7c57b52934ac9d08a2d997938cdad3c3e138c754a2605e31b3982d	-	keep-public-contract	R03	Executable public API parity input validated against tests/manifest.yaml.
tests/fixtures/inputs/public-api/freetype.FT_Bitmap_Size.json	3245	file	263589af16bba6fc2d115ac3914748bb897dd1dcf610802f0457ee00e7808002	-	keep-public-contract	R03	Executable public API parity input validated against tests/manifest.yaml.
tests/fixtures/inputs/public-api/freetype.FT_CeilFix.json	3032	file	e7d07bb12993e06d87ee76d5b8ae2697e88a21714e5f907b72932c5db71b6cbf	-	keep-public-contract	R03	Executable public API parity input validated against tests/manifest.yaml.
tests/fixtures/inputs/public-api/freetype.FT_CharMap.json	3970	file	09ee2323ca37a27e2dca12f83a950f621dd6dc96b0e22ea2bf38aa071bef1d59	-	keep-public-contract	R03	Executable public API parity input validated against tests/manifest.yaml.
tests/fixtures/inputs/public-api/freetype.FT_CharMapRec.json	3151	file	20284c7887525dcd2f1d58ce0dd8f0e43db92e5dcd90ce34c3b4da5138435f70	-	keep-public-contract	R03	Executable public API parity input validated against tests/manifest.yaml.
tests/fixtures/inputs/public-api/freetype.FT_DivFix.json	3809	file	87d53c5070567e01b702ae9fdcf76a3f1f505be7e1436282a0a4fd6fce9632d9	-	keep-public-contract	R03	Executable public API parity input validated against tests/manifest.yaml.
tests/fixtures/inputs/public-api/freetype.FT_Done_Face.json	4475	file	d25b672326b0b1b6ca6298b8952de4010263ce03e626bd8d42e24b19d4eff23c	-	keep-public-contract	R03	Executable public API parity input validated against tests/manifest.yaml.
tests/fixtures/inputs/public-api/freetype.FT_Done_FreeType.json	3486	file	9a42d1da535ec82609560686fda749083a2ffbe03f0b44f3fc09540140e1ca55	-	keep-public-contract	R03	Executable public API parity input validated against tests/manifest.yaml.
tests/fixtures/inputs/public-api/freetype.FT_Driver.json	2693	file	b03693481f66b9dc6e0f0f483c78589ea5e424cf6c786ed91ed8ce23f7dc01c9	-	keep-public-contract	R03	Executable public API parity input validated against tests/manifest.yaml.
tests/fixtures/inputs/public-api/freetype.FT_ENCODING_ADOBE_CUSTOM.json	1410	file	6af9fb8007dd6d667e92b85edb2ca3dc7abd14af4dcc0a7d0b44a8e8a9c6417d	-	keep-public-contract	R03	Executable public API parity input validated against tests/manifest.yaml.
tests/fixtures/inputs/public-api/freetype.FT_ENCODING_ADOBE_EXPERT.json	1410	file	7e448a8362340bdcbe964c292de5df151e3902951cabfc19fa0909020bf29687	-	keep-public-contract	R03	Executable public API parity input validated against tests/manifest.yaml.
tests/fixtures/inputs/public-api/freetype.FT_ENCODING_ADOBE_LATIN_1.json	1414	file	925cb26f7fa4aa684f4ebfe52142b03bc07bf952e5f27e6d5c423a6fc0809550	-	keep-public-contract	R03	Executable public API parity input validated against tests/manifest.yaml.
tests/fixtures/inputs/public-api/freetype.FT_ENCODING_ADOBE_STANDARD.json	1418	file	272056bd488a3018075e3417e6e000388ebd15e6b50319970d053a30133afbf5	-	keep-public-contract	R03	Executable public API parity input validated against tests/manifest.yaml.
tests/fixtures/inputs/public-api/freetype.FT_ENCODING_APPLE_ROMAN.json	2941	file	f17949803272bccbd83dd0728b5660d3b25e37dae607e0141792774907708208	-	keep-public-contract	R03	Executable public API parity input validated against tests/manifest.yaml.
tests/fixtures/inputs/public-api/freetype.FT_ENCODING_BIG5.json	2809	file	a1e0909b42ec00d15432b4dd2d7c4ae5d840a698b62e0f5c25d1dd43d4968892	-	keep-public-contract	R03	Executable public API parity input validated against tests/manifest.yaml.
tests/fixtures/inputs/public-api/freetype.FT_ENCODING_GB2312.json	2915	file	adbe9a7d4f663bb5b857f21c9d0730040b804ccccd5ceb3d4badbcaa3c5793b1	-	keep-public-contract	R03	Executable public API parity input validated against tests/manifest.yaml.
tests/fixtures/inputs/public-api/freetype.FT_ENCODING_JOHAB.json	2817	file	b8b73eaaf672dee199a005f7ac6219fabfa968c8e5ac2f1b0d933b2ee6040d70	-	keep-public-contract	R03	Executable public API parity input validated against tests/manifest.yaml.
tests/fixtures/inputs/public-api/freetype.FT_ENCODING_MS_BIG5.json	1432	file	b40666161ae347e012cefe00e3070dba5fa67b714039c540b7e3ec0f1edb3566	-	keep-public-contract	R03	Executable public API parity input validated against tests/manifest.yaml.
tests/fixtures/inputs/public-api/freetype.FT_ENCODING_MS_GB2312.json	1439	file	7b7a6d6158da93571a3d642bbc11380a516d94425149272d0c255a39037a668c	-	keep-public-contract	R03	Executable public API parity input validated against tests/manifest.yaml.
tests/fixtures/inputs/public-api/freetype.FT_ENCODING_MS_JOHAB.json	1437	file	005a598710709b2bfaa544799a97581f534d07bcdc80d7a48edfa97b409dc00f	-	keep-public-contract	R03	Executable public API parity input validated against tests/manifest.yaml.
tests/fixtures/inputs/public-api/freetype.FT_ENCODING_MS_SJIS.json	1432	file	db083cbea03c800c2d2b3f9710b48bb4302330baedd804562fd00b464ebca8c6	-	keep-public-contract	R03	Executable public API parity input validated against tests/manifest.yaml.
tests/fixtures/inputs/public-api/freetype.FT_ENCODING_MS_SYMBOL.json	2933	file	b39f7f1066f837209d09f592d1d2de629332efaf2c91ebe19640e75a287c5f54	-	keep-public-contract	R03	Executable public API parity input validated against tests/manifest.yaml.
tests/fixtures/inputs/public-api/freetype.FT_ENCODING_MS_WANSUNG.json	1447	file	e8a8f3c4263f70bb50ace1711059a20b362d39fb434467e976b3716dc1da11ec	-	keep-public-contract	R03	Executable public API parity input validated against tests/manifest.yaml.
tests/fixtures/inputs/public-api/freetype.FT_ENCODING_NONE.json	2980	file	8afe45138658a807bd2987d69491e887fa357cd6d078a8987e855f11a4b8f473	-	keep-public-contract	R03	Executable public API parity input validated against tests/manifest.yaml.
tests/fixtures/inputs/public-api/freetype.FT_ENCODING_OLD_LATIN_2.json	1406	file	d937f4c87c0af7b57e1430bb1e177c17ab2b641fb80db8f205bc10de8714116c	-	keep-public-contract	R03	Executable public API parity input validated against tests/manifest.yaml.
tests/fixtures/inputs/public-api/freetype.FT_ENCODING_PRC.json	2869	file	7dad4a129ccb234ed5fa01415b8d4b6f3f84ade082143bf4c7af6110e90fd18b	-	keep-public-contract	R03	Executable public API parity input validated against tests/manifest.yaml.
tests/fixtures/inputs/public-api/freetype.FT_ENCODING_SJIS.json	2883	file	72ba81f7d6ba60438ce300ed426086e604fd9022f1d9300825c129b6b02d2080	-	keep-public-contract	R03	Executable public API parity input validated against tests/manifest.yaml.
tests/fixtures/inputs/public-api/freetype.FT_ENCODING_UNICODE.json	2861	file	1a9f2a148908468b57f5d7f329683e0a6d600c583601c2714db95b624e154318	-	keep-public-contract	R03	Executable public API parity input validated against tests/manifest.yaml.
tests/fixtures/inputs/public-api/freetype.FT_ENCODING_WANSUNG.json	2901	file	556483a34dd93578117c25c670ac38d9e26140e253cef8cca3ed27fbfbbb08a5	-	keep-public-contract	R03	Executable public API parity input validated against tests/manifest.yaml.
tests/fixtures/inputs/public-api/freetype.FT_ENC_TAG.json	3128	file	0c6eb384b0f7dea85cf61a16e05d6e6c0890477017761a9e19c84b9e4de7ad96	-	keep-public-contract	R03	Executable public API parity input validated against tests/manifest.yaml.
tests/fixtures/inputs/public-api/freetype.FT_Encoding.json	3578	file	4633573ae6ba9cf09edeaf4b0496f884bf00836281f5676bcdd3552a99a3ac02	-	keep-public-contract	R03	Executable public API parity input validated against tests/manifest.yaml.
tests/fixtures/inputs/public-api/freetype.FT_FACE_FLAG_CID_KEYED.json	2591	file	c44133f13574149472912198ac6b1eba4c376873800b94b0f296207bd1c5c010	-	keep-public-contract	R03	Executable public API parity input validated against tests/manifest.yaml.
tests/fixtures/inputs/public-api/freetype.FT_FACE_FLAG_COLOR.json	2434	file	5d4c3c0a52b65c5733f49660b1282d005c8a8f55dac0144fc7255bdc2c89afec	-	keep-public-contract	R03	Executable public API parity input validated against tests/manifest.yaml.
tests/fixtures/inputs/public-api/freetype.FT_FACE_FLAG_EXTERNAL_STREAM.json	2454	file	9d94ee3e312a16ff9fbc09f6f41c126d289a37e85cf29fde366a6a36af92bb74	-	keep-public-contract	R03	Executable public API parity input validated against tests/manifest.yaml.
tests/fixtures/inputs/public-api/freetype.FT_FACE_FLAG_FAST_GLYPHS.json	1217	file	a753728ffd6586e54c0e0be5941a26cc05a84eebe0ca3da1beded91b6ad992b4	-	keep-public-contract	R03	Executable public API parity input validated against tests/manifest.yaml.
tests/fixtures/inputs/public-api/freetype.FT_FACE_FLAG_FIXED_SIZES.json	2638	file	01760c1791cfd0aaff22cbd297932743f2ef7a937524ae26f39e0111cb969426	-	keep-public-contract	R03	Executable public API parity input validated against tests/manifest.yaml.
tests/fixtures/inputs/public-api/freetype.FT_FACE_FLAG_FIXED_WIDTH.json	3912	file	8451706b99bff6037822ef7561c8f95797ac44e7b239365049538198d8d8419f	-	keep-public-contract	R03	Executable public API parity input validated against tests/manifest.yaml.
tests/fixtures/inputs/public-api/freetype.FT_FACE_FLAG_GLYPH_NAMES.json	2330	file	1c4dfba2ec539c0e1bad236683d437ccc5b9e783ed074e2dcfe2ded6995929c7	-	keep-public-contract	R03	Executable public API parity input validated against tests/manifest.yaml.
tests/fixtures/inputs/public-api/freetype.FT_FACE_FLAG_HINTER.json	2234	file	356a421e25cb5a1c7f8f77eb5036e2c96f1057b11e40fc6260f21f0d9210eb1d	-	keep-public-contract	R03	Executable public API parity input validated against tests/manifest.yaml.
tests/fixtures/inputs/public-api/freetype.FT_FACE_FLAG_HORIZONTAL.json	2393	file	e7b132047323e635c0dcc3cca0e75d546c55da0bf15768be675a918cfb746ef7	-	keep-public-contract	R03	Executable public API parity input validated against tests/manifest.yaml.
tests/fixtures/inputs/public-api/freetype.FT_FACE_FLAG_KERNING.json	2506	file	39970837744c7541775a7d70f2726f8b5899738126e1fdaf555f2a7f1d5d963d	-	keep-public-contract	R03	Executable public API parity input validated against tests/manifest.yaml.
tests/fixtures/inputs/public-api/freetype.FT_FACE_FLAG_MULTIPLE_MASTERS.json	8886	file	b4a0b465f973da2d41d1b019e9ab6eb2ef2daa4c496fc694c36881cb3722c371	-	keep-public-contract	R03	Executable public API parity input validated against tests/manifest.yaml.
tests/fixtures/inputs/public-api/freetype.FT_FACE_FLAG_SBIX.json	2345	file	c363d07f0aab84a1b426330ab2d214e1a992580191b7c944e3459c4923a19859	-	keep-public-contract	R03	Executable public API parity input validated against tests/manifest.yaml.
tests/fixtures/inputs/public-api/freetype.FT_FACE_FLAG_SBIX_OVERLAY.json	2476	file	4f0b878f5fb9237ea7e15085ac6197d735593b81c410a8465c7f991b71de039a	-	keep-public-contract	R03	Executable public API parity input validated against tests/manifest.yaml.
tests/fixtures/inputs/public-api/freetype.FT_FACE_FLAG_SCALABLE.json	2407	file	fe3129fa3e113239de0d0d0f3f7044a40542d534b99447c8e58e17b735cf4768	-	keep-public-contract	R03	Executable public API parity input validated against tests/manifest.yaml.
tests/fixtures/inputs/public-api/freetype.FT_FACE_FLAG_SFNT.json	2198	file	c95b2b1ac557a7d27534e542344dc02439885fbde0e4a5b43d3fbd9c4bed9d6c	-	keep-public-contract	R03	Executable public API parity input validated against tests/manifest.yaml.
tests/fixtures/inputs/public-api/freetype.FT_FACE_FLAG_SVG.json	2349	file	7f09dceb68b67d2cfe12e0a6ba61358d9ca0e15b50c6dc59e53b70f50b8b682d	-	keep-public-contract	R03	Executable public API parity input validated against tests/manifest.yaml.
tests/fixtures/inputs/public-api/freetype.FT_FACE_FLAG_TRICKY.json	2941	file	bac51867a466736baf165e49cd9089ec458cdd5fb163eec2be312ba5150ffcdf	-	keep-public-contract	R03	Executable public API parity input validated against tests/manifest.yaml.
tests/fixtures/inputs/public-api/freetype.FT_FACE_FLAG_VARIATION.json	2520	file	c52683229f95b060f65c8d596ce431f767ba62774dfa1d89bd0e976b76b092bb	-	keep-public-contract	R03	Executable public API parity input validated against tests/manifest.yaml.
tests/fixtures/inputs/public-api/freetype.FT_FACE_FLAG_VERTICAL.json	3297	file	911aba696a120ad446ef58486ffe6ec1a152f92a356960185f32d8da95441684	-	keep-public-contract	R03	Executable public API parity input validated against tests/manifest.yaml.
tests/fixtures/inputs/public-api/freetype.FT_FSTYPE_BITMAP_EMBEDDING_ONLY.json	2547	file	d6ca29f0863a62076cec287474ce9b11cdcbed8a2900c12414ef97509870b2a6	-	keep-public-contract	R03	Executable public API parity input validated against tests/manifest.yaml.
tests/fixtures/inputs/public-api/freetype.FT_FSTYPE_EDITABLE_EMBEDDING.json	2858	file	aaeabe9042469dd6f6e0ed9cdb24fb1abc5cbe3fd58ecdcc1d01032c96a51b75	-	keep-public-contract	R03	Executable public API parity input validated against tests/manifest.yaml.
tests/fixtures/inputs/public-api/freetype.FT_FSTYPE_INSTALLABLE_EMBEDDING.json	2872	file	3e8e6f0ddc34396b9604a2c89a4808c4f38177dc544708cbd5d5b34e83a6396b	-	keep-public-contract	R03	Executable public API parity input validated against tests/manifest.yaml.
tests/fixtures/inputs/public-api/freetype.FT_FSTYPE_NO_SUBSETTING.json	2818	file	a4dc4f2ba1f7ccb7babbc0a419e936acae431e55042f71bac08e743f85f52464	-	keep-public-contract	R03	Executable public API parity input validated against tests/manifest.yaml.
tests/fixtures/inputs/public-api/freetype.FT_FSTYPE_PREVIEW_AND_PRINT_EMBEDDING.json	2916	file	b85acf4cde3c9478c4bae116e50f94f1dbdda781dbd99ee1d759581a9c033399	-	keep-public-contract	R03	Executable public API parity input validated against tests/manifest.yaml.
tests/fixtures/inputs/public-api/freetype.FT_FSTYPE_RESTRICTED_LICENSE_EMBEDDING.json	2928	file	deab968fd254de98052e7bed2040def88493b056e9649d549a0dc5b6a0de92ee	-	keep-public-contract	R03	Executable public API parity input validated against tests/manifest.yaml.
tests/fixtures/inputs/public-api/freetype.FT_Face.json	5033	file	1849c0fcdcb0e9b610d705dd08d224d03edfd20c2e3e33a4fa20eea108d5bbf1	-	keep-public-contract	R03	Executable public API parity input validated against tests/manifest.yaml.
tests/fixtures/inputs/public-api/freetype.FT_FaceRec.json	11973	file	a9b83719d571b95376b2b0aa6fba66dd7d4853614bf3e47e4fac2a8e26aa5072	-	keep-public-contract	R03	Executable public API parity input validated against tests/manifest.yaml.
tests/fixtures/inputs/public-api/freetype.FT_Face_CheckTrueTypePatents.json	2838	file	1793e3408c66659d032242c6093fb23e44224448947c217ecb279b8680f69c70	-	keep-public-contract	R03	Executable public API parity input validated against tests/manifest.yaml.
tests/fixtures/inputs/public-api/freetype.FT_Face_GetCharVariantIndex.json	6462	file	ea8ba89a15a5cf801a424da367d3a7836de2e1e680d4ff87e855005504bc9b25	-	keep-public-contract	R03	Executable public API parity input validated against tests/manifest.yaml.
tests/fixtures/inputs/public-api/freetype.FT_Face_GetCharVariantIsDefault.json	7132	file	fcf5c0b8ccc8b6f82052a40a6df51480330fbc2bad30058d994abb5f8bbc9d01	-	keep-public-contract	R03	Executable public API parity input validated against tests/manifest.yaml.
tests/fixtures/inputs/public-api/freetype.FT_Face_GetCharsOfVariant.json	6879	file	8608fd8f68020bdaca7eff24c439dce91a52540b02aed513bb7738b1646a5cf1	-	keep-public-contract	R03	Executable public API parity input validated against tests/manifest.yaml.
tests/fixtures/inputs/public-api/freetype.FT_Face_GetVariantSelectors.json	4833	file	cfeccd48a892e6beaddca4e1f04d48ca5eae4c6236f06936fabe48852bb87d13	-	keep-public-contract	R03	Executable public API parity input validated against tests/manifest.yaml.
tests/fixtures/inputs/public-api/freetype.FT_Face_GetVariantsOfChar.json	7353	file	5fa5d602dbeed65bc168a31d30eb86672eee98cc5b1705396adaa48e1a3586be	-	keep-public-contract	R03	Executable public API parity input validated against tests/manifest.yaml.
tests/fixtures/inputs/public-api/freetype.FT_Face_Internal.json	2745	file	56300ef157d803d55729c65111f9e76e39a288940790a4dedfe172c3bcfae46d	-	keep-public-contract	R03	Executable public API parity input validated against tests/manifest.yaml.
tests/fixtures/inputs/public-api/freetype.FT_Face_Properties.json	5657	file	b1f5c6b7a24a90f0e2e07cd2dcb3a2c7aa8303e3365c796af7716a6d3d3d8f2b	-	keep-public-contract	R03	Executable public API parity input validated against tests/manifest.yaml.
tests/fixtures/inputs/public-api/freetype.FT_Face_SetUnpatentedHinting.json	3263	file	319d3e09746e8549decfd544e9ac3e5b6466d30e3a5bfd6d19af9e01ee4e2997	-	keep-public-contract	R03	Executable public API parity input validated against tests/manifest.yaml.
tests/fixtures/inputs/public-api/freetype.FT_FloorFix.json	2826	file	64a9e914429987dee88585545d08a6cc82e6051120c623ce63451b83280e7d15	-	keep-public-contract	R03	Executable public API parity input validated against tests/manifest.yaml.
tests/fixtures/inputs/public-api/freetype.FT_Get_Char_Index.json	27485	file	db056de06f8522ca28daf7dd7548638cbd8c0736027f44b9416ef688d87b23ae	-	keep-public-contract	R03	Executable public API parity input validated against tests/manifest.yaml.
tests/fixtures/inputs/public-api/freetype.FT_Get_Charmap_Index.json	2577	file	e3133b5aee27d761786a2edaefd268ea6729c1e347723f85d042428041c00dd6	-	keep-public-contract	R03	Executable public API parity input validated against tests/manifest.yaml.
tests/fixtures/inputs/public-api/freetype.FT_Get_FSType_Flags.json	3352	file	42f1da852f33c276999b0914fb905ca0a6632c48d33c2c52bc65324384a37092	-	keep-public-contract	R03	Executable public API parity input validated against tests/manifest.yaml.
tests/fixtures/inputs/public-api/freetype.FT_Get_First_Char.json	8788	file	3d435b219c806e2f1d7c25ce25522278c481f4e930879d603928a3e3d1010350	-	keep-public-contract	R03	Executable public API parity input validated against tests/manifest.yaml.
tests/fixtures/inputs/public-api/freetype.FT_Get_Glyph_Name.json	21946	file	49e08a4cf4dab7ac0095b0c2363cdebd89c814feef73d226d6235f484c315f38	-	keep-public-contract	R03	Executable public API parity input validated against tests/manifest.yaml.
tests/fixtures/inputs/public-api/freetype.FT_Get_Kerning.json	8436	file	697f974bebbab06c2326222d5a136bb6e8bf9bc24a7ad6ba9b61a13c01987357	-	keep-public-contract	R03	Executable public API parity input validated against tests/manifest.yaml.
tests/fixtures/inputs/public-api/freetype.FT_Get_Name_Index.json	9614	file	94d321ff644e0ca7d95377326e1070cb3ac03bb53319fb19a785fe73b529d10e	-	keep-public-contract	R03	Executable public API parity input validated against tests/manifest.yaml.
tests/fixtures/inputs/public-api/freetype.FT_Get_Next_Char.json	11007	file	85b62509a6b0042caf037625ea9af5aa23a5dc18e309679a164320c42f791d31	-	keep-public-contract	R03	Executable public API parity input validated against tests/manifest.yaml.
tests/fixtures/inputs/public-api/freetype.FT_Get_Postscript_Name.json	18964	file	8743af790d49f82512e004b61d3d68eaaa8b16d95ab465df113874769f6ccb4e	-	keep-public-contract	R03	Executable public API parity input validated against tests/manifest.yaml.
tests/fixtures/inputs/public-api/freetype.FT_Get_SubGlyph_Info.json	11128	file	c6eb5562abe2bf3b5c09593b30232fbb49cdd93bd6e45adbec823f010a352e5c	-	keep-public-contract	R03	Executable public API parity input validated against tests/manifest.yaml.
tests/fixtures/inputs/public-api/freetype.FT_Get_Track_Kerning.json	4183	file	8b713cd81663da1ea3a9924dd2e37f991898b23d4cf3aa71773cfd79b0965611	-	keep-public-contract	R03	Executable public API parity input validated against tests/manifest.yaml.
tests/fixtures/inputs/public-api/freetype.FT_Get_Transform.json	4376	file	38b3d61b113a798809554f9374a666ac5d4a59dcfa4842853e33ca99c0dbc76a	-	keep-public-contract	R03	Executable public API parity input validated against tests/manifest.yaml.
tests/fixtures/inputs/public-api/freetype.FT_GlyphSlot.json	9147	file	8843e1ac133aa848c09bab958738013f5349a3d020411e3e0a95c6bfd2e9cf5f	-	keep-public-contract	R03	Executable public API parity input validated against tests/manifest.yaml.
tests/fixtures/inputs/public-api/freetype.FT_GlyphSlotRec.json	6861	file	63e3dedd44781a7c71dd0fffb716e0e22396e5b805f80cbb7743ae27499d74f2	-	keep-public-contract	R03	Executable public API parity input validated against tests/manifest.yaml.
tests/fixtures/inputs/public-api/freetype.FT_Glyph_Metrics.json	43015	file	84f6ef885209d7a66e4ed8f02cc41a596030803a28e2b24901852ec8c2b29aa4	-	keep-public-contract	R03	Executable public API parity input validated against tests/manifest.yaml.
tests/fixtures/inputs/public-api/freetype.FT_HAS_COLOR.json	3269	file	387e139e3374b8617580f52342237a2fdf5c3f16d3fec1edeabc48211c896412	-	keep-public-contract	R03	Executable public API parity input validated against tests/manifest.yaml.
tests/fixtures/inputs/public-api/freetype.FT_HAS_FAST_GLYPHS.json	2185	file	318c5ac4c7e78f0b8af08c062f45ed1a8670920f2b9eb778339a61fe324502d6	-	keep-public-contract	R03	Executable public API parity input validated against tests/manifest.yaml.
tests/fixtures/inputs/public-api/freetype.FT_HAS_FIXED_SIZES.json	3406	file	391e1423958bbc6496097d1116d65d54e038cade9e6b5cceb6abcf3634ba1073	-	keep-public-contract	R03	Executable public API parity input validated against tests/manifest.yaml.
tests/fixtures/inputs/public-api/freetype.FT_HAS_GLYPH_NAMES.json	5028	file	e76b2c550c5d43e600b1df76d29e53e2421a546891d0e1fb930c2fd5fabed047	-	keep-public-contract	R03	Executable public API parity input validated against tests/manifest.yaml.
tests/fixtures/inputs/public-api/freetype.FT_HAS_HORIZONTAL.json	3422	file	1d6a79b82b0707f347b167b49461343766183abeccb049fb7db95ddda77c4770	-	keep-public-contract	R03	Executable public API parity input validated against tests/manifest.yaml.
tests/fixtures/inputs/public-api/freetype.FT_HAS_KERNING.json	3512	file	ca01f5d343852e24ab665e0ffc884802041e0cc8ea6695a9bb3081490710bfee	-	keep-public-contract	R03	Executable public API parity input validated against tests/manifest.yaml.
tests/fixtures/inputs/public-api/freetype.FT_HAS_MULTIPLE_MASTERS.json	3506	file	91d495c39a8c2d7d5f146e1970f9aee6a8d95f8d5716d70ab4aea9e071eae09f	-	keep-public-contract	R03	Executable public API parity input validated against tests/manifest.yaml.
tests/fixtures/inputs/public-api/freetype.FT_HAS_SBIX.json	3465	file	15a4f62957bdf8e06f59a5d02c09e9847c32c3ad24549905190b38a4937cfb9b	-	keep-public-contract	R03	Executable public API parity input validated against tests/manifest.yaml.
tests/fixtures/inputs/public-api/freetype.FT_HAS_SBIX_OVERLAY.json	3423	file	94bff0ba5855a15b5faffa37b0231c6b113ab8f2731eac8e7a9e2fb19882f4c9	-	keep-public-contract	R03	Executable public API parity input validated against tests/manifest.yaml.
tests/fixtures/inputs/public-api/freetype.FT_HAS_SVG.json	3393	file	ed4438780c56a09be514d721c1fc5bf9993c492776143220581c7487167040d8	-	keep-public-contract	R03	Executable public API parity input validated against tests/manifest.yaml.
tests/fixtures/inputs/public-api/freetype.FT_HAS_VERTICAL.json	3602	file	b8e54ae035f9b4dc498a24a6ebada5f3f9cefe8788809d248ac3b69fc71afb2b	-	keep-public-contract	R03	Executable public API parity input validated against tests/manifest.yaml.
tests/fixtures/inputs/public-api/freetype.FT_IS_CID_KEYED.json	3551	file	bc0eb1385b839cea1f17e4191bf3094a8b5286872d514afadb20de6f0f62cc36	-	keep-public-contract	R03	Executable public API parity input validated against tests/manifest.yaml.
tests/fixtures/inputs/public-api/freetype.FT_IS_FIXED_WIDTH.json	3503	file	646cf37bf523e047f03840dc5848a3108e9bec92a443166132c95cfe35091cb7	-	keep-public-contract	R03	Executable public API parity input validated against tests/manifest.yaml.
tests/fixtures/inputs/public-api/freetype.FT_IS_NAMED_INSTANCE.json	5085	file	66f5254688a95b5b610be86ed70f25ca0abf7d345ee676438aa71ff20f04ec5f	-	keep-public-contract	R03	Executable public API parity input validated against tests/manifest.yaml.
tests/fixtures/inputs/public-api/freetype.FT_IS_SCALABLE.json	3606	file	6e7970e7d5cb97e90a8a5b9578e0baf48d01c23d1150805e276c8e238470115d	-	keep-public-contract	R03	Executable public API parity input validated against tests/manifest.yaml.
tests/fixtures/inputs/public-api/freetype.FT_IS_SFNT.json	3413	file	d2fc34d350e2fdf8c01605de4ef05061e84bbae00684cca2304392e6d40c7ebc	-	keep-public-contract	R03	Executable public API parity input validated against tests/manifest.yaml.
tests/fixtures/inputs/public-api/freetype.FT_IS_TRICKY.json	3475	file	b0f644bbc249a67aee26f402149d470fd8ddd16ad97bc1e25c89d4002744a9b1	-	keep-public-contract	R03	Executable public API parity input validated against tests/manifest.yaml.
tests/fixtures/inputs/public-api/freetype.FT_IS_VARIATION.json	3996	file	484784bd4390cf74375cc6ab076cc67bbc3b59f9ccfb3b74305b55301f45d777	-	keep-public-contract	R03	Executable public API parity input validated against tests/manifest.yaml.
tests/fixtures/inputs/public-api/freetype.FT_Init_FreeType.json	3206	file	3eb9b6c5c08db7664793d6c3638ab6739f7dba24d5771b0d07f8280b63898496	-	keep-public-contract	R03	Executable public API parity input validated against tests/manifest.yaml.
tests/fixtures/inputs/public-api/freetype.FT_KERNING_DEFAULT.json	2656	file	8c1153a7cee2ae991705d72f30c7541a562b72e2e16cdb26bae7da22035f09b6	-	keep-public-contract	R03	Executable public API parity input validated against tests/manifest.yaml.
tests/fixtures/inputs/public-api/freetype.FT_KERNING_UNFITTED.json	2645	file	cde7ffb0e7ad6ac2fc3dc1cf552f6981c81e23d9796868306b04831eb46594e9	-	keep-public-contract	R03	Executable public API parity input validated against tests/manifest.yaml.
tests/fixtures/inputs/public-api/freetype.FT_KERNING_UNSCALED.json	2625	file	b30e58f6149cc6bc5f32aa3f94a843d9604adf36254a20e3ae1034c0360b4976	-	keep-public-contract	R03	Executable public API parity input validated against tests/manifest.yaml.
tests/fixtures/inputs/public-api/freetype.FT_Kerning_Mode.json	2976	file	e047ecdd84505ad5aa03bfecc66f00643085d1cdf3964962546c2a52fcb6d3cb	-	keep-public-contract	R03	Executable public API parity input validated against tests/manifest.yaml.
tests/fixtures/inputs/public-api/freetype.FT_LOAD_ADVANCE_ONLY.json	3602	file	06070afe2df5f994c14c4d72a02745e5a86841160fb41f2595444a6158fda02a	-	keep-public-contract	R03	Executable public API parity input validated against tests/manifest.yaml.
tests/fixtures/inputs/public-api/freetype.FT_LOAD_BITMAP_METRICS_ONLY.json	6191	file	727f050e2a3ef315c4598324857afa2307fd8bbc02d73794be54b626c60e6849	-	keep-public-contract	R03	Executable public API parity input validated against tests/manifest.yaml.
tests/fixtures/inputs/public-api/freetype.FT_LOAD_COLOR.json	3639	file	9453065c1fd62d9c4f54d9b1c8114a8534d475f5254e4d8a0df49a9566e00329	-	keep-public-contract	R03	Executable public API parity input validated against tests/manifest.yaml.
tests/fixtures/inputs/public-api/freetype.FT_LOAD_COMPUTE_METRICS.json	6609	file	1401885bd43a6f79becbe3922495c04297f1fdee1a5209f1341c798160024480	-	keep-public-contract	R03	Executable public API parity input validated against tests/manifest.yaml.
tests/fixtures/inputs/public-api/freetype.FT_LOAD_CROP_BITMAP.json	3604	file	9a00661f135eb8950e60c5bd2739532596695c16761863bd2126a7eab3e622ef	-	keep-public-contract	R03	Executable public API parity input validated against tests/manifest.yaml.
tests/fixtures/inputs/public-api/freetype.FT_LOAD_DEFAULT.json	7859	file	59b7d6b0164aaff52d717ffbcb3e1a48af66f7f9e2dd7bcb8dcfee7a4ec4fc9d	-	keep-public-contract	R03	Executable public API parity input validated against tests/manifest.yaml.
tests/fixtures/inputs/public-api/freetype.FT_LOAD_FORCE_AUTOHINT.json	156145	file	b88e7248b12666faed79ffbf1842bcf3e5943f734d356dff4984205dccca9167	-	keep-public-contract	R03	Executable public API parity input validated against tests/manifest.yaml.
tests/fixtures/inputs/public-api/freetype.FT_LOAD_IGNORE_GLOBAL_ADVANCE_WIDTH.json	3730	file	81886383cb72128bdf9605872f81ac01b172ab7010c9d56733cb4016370f873d	-	keep-public-contract	R03	Executable public API parity input validated against tests/manifest.yaml.
tests/fixtures/inputs/public-api/freetype.FT_LOAD_IGNORE_TRANSFORM.json	3961	file	9345741e6b62d997f5c34d699c5fc8a566eb967d1c319a645580b388c35fa540	-	keep-public-contract	R03	Executable public API parity input validated against tests/manifest.yaml.
tests/fixtures/inputs/public-api/freetype.FT_LOAD_LINEAR_DESIGN.json	3598	file	aa4a6c9369170eb9d6ecedbdb85672ec8af4c2286a1681ba21141dae887aa659	-	keep-public-contract	R03	Executable public API parity input validated against tests/manifest.yaml.
tests/fixtures/inputs/public-api/freetype.FT_LOAD_MONOCHROME.json	3771	file	076ac673406b706798da71a580151d5af2f67e29e1e8d07f38d687acec235edb	-	keep-public-contract	R03	Executable public API parity input validated against tests/manifest.yaml.
tests/fixtures/inputs/public-api/freetype.FT_LOAD_NO_AUTOHINT.json	5575	file	38f4cbe485547f0afe54899a9c3da2e6e0b119e564121e7881b37737f4bf7348	-	keep-public-contract	R03	Executable public API parity input validated against tests/manifest.yaml.
tests/fixtures/inputs/public-api/freetype.FT_LOAD_NO_BITMAP.json	3818	file	3766c40999e8bea3787a147874da39ae37279f9779151844578a65b19f75df34	-	keep-public-contract	R03	Executable public API parity input validated against tests/manifest.yaml.
tests/fixtures/inputs/public-api/freetype.FT_LOAD_NO_HINTING.json	7996	file	dadc5f91c6d713d63935fc55fdac130fffa314ccaae8865b1086efc3ab1df17b	-	keep-public-contract	R03	Executable public API parity input validated against tests/manifest.yaml.
tests/fixtures/inputs/public-api/freetype.FT_LOAD_NO_RECURSE.json	3781	file	98cafb2e6bc5f028c01f835b96867290d746339037b9e8f7a7606bb05e023e29	-	keep-public-contract	R03	Executable public API parity input validated against tests/manifest.yaml.
tests/fixtures/inputs/public-api/freetype.FT_LOAD_NO_SCALE.json	3310	file	2433164ac16ba4b930df623a22700eee3885e8eb09c9f50cf97f2446df70cf59	-	keep-public-contract	R03	Executable public API parity input validated against tests/manifest.yaml.
tests/fixtures/inputs/public-api/freetype.FT_LOAD_NO_SVG.json	3149	file	ff0046a93115a09ae9179d91bb7e21000e0ccd8004af597072e00e94d069a57a	-	keep-public-contract	R03	Executable public API parity input validated against tests/manifest.yaml.
tests/fixtures/inputs/public-api/freetype.FT_LOAD_PEDANTIC.json	2789	file	a33eb7c80c12a7009535ed4e928f15546fae96adb912a269ab74bcb9dd3d3bcf	-	keep-public-contract	R03	Executable public API parity input validated against tests/manifest.yaml.
tests/fixtures/inputs/public-api/freetype.FT_LOAD_RENDER.json	3182	file	45e972fed47ac8bb08a947ea768af0e1db9a791c26e346d1b4e22691abd84cde	-	keep-public-contract	R03	Executable public API parity input validated against tests/manifest.yaml.
tests/fixtures/inputs/public-api/freetype.FT_LOAD_SBITS_ONLY.json	5254	file	1113e6d5fd89c56000c34abbaf992afdb2a9f3bb67c391e3a713f156f16f9bda	-	keep-public-contract	R03	Executable public API parity input validated against tests/manifest.yaml.
tests/fixtures/inputs/public-api/freetype.FT_LOAD_SVG_ONLY.json	3315	file	869fef11ee4d9a0f7ef692401fd345ed7f4604ad0a9910bd65d4c235ea19a921	-	keep-public-contract	R03	Executable public API parity input validated against tests/manifest.yaml.
tests/fixtures/inputs/public-api/freetype.FT_LOAD_TARGET_.json	1460	file	5d266af7b21952a6e42fb8a16ca3ccaa0a7e1ec305f03ff2a66ca26ae6a25d0f	-	keep-public-contract	R03	Executable public API parity input validated against tests/manifest.yaml.
tests/fixtures/inputs/public-api/freetype.FT_LOAD_TARGET_LCD.json	3220	file	8bb9fc21a595e4e0e970f241000e28b76972ddf722748d38844a995c35ac5e79	-	keep-public-contract	R03	Executable public API parity input validated against tests/manifest.yaml.
tests/fixtures/inputs/public-api/freetype.FT_LOAD_TARGET_LCD_V.json	3236	file	4e0b5294e04fe9809853c04d1dc5e4a41a74c99c434a9cb18ae51de40905b49f	-	keep-public-contract	R03	Executable public API parity input validated against tests/manifest.yaml.
tests/fixtures/inputs/public-api/freetype.FT_LOAD_TARGET_LIGHT.json	3315	file	71ebca7e1d30d18f98d29341759d1a2a0066e9c8c85c7e9a9a8a48ab10958374	-	keep-public-contract	R03	Executable public API parity input validated against tests/manifest.yaml.
tests/fixtures/inputs/public-api/freetype.FT_LOAD_TARGET_MODE.json	8862	file	8f46e77941e9f745f06c649877e79dd8a3ccef4e78351049e858c4fec43e91be	-	keep-public-contract	R03	Executable public API parity input validated against tests/manifest.yaml.
tests/fixtures/inputs/public-api/freetype.FT_LOAD_TARGET_MONO.json	4234	file	4a7e96005feb4afa689de8a2c90af7f6378988fbafe132f24da0a6ab0acf9616	-	keep-public-contract	R03	Executable public API parity input validated against tests/manifest.yaml.
tests/fixtures/inputs/public-api/freetype.FT_LOAD_TARGET_NORMAL.json	3244	file	b0e9da90b2731bd9baa8311d0b1c5498d5a33854c177d22ca2ace1882386bf32	-	keep-public-contract	R03	Executable public API parity input validated against tests/manifest.yaml.
tests/fixtures/inputs/public-api/freetype.FT_LOAD_VERTICAL_LAYOUT.json	4593	file	c5c3f40a5ee6ffa4c6471256e99abbf69734d91113b9ac7e7964f540b202333e	-	keep-public-contract	R03	Executable public API parity input validated against tests/manifest.yaml.
tests/fixtures/inputs/public-api/freetype.FT_Library_Version.json	3389	file	cc486360d12484646412171e497782153dd2916ef39010900383ee6a2d77ed4b	-	keep-public-contract	R03	Executable public API parity input validated against tests/manifest.yaml.
tests/fixtures/inputs/public-api/freetype.FT_Load_Char.json	939404	file	9986bb5cdd4f4a1b407ec744e26d515cdf1a1f6b4c6c279b560559e187e09fab	-	keep-public-contract	R03	Executable public API parity input validated against tests/manifest.yaml.
tests/fixtures/inputs/public-api/freetype.FT_Load_Glyph.json	237351	file	e85f19c649494f2d472f1c9ed1022700b83a47ff7d7dc5cb3191a32557e1590f	-	keep-public-contract	R03	Executable public API parity input validated against tests/manifest.yaml.
tests/fixtures/inputs/public-api/freetype.FT_Module.json	2693	file	99925edadd959a33d9798a7bc97dd4dd31e69e8c89015e1400930c168ceb95d1	-	keep-public-contract	R03	Executable public API parity input validated against tests/manifest.yaml.
tests/fixtures/inputs/public-api/freetype.FT_MulDiv.json	4070	file	d2e92c09ed90848f33b311bdcc893cec2550d6dcb251a8181958021c33083f83	-	keep-public-contract	R03	Executable public API parity input validated against tests/manifest.yaml.
tests/fixtures/inputs/public-api/freetype.FT_MulFix.json	3861	file	4dd526bc7e58987054e9cc16aef175794ccda9c32c2dd3ed7de89690acb5e9aa	-	keep-public-contract	R03	Executable public API parity input validated against tests/manifest.yaml.
tests/fixtures/inputs/public-api/freetype.FT_New_Face.json	6986	file	b5fd27a6c3ecad91fdd83fff74e165627685ae0700e999661d9a561d9a77617a	-	keep-public-contract	R03	Executable public API parity input validated against tests/manifest.yaml.
tests/fixtures/inputs/public-api/freetype.FT_New_Memory_Face.json	48334	file	4ed112282fc36dc2a65399c9416f9b23a7cd59f52cd0863ff1f758dfb9873eaa	-	keep-public-contract	R03	Executable public API parity input validated against tests/manifest.yaml.
tests/fixtures/inputs/public-api/freetype.FT_OPEN_DRIVER.json	2797	file	c1f2fdc69a937dabd24d66e0dfef068b610807dbb197559427f604cfbe62c1a7	-	keep-public-contract	R03	Executable public API parity input validated against tests/manifest.yaml.
tests/fixtures/inputs/public-api/freetype.FT_OPEN_MEMORY.json	2805	file	ad3ed4dfe7c60505a728c4f610a319cdf13101451cf700665d9b484ba373189e	-	keep-public-contract	R03	Executable public API parity input validated against tests/manifest.yaml.
tests/fixtures/inputs/public-api/freetype.FT_OPEN_PARAMS.json	3173	file	57fa119bc845df1d7fc8b4729a27f728c54047e976486ede04e0ba68fa423fcc	-	keep-public-contract	R03	Executable public API parity input validated against tests/manifest.yaml.
tests/fixtures/inputs/public-api/freetype.FT_OPEN_PATHNAME.json	2682	file	899c9bfe544b61034431aae0bb020ecff84ac8e13d5decee7a6b108243834d24	-	keep-public-contract	R03	Executable public API parity input validated against tests/manifest.yaml.
tests/fixtures/inputs/public-api/freetype.FT_OPEN_STREAM.json	3078	file	0dc2df10bcb28ace5e97b094cc2cad3e98b48a62f6b87d09d1f88547ef90f9da	-	keep-public-contract	R03	Executable public API parity input validated against tests/manifest.yaml.
tests/fixtures/inputs/public-api/freetype.FT_Open_Args.json	16066	file	d07020255046b89d54d3f3d2ed4bf38c93331063ae1b7e6cde35e06bcc340db0	-	keep-public-contract	R03	Executable public API parity input validated against tests/manifest.yaml.
tests/fixtures/inputs/public-api/freetype.FT_Open_Face.json	9170	file	64073ace88875575d302ff1240342e0504b965fc711c9fef208ea41e1684cf43	-	keep-public-contract	R03	Executable public API parity input validated against tests/manifest.yaml.
tests/fixtures/inputs/public-api/freetype.FT_Parameter.json	9039	file	1b14548bcd7e473df64b9cb69337ea02e25bf286d2234b37aeae2f8a91cc786c	-	keep-public-contract	R03	Executable public API parity input validated against tests/manifest.yaml.
tests/fixtures/inputs/public-api/freetype.FT_RENDER_MODE_LCD.json	4492	file	24d128ea5b4f6528908126add2b5ed87d472ecda00cccf9ab03e857a0105bd82	-	keep-public-contract	R03	Executable public API parity input validated against tests/manifest.yaml.
tests/fixtures/inputs/public-api/freetype.FT_RENDER_MODE_LCD_V.json	4526	file	1736164282dc0fd8b423e524f1343cc310218a356b5032df68a15215fae8cabc	-	keep-public-contract	R03	Executable public API parity input validated against tests/manifest.yaml.
tests/fixtures/inputs/public-api/freetype.FT_RENDER_MODE_LIGHT.json	3370	file	16155e736bfeef54b073db79d62f787c95012bfd0dd34dfd26d4ef1f90eb7e09	-	keep-public-contract	R03	Executable public API parity input validated against tests/manifest.yaml.
tests/fixtures/inputs/public-api/freetype.FT_RENDER_MODE_MAX.json	2924	file	34f27c37268dc93184cb0cbfefe15176c519932f121dc31719f2d2a1d3689918	-	keep-public-contract	R03	Executable public API parity input validated against tests/manifest.yaml.
tests/fixtures/inputs/public-api/freetype.FT_RENDER_MODE_MONO.json	5516	file	084db5f6abbd081428c8917a6af4b26c33502829c08c971a0c74640a719ed503	-	keep-public-contract	R03	Executable public API parity input validated against tests/manifest.yaml.
tests/fixtures/inputs/public-api/freetype.FT_RENDER_MODE_NORMAL.json	6155	file	157280d5f6ae6a4ad29789a195a37c32e5129fbe5658fab81b13aa1325d997d6	-	keep-public-contract	R03	Executable public API parity input validated against tests/manifest.yaml.
tests/fixtures/inputs/public-api/freetype.FT_RENDER_MODE_SDF.json	7079	file	3790d611103586508eec9cd501fe5b8536b6bccf3e9f913a90c277a7fd25776a	-	keep-public-contract	R03	Executable public API parity input validated against tests/manifest.yaml.
tests/fixtures/inputs/public-api/freetype.FT_Reference_Face.json	3282	file	6506a5c9c1a8fbbf0e8c4e3e6fde57b81009577185c8a065e65dc14bb5b46b2c	-	keep-public-contract	R03	Executable public API parity input validated against tests/manifest.yaml.
tests/fixtures/inputs/public-api/freetype.FT_Render_Glyph.json	70011	file	8815a717b12d52cf2d8a839ddd2cb76716273175da0a473fb7e3c3a53807f344	-	keep-public-contract	R03	Executable public API parity input validated against tests/manifest.yaml.
tests/fixtures/inputs/public-api/freetype.FT_Render_Mode.json	5708	file	86c7ad1fa83baaaacbe51470c33b0aac3bf2dc29c6192cfee91514d54bf20e5c	-	keep-public-contract	R03	Executable public API parity input validated against tests/manifest.yaml.
tests/fixtures/inputs/public-api/freetype.FT_Renderer.json	2707	file	4b6ea4dd041f6477012a2f0ffae32df95bf938ef635bfaf68ef4d39226cb790e	-	keep-public-contract	R03	Executable public API parity input validated against tests/manifest.yaml.
tests/fixtures/inputs/public-api/freetype.FT_Request_Size.json	10982	file	f44fb12831cd96552ffa767ecb7fccc62fdc1b289690d9005748b40d10e25091	-	keep-public-contract	R03	Executable public API parity input validated against tests/manifest.yaml.
tests/fixtures/inputs/public-api/freetype.FT_RoundFix.json	3829	file	c8152642898d141c603d37c6170ea148f5ca86159f1ff9f000702bd9494758c0	-	keep-public-contract	R03	Executable public API parity input validated against tests/manifest.yaml.
tests/fixtures/inputs/public-api/freetype.FT_SIZE_REQUEST_TYPE_BBOX.json	3248	file	c5c055f72ba9d8a8bb81dfa7ad0c2bb62b8ce4865316d4c5362b53ce344b3972	-	keep-public-contract	R03	Executable public API parity input validated against tests/manifest.yaml.
tests/fixtures/inputs/public-api/freetype.FT_SIZE_REQUEST_TYPE_CELL.json	3354	file	defd3db25c2ca37437f1df317a5d8b3f24b3516f124624b1931b218d564e7cc6	-	keep-public-contract	R03	Executable public API parity input validated against tests/manifest.yaml.
tests/fixtures/inputs/public-api/freetype.FT_SIZE_REQUEST_TYPE_MAX.json	3093	file	9ef85ed50008fffa48229e6e1f876b9623824e5008f03e64395e8656ed8381b8	-	keep-public-contract	R03	Executable public API parity input validated against tests/manifest.yaml.
tests/fixtures/inputs/public-api/freetype.FT_SIZE_REQUEST_TYPE_NOMINAL.json	3292	file	795f9209a1a8ea61a03754de5ce562f8229fdcee983d28d784eb282bbb12c946	-	keep-public-contract	R03	Executable public API parity input validated against tests/manifest.yaml.
tests/fixtures/inputs/public-api/freetype.FT_SIZE_REQUEST_TYPE_REAL_DIM.json	3302	file	dc7e7b4ffa6e5a19915418f4e26967249687db8ea7b42c6bf01134cd0668634b	-	keep-public-contract	R03	Executable public API parity input validated against tests/manifest.yaml.
tests/fixtures/inputs/public-api/freetype.FT_SIZE_REQUEST_TYPE_SCALES.json	3272	file	d38eeb4f98a180a4fd2fb73cde5557bcb9c4cfe0dc9c408f8f5e8b163e3c693c	-	keep-public-contract	R03	Executable public API parity input validated against tests/manifest.yaml.
tests/fixtures/inputs/public-api/freetype.FT_STYLE_FLAG_BOLD.json	3384	file	6d2e6ec63efe5615304e0cb33178fd53eddf0c0b64ddd47d87d16b2270be4c77	-	keep-public-contract	R03	Executable public API parity input validated against tests/manifest.yaml.
tests/fixtures/inputs/public-api/freetype.FT_STYLE_FLAG_ITALIC.json	1413	file	fedee39beeb8d4d7d429c0cbbd1342ff65f93f671a9cc43df6364d710a388517	-	keep-public-contract	R03	Executable public API parity input validated against tests/manifest.yaml.
tests/fixtures/inputs/public-api/freetype.FT_SUBGLYPH_FLAG_2X2.json	1502	file	8f38c2f90d15a14daa13244cb96f2f5a5d9c262272b84d84b01a86a2a2b8fa9c	-	keep-public-contract	R03	Executable public API parity input validated against tests/manifest.yaml.
tests/fixtures/inputs/public-api/freetype.FT_SUBGLYPH_FLAG_ARGS_ARE_WORDS.json	1473	file	bff030869ee8d75ad2173f38fec148bf31fc083de7c65ff727efd7c4e0c4438f	-	keep-public-contract	R03	Executable public API parity input validated against tests/manifest.yaml.
tests/fixtures/inputs/public-api/freetype.FT_SUBGLYPH_FLAG_ARGS_ARE_XY_VALUES.json	1497	file	76139ae0701801d14bc48843189ff78fb17abc90764f128311abc8191ee05eb7	-	keep-public-contract	R03	Executable public API parity input validated against tests/manifest.yaml.
tests/fixtures/inputs/public-api/freetype.FT_SUBGLYPH_FLAG_ROUND_XY_TO_GRID.json	1484	file	912126d7b44f88b78026b6883d8a33836faf615081db758e91b41085498ca0fe	-	keep-public-contract	R03	Executable public API parity input validated against tests/manifest.yaml.
tests/fixtures/inputs/public-api/freetype.FT_SUBGLYPH_FLAG_SCALE.json	1433	file	a3b30a5cea9dfc11b6d7caadcb6a5da679744e3cbf9e963c970077db95531815	-	keep-public-contract	R03	Executable public API parity input validated against tests/manifest.yaml.
tests/fixtures/inputs/public-api/freetype.FT_SUBGLYPH_FLAG_USE_MY_METRICS.json	1527	file	36e46b2e7253e4e920234713440d1bdd4e486cc4c4e3fa856fa80f6dea472c6c	-	keep-public-contract	R03	Executable public API parity input validated against tests/manifest.yaml.
tests/fixtures/inputs/public-api/freetype.FT_SUBGLYPH_FLAG_XY_SCALE.json	1447	file	20956511d12b74250884a3db7316e657853fd0171d761d2a544a9bba5d214192	-	keep-public-contract	R03	Executable public API parity input validated against tests/manifest.yaml.
tests/fixtures/inputs/public-api/freetype.FT_Select_Charmap.json	5814	file	80753068063d946d77bf338cc8bd34b8a958cb7647801e4de6f2f8b1a621e7ef	-	keep-public-contract	R03	Executable public API parity input validated against tests/manifest.yaml.
tests/fixtures/inputs/public-api/freetype.FT_Select_Size.json	6468	file	d2cac835c8b156ec95d2c186487c739fef69adc13df390c0423c65c38465db1f	-	keep-public-contract	R03	Executable public API parity input validated against tests/manifest.yaml.
tests/fixtures/inputs/public-api/freetype.FT_Set_Char_Size.json	10600	file	dd744bd72e857a1d9530b19787e350000973ed8287cc92509de8a849f4682d02	-	keep-public-contract	R03	Executable public API parity input validated against tests/manifest.yaml.
tests/fixtures/inputs/public-api/freetype.FT_Set_Charmap.json	5082	file	90231ca66ac123dcb010a3ccc77950d43ff9844168733d4718f826f3282f675e	-	keep-public-contract	R03	Executable public API parity input validated against tests/manifest.yaml.
tests/fixtures/inputs/public-api/freetype.FT_Set_Pixel_Sizes.json	10522	file	f988a7502599f4257d132a8d7f1571e4d9bf12e87dda9f2343e47588f9bd1145	-	keep-public-contract	R03	Executable public API parity input validated against tests/manifest.yaml.
tests/fixtures/inputs/public-api/freetype.FT_Set_Transform.json	13251	file	8b204bb8505d8a7049794fb37e39da5ec22311ba7447d850a75249aa74516687	-	keep-public-contract	R03	Executable public API parity input validated against tests/manifest.yaml.
tests/fixtures/inputs/public-api/freetype.FT_Size.json	4469	file	394e60ee6d26a1a4c1b16ff174bf2f2503ed7fec59da5461ade8442e81aa783d	-	keep-public-contract	R03	Executable public API parity input validated against tests/manifest.yaml.
tests/fixtures/inputs/public-api/freetype.FT_SizeRec.json	4485	file	f1e41c085b753b02d3f3f7df53a7578c5f158c9c1f663c044b37eb43c808cd99	-	keep-public-contract	R03	Executable public API parity input validated against tests/manifest.yaml.
tests/fixtures/inputs/public-api/freetype.FT_Size_Internal.json	2745	file	9ba0b02a0e62df00737814bf909fed00f915c661f249005e83f48738f0cc3755	-	keep-public-contract	R03	Executable public API parity input validated against tests/manifest.yaml.
tests/fixtures/inputs/public-api/freetype.FT_Size_Metrics.json	24164	file	71395f72a8db73d3ab0dced2961bb5f87e153af7eedc95eff5ead2bfb1002150	-	keep-public-contract	R03	Executable public API parity input validated against tests/manifest.yaml.
tests/fixtures/inputs/public-api/freetype.FT_Size_RequestRec.json	3504	file	0308e3fc039c29e4803efa30d03a203a593721344c81b2c4b029ccfde97c9d08	-	keep-public-contract	R03	Executable public API parity input validated against tests/manifest.yaml.
tests/fixtures/inputs/public-api/freetype.FT_Size_Request_Type.json	4277	file	015a69450c3e3ac20e10a1edc053f33567d5daa3ab18fb790eb99067fc67b79d	-	keep-public-contract	R03	Executable public API parity input validated against tests/manifest.yaml.
tests/fixtures/inputs/public-api/freetype.FT_Slot_Internal.json	2745	file	acb6b53d86082b589ed3028abc303a23c537b7ec323a6833e87e1607eb1edb00	-	keep-public-contract	R03	Executable public API parity input validated against tests/manifest.yaml.
tests/fixtures/inputs/public-api/freetype.FT_SubGlyph.json	3170	file	2d217f97e563e0bbffa7aecf1700f0e3f07456e34af8eeb579c419e425da20a4	-	keep-public-contract	R03	Executable public API parity input validated against tests/manifest.yaml.
tests/fixtures/inputs/public-api/freetype.FT_Vector_Transform.json	5614	file	1e0bb9d9c66ae206455095e82bb895fb32401aa7eceb6b694db2505dee414a8b	-	keep-public-contract	R03	Executable public API parity input validated against tests/manifest.yaml.
tests/fixtures/inputs/public-api/ftadvanc.FT_ADVANCE_FLAG_FAST_ONLY.json	2677	file	610ed960dfecb23ab4c097852c93bcb84a34b167f716064a831ad771667299cd	-	keep-public-contract	R03	Executable public API parity input validated against tests/manifest.yaml.
tests/fixtures/inputs/public-api/ftadvanc.FT_Get_Advance.json	19140	file	053e19935152b6e6168807c1536275e815b6d583224395c8ae24214447c31ae5	-	keep-public-contract	R03	Executable public API parity input validated against tests/manifest.yaml.
tests/fixtures/inputs/public-api/ftadvanc.FT_Get_Advances.json	17961	file	ae88b9eaa2923bc84c542823e2846b7dcaf97c8ec093123b8720483f96cf7811	-	keep-public-contract	R03	Executable public API parity input validated against tests/manifest.yaml.
tests/fixtures/inputs/public-api/ftbbox.FT_Outline_Get_BBox.json	11879	file	53964373e12903556dd5d4168a1b7ca5b6edf669a28d67d44735c4e89dab9c61	-	keep-public-contract	R03	Executable public API parity input validated against tests/manifest.yaml.
tests/fixtures/inputs/public-api/ftbdf.FT_Get_BDF_Charset_ID.json	7337	file	c436c73e0639c592acf00a9cb18a52544a2eef540d4d216f68771a86f216a1f3	-	keep-public-contract	R03	Executable public API parity input validated against tests/manifest.yaml.
tests/fixtures/inputs/public-api/ftbdf.FT_Get_BDF_Property.json	8235	file	f2e0fffd5378aec0dce6c580c72bc6629f7c7049d9788b8de09f36083628fa3a	-	keep-public-contract	R03	Executable public API parity input validated against tests/manifest.yaml.
tests/fixtures/inputs/public-api/ftbitmap.FT_Bitmap_Blend.json	13769	file	47c5562e74fe61c461e78b94b79c02a7f5bdb4c1a3c2f91a38ab225668828482	-	keep-public-contract	R03	Executable public API parity input validated against tests/manifest.yaml.
tests/fixtures/inputs/public-api/ftbitmap.FT_Bitmap_Convert.json	10761	file	43870a7e54bc5f8e2c287895bdc5e3024e81454863e5ca9b77504c1306acbd88	-	keep-public-contract	R03	Executable public API parity input validated against tests/manifest.yaml.
tests/fixtures/inputs/public-api/ftbitmap.FT_Bitmap_Copy.json	9750	file	17124728107f92c6ec7b21efb9a29badf0e1a9daea3624ba355589abb39af598	-	keep-public-contract	R03	Executable public API parity input validated against tests/manifest.yaml.
tests/fixtures/inputs/public-api/ftbitmap.FT_Bitmap_Done.json	5264	file	f800507ae9d1c7497b2f32d1ebc8a8ea01c966b3526d315f54f4039daf1f4a36	-	keep-public-contract	R03	Executable public API parity input validated against tests/manifest.yaml.
tests/fixtures/inputs/public-api/ftbitmap.FT_Bitmap_Embolden.json	12074	file	0d0ca46b0a529e34f33c736665494467755d12bdabfdca75b733ea15affb45d2	-	keep-public-contract	R03	Executable public API parity input validated against tests/manifest.yaml.
tests/fixtures/inputs/public-api/ftbitmap.FT_Bitmap_Init.json	3767	file	8a219daebfce0950ddd378dfd437190826c4ce941cc7dc25ec69d1a092361cbf	-	keep-public-contract	R03	Executable public API parity input validated against tests/manifest.yaml.
tests/fixtures/inputs/public-api/ftbitmap.FT_Bitmap_New.json	3719	file	19523a74c6594dea31c5c08953955c645f607f63d77c711927e0a53f9c3cbb4d	-	keep-public-contract	R03	Executable public API parity input validated against tests/manifest.yaml.
tests/fixtures/inputs/public-api/ftbitmap.FT_GlyphSlot_Own_Bitmap.json	6793	file	9b3f0d1d8e3128d94795dfbed77d2d7c8451acf4d6051eee88bcd4d4884ec3d4	-	keep-public-contract	R03	Executable public API parity input validated against tests/manifest.yaml.
tests/fixtures/inputs/public-api/ftbzip2.FT_Stream_OpenBzip2.json	11205	file	466e621a88e0d199607a0cb54fbd2b89abd71c7e0b471c768625d9b51c0edd39	-	keep-public-contract	R03	Executable public API parity input validated against tests/manifest.yaml.
tests/fixtures/inputs/public-api/ftcache.FTC_CMapCache.json	2364	file	207030481f6ac4b38edd05bef3b233fee4a00da7380770c54e8fb0c8f3ab3db3	-	keep-public-contract	R03	Executable public API parity input validated against tests/manifest.yaml.
tests/fixtures/inputs/public-api/ftcache.FTC_CMapCache_Lookup.json	30224	file	87d733f7b66841297f52491fd3c019c7d75f1d2a18e474b0cae07e7253739922	-	keep-public-contract	R03	Executable public API parity input validated against tests/manifest.yaml.
tests/fixtures/inputs/public-api/ftcache.FTC_CMapCache_New.json	10745	file	9a9e7006b23ff86a166ba2a01387271698374f4eb606b4192002bff85927f1ff	-	keep-public-contract	R03	Executable public API parity input validated against tests/manifest.yaml.
tests/fixtures/inputs/public-api/ftcache.FTC_FaceID.json	2545	file	241e8b79fb3ef2544ea93194d5b8a700e1a60e95d743ccfedc6aa16dba5c4117	-	keep-public-contract	R03	Executable public API parity input validated against tests/manifest.yaml.
tests/fixtures/inputs/public-api/ftcache.FTC_IMAGE_TYPE_COMPARE.json	3253	file	f84b10875d95bf2f6609a7bcd3ca46e4f29a983598953928ffa7a3295c0fd318	-	keep-public-contract	R03	Executable public API parity input validated against tests/manifest.yaml.
tests/fixtures/inputs/public-api/ftcache.FTC_ImageCache.json	2370	file	146fd5f5475389cec44d350e84b72a7191edfb859766e89a95c2c10c824df358	-	keep-public-contract	R03	Executable public API parity input validated against tests/manifest.yaml.
tests/fixtures/inputs/public-api/ftcache.FTC_ImageCache_Lookup.json	15631	file	b6ac04d07b98c03096cfaf1bd415aa5e1dcfaf0a2f7f97c1346a27d181b3b9e4	-	keep-public-contract	R03	Executable public API parity input validated against tests/manifest.yaml.
tests/fixtures/inputs/public-api/ftcache.FTC_ImageCache_LookupScaler.json	47854	file	75f2c7f4422ce15cf62a07c1161492fb6fb0355ad86de6734a31bbfa34d730a7	-	keep-public-contract	R03	Executable public API parity input validated against tests/manifest.yaml.
tests/fixtures/inputs/public-api/ftcache.FTC_ImageCache_New.json	10761	file	ee59a860df4b44668e29898f4557bff89d688e7233e57bd347d14f3aef975cc4	-	keep-public-contract	R03	Executable public API parity input validated against tests/manifest.yaml.
tests/fixtures/inputs/public-api/ftcache.FTC_ImageType.json	2482	file	d0e812748eb2d952d2863c94b667effe3b7dead855a0cb145bb483a05df74816	-	keep-public-contract	R03	Executable public API parity input validated against tests/manifest.yaml.
tests/fixtures/inputs/public-api/ftcache.FTC_ImageTypeRec.json	2871	file	2e408c2564b19733922c08502aa0246a95e6fc7b38d296a81c090e7f5f5d2342	-	keep-public-contract	R03	Executable public API parity input validated against tests/manifest.yaml.
tests/fixtures/inputs/public-api/ftcache.FTC_Manager.json	4249	file	e303fce3650146acc3f9827688e4f174e7fbe82e28d9b59ac58e93b94f4dcf14	-	keep-public-contract	R03	Executable public API parity input validated against tests/manifest.yaml.
tests/fixtures/inputs/public-api/ftcache.FTC_Manager_Done.json	10781	file	f71fca638621fe1e76d8c0a295c2ceb46949a25c2cab07698b5db4b07464eeca	-	keep-public-contract	R03	Executable public API parity input validated against tests/manifest.yaml.
tests/fixtures/inputs/public-api/ftcache.FTC_Manager_LookupFace.json	14394	file	da18ddd1a8bfc356f9afda07cd2dd71d420596d572773daa8763b8c96f20171d	-	keep-public-contract	R03	Executable public API parity input validated against tests/manifest.yaml.
tests/fixtures/inputs/public-api/ftcache.FTC_Manager_LookupSize.json	16298	file	477ff683a50d04986a19230466e35247cff0c83c0ee28e626eaa922addc97010	-	keep-public-contract	R03	Executable public API parity input validated against tests/manifest.yaml.
tests/fixtures/inputs/public-api/ftcache.FTC_Manager_New.json	15099	file	d86aa6e0cd11fe89c097a2dc40b806fbe495b7250ef55a857aea87435331c887	-	keep-public-contract	R03	Executable public API parity input validated against tests/manifest.yaml.
tests/fixtures/inputs/public-api/ftcache.FTC_Manager_RemoveFaceID.json	12970	file	49e878b4872d1fd2f570d2c8df12883269f38f330d637f1e34cedf908e2bb32d	-	keep-public-contract	R03	Executable public API parity input validated against tests/manifest.yaml.
tests/fixtures/inputs/public-api/ftcache.FTC_Manager_Reset.json	7301	file	9b0bded6f2d3f0b834f8b07a17fcbaff0af4f425aa1fcc516ab7464eb77aa3ad	-	keep-public-contract	R03	Executable public API parity input validated against tests/manifest.yaml.
tests/fixtures/inputs/public-api/ftcache.FTC_Node.json	2364	file	f9cbdf393f7292eef935876cafe96d60105711f5f4cd128075735cca5a34d208	-	keep-public-contract	R03	Executable public API parity input validated against tests/manifest.yaml.
tests/fixtures/inputs/public-api/ftcache.FTC_Node_Unref.json	5356	file	43be2f4f7fef49c5100299854901bb82cf167b5043ddd1b45dc50a2851bb5fa4	-	keep-public-contract	R03	Executable public API parity input validated against tests/manifest.yaml.
tests/fixtures/inputs/public-api/ftcache.FTC_SBit.json	2516	file	973d34142720928a65f625f26c95aafdd0c3990b44fd2dfaf94ce0139e6cadf2	-	keep-public-contract	R03	Executable public API parity input validated against tests/manifest.yaml.
tests/fixtures/inputs/public-api/ftcache.FTC_SBitCache.json	2355	file	f0938cf6b824fbb09f7654380613165ebb1ffe257365296a44a15d0606e65d10	-	keep-public-contract	R03	Executable public API parity input validated against tests/manifest.yaml.
tests/fixtures/inputs/public-api/ftcache.FTC_SBitCache_Lookup.json	9324	file	da9ad705e8aeb6a8992d1a072612c8457d28b4e82652911e87002bb8a7826786	-	keep-public-contract	R03	Executable public API parity input validated against tests/manifest.yaml.
tests/fixtures/inputs/public-api/ftcache.FTC_SBitCache_LookupScaler.json	10798	file	a2c3baccb85201b8dfdbdf9000cde7813edef1b4cf9d6e9097f5957a8ca361c9	-	keep-public-contract	R03	Executable public API parity input validated against tests/manifest.yaml.
tests/fixtures/inputs/public-api/ftcache.FTC_SBitCache_New.json	3425	file	0b0d91a1d8c6e4229eadddf7bc2e712673dd055c51a44e7ebcc484a2eb9bacad	-	keep-public-contract	R03	Executable public API parity input validated against tests/manifest.yaml.
tests/fixtures/inputs/public-api/ftcache.FTC_SBitRec.json	4648	file	fd616fb7d7223b488f8b41043d0df87e172ff0c978235fcad4d00d717fb9451b	-	keep-public-contract	R03	Executable public API parity input validated against tests/manifest.yaml.
tests/fixtures/inputs/public-api/ftcache.FTC_Scaler.json	2590	file	c69319f495345ece504b896c2135cb218534f91dff2781ecb15288c7a40bc18a	-	keep-public-contract	R03	Executable public API parity input validated against tests/manifest.yaml.
tests/fixtures/inputs/public-api/ftcache.FTC_ScalerRec.json	4383	file	9e361eb8fde004f2435c2652cb33358de282db328041f464605586fbe91f5ae9	-	keep-public-contract	R03	Executable public API parity input validated against tests/manifest.yaml.
tests/fixtures/inputs/public-api/ftcid.FT_Get_CID_From_Glyph_Index.json	10772	file	b0bdaa1b762ddbeea314d37cba19f0e6235814b8065336179ab4e0ece48dc6b5	-	keep-public-contract	R03	Executable public API parity input validated against tests/manifest.yaml.
tests/fixtures/inputs/public-api/ftcid.FT_Get_CID_Is_Internally_CID_Keyed.json	7541	file	494d27e5a6036fdad6a2aa9573e6c2e9641c98e12ac5b7f01488e8d0414e0fb8	-	keep-public-contract	R03	Executable public API parity input validated against tests/manifest.yaml.
tests/fixtures/inputs/public-api/ftcid.FT_Get_CID_Registry_Ordering_Supplement.json	5321	file	980bb601a30e97b575123a0963e3a439f7069522de2033c21ac5d7b0a973d25b	-	keep-public-contract	R03	Executable public API parity input validated against tests/manifest.yaml.
tests/fixtures/inputs/public-api/ftcolor.FT_Affine23.json	5239	file	dabe4a1bc97b7d79dd7255a99edd07d54b3a497954ff3a6a3bd184d1ba41034c	-	keep-public-contract	R03	Executable public API parity input validated against tests/manifest.yaml.
tests/fixtures/inputs/public-api/ftcolor.FT_COLOR_INCLUDE_ROOT_TRANSFORM.json	3878	file	64fbe68acd9dd06b77146107b341537166ab23e9d5aa0d51a1080e840d4e4596	-	keep-public-contract	R03	Executable public API parity input validated against tests/manifest.yaml.
tests/fixtures/inputs/public-api/ftcolor.FT_COLOR_NO_ROOT_TRANSFORM.json	3710	file	1a4dd7541e20a0a79e4a5a3f92c0ec81c28480d0a067f9bb396b07f370fa1bcd	-	keep-public-contract	R03	Executable public API parity input validated against tests/manifest.yaml.
tests/fixtures/inputs/public-api/ftcolor.FT_COLOR_ROOT_TRANSFORM_MAX.json	2885	file	a31ab542ab4d6cfbfff9d57190efd6270e3c0cb3c7329f8525e22aecf173d3ce	-	keep-public-contract	R03	Executable public API parity input validated against tests/manifest.yaml.
tests/fixtures/inputs/public-api/ftcolor.FT_COLR_COMPOSITE_CLEAR.json	3031	file	d5e0169ce383a5c240de5e63e051f3365d5d2cf446426292da2c513e685f5aaa	-	keep-public-contract	R03	Executable public API parity input validated against tests/manifest.yaml.
tests/fixtures/inputs/public-api/ftcolor.FT_COLR_COMPOSITE_COLOR_BURN.json	3074	file	e007bf953543db299192dbf1cd1e7cce0bb6312bd39bc7d0550cea59b1913deb	-	keep-public-contract	R03	Executable public API parity input validated against tests/manifest.yaml.
tests/fixtures/inputs/public-api/ftcolor.FT_COLR_COMPOSITE_COLOR_DODGE.json	3082	file	515e5c83f2c23722ec40b2800d5218127d919a604c7c4240def77563abfc4d87	-	keep-public-contract	R03	Executable public API parity input validated against tests/manifest.yaml.
tests/fixtures/inputs/public-api/ftcolor.FT_COLR_COMPOSITE_DARKEN.json	3042	file	905a56413bc7a6414aba5ae35b55f65b13a810af4a3f079cfcd5f883bc92a9d4	-	keep-public-contract	R03	Executable public API parity input validated against tests/manifest.yaml.
tests/fixtures/inputs/public-api/ftcolor.FT_COLR_COMPOSITE_DEST.json	3023	file	5131022928da19a0581c77d819a0e0f26ad8bdd2e3509b4f932883e74f442039	-	keep-public-contract	R03	Executable public API parity input validated against tests/manifest.yaml.
tests/fixtures/inputs/public-api/ftcolor.FT_COLR_COMPOSITE_DEST_ATOP.json	3066	file	d630cf39c1f1f36aa6cf77c95424fa2be3f102816b1a1105a07e82c57276246d	-	keep-public-contract	R03	Executable public API parity input validated against tests/manifest.yaml.
tests/fixtures/inputs/public-api/ftcolor.FT_COLR_COMPOSITE_DEST_IN.json	3047	file	94e726d9c482d51d7c81bb001e93cc7dd7d2db6de8878b126ccaa30fd744ce03	-	keep-public-contract	R03	Executable public API parity input validated against tests/manifest.yaml.
tests/fixtures/inputs/public-api/ftcolor.FT_COLR_COMPOSITE_DEST_OUT.json	3055	file	b1b1d5b4b283ab80222000e7540f92f9b495508a84de754bb645831df2889eb2	-	keep-public-contract	R03	Executable public API parity input validated against tests/manifest.yaml.
tests/fixtures/inputs/public-api/ftcolor.FT_COLR_COMPOSITE_DEST_OVER.json	3063	file	85c4ff9afd4ef27cb293fd99dc78cc0823a5da73d31a0f2c9842582078f2c45b	-	keep-public-contract	R03	Executable public API parity input validated against tests/manifest.yaml.
tests/fixtures/inputs/public-api/ftcolor.FT_COLR_COMPOSITE_DIFFERENCE.json	3074	file	b5f13247670163901e77573166967dd9b30a722ec79737c82f7b6a35ff5e3712	-	keep-public-contract	R03	Executable public API parity input validated against tests/manifest.yaml.
tests/fixtures/inputs/public-api/ftcolor.FT_COLR_COMPOSITE_EXCLUSION.json	4124	file	302547b8a85de796fe877e434ded0979582f4ec1a9262257c2b866c2002b1f16	-	keep-public-contract	R03	Executable public API parity input validated against tests/manifest.yaml.
tests/fixtures/inputs/public-api/ftcolor.FT_COLR_COMPOSITE_HARD_LIGHT.json	4134	file	d46d49684504c3a6902538e33cc521659de890688687d9e18218a492fd21b768	-	keep-public-contract	R03	Executable public API parity input validated against tests/manifest.yaml.
tests/fixtures/inputs/public-api/ftcolor.FT_COLR_COMPOSITE_HSL_COLOR.json	4124	file	8658e7458a9bb76e19a7854bc9a53bfc1927e2c6523afa124492801482eea647	-	keep-public-contract	R03	Executable public API parity input validated against tests/manifest.yaml.
tests/fixtures/inputs/public-api/ftcolor.FT_COLR_COMPOSITE_HSL_HUE.json	4104	file	13129b65a2ba146a69f34397638cbcefe109522568504c1c4bfda33647314f31	-	keep-public-contract	R03	Executable public API parity input validated against tests/manifest.yaml.
tests/fixtures/inputs/public-api/ftcolor.FT_COLR_COMPOSITE_HSL_LUMINOSITY.json	4174	file	f6f33bfa07ade82126391e95b83227eed5a8e8ba871e45ba38a2a72b9bfaeec2	-	keep-public-contract	R03	Executable public API parity input validated against tests/manifest.yaml.
tests/fixtures/inputs/public-api/ftcolor.FT_COLR_COMPOSITE_HSL_SATURATION.json	4174	file	64ca39f0cf9f83b5fb3fc6982bc4899198567feb0b10b4566bd0b7bf2a4a15be	-	keep-public-contract	R03	Executable public API parity input validated against tests/manifest.yaml.
tests/fixtures/inputs/public-api/ftcolor.FT_COLR_COMPOSITE_LIGHTEN.json	4104	file	df992946aec0e17026e7d256bd003668f029876ad19c7a3811bab457961e537b	-	keep-public-contract	R03	Executable public API parity input validated against tests/manifest.yaml.
tests/fixtures/inputs/public-api/ftcolor.FT_COLR_COMPOSITE_MAX.json	3703	file	b25f1d07303cf8cbfe7911bbdc7b91ae3f9e72600ed049e400d2493455e5ef3e	-	keep-public-contract	R03	Executable public API parity input validated against tests/manifest.yaml.
tests/fixtures/inputs/public-api/ftcolor.FT_COLR_COMPOSITE_MULTIPLY.json	4114	file	d3a47842630bee4b8b12ed95fad326244ae346e4b49f09f5c1133867b08566d5	-	keep-public-contract	R03	Executable public API parity input validated against tests/manifest.yaml.
tests/fixtures/inputs/public-api/ftcolor.FT_COLR_COMPOSITE_OVERLAY.json	4104	file	6a1ef896df13da227e5e4848b510fd1e461e9e4ea1e048e1ef51920f44208db3	-	keep-public-contract	R03	Executable public API parity input validated against tests/manifest.yaml.
tests/fixtures/inputs/public-api/ftcolor.FT_COLR_COMPOSITE_PLUS.json	4074	file	21f1879701d28f51b681986e3928139c66dfffe9e146875d0d085712ed29ef39	-	keep-public-contract	R03	Executable public API parity input validated against tests/manifest.yaml.
tests/fixtures/inputs/public-api/ftcolor.FT_COLR_COMPOSITE_SCREEN.json	4094	file	ad00b61d33e29685c03284d0a402235ee3fe6e1a4e0763f83251661d6e1af962	-	keep-public-contract	R03	Executable public API parity input validated against tests/manifest.yaml.
tests/fixtures/inputs/public-api/ftcolor.FT_COLR_COMPOSITE_SOFT_LIGHT.json	4134	file	db22bd3332a857806cc32495eff27cdae50e19965c7224a790a0e51a982cd270	-	keep-public-contract	R03	Executable public API parity input validated against tests/manifest.yaml.
tests/fixtures/inputs/public-api/ftcolor.FT_COLR_COMPOSITE_SRC.json	4063	file	44af7dc30b03ecc9e103f31517d00caa9d6d31a80b3f9939a2258ba178824734	-	keep-public-contract	R03	Executable public API parity input validated against tests/manifest.yaml.
tests/fixtures/inputs/public-api/ftcolor.FT_COLR_COMPOSITE_SRC_ATOP.json	4113	file	13905c52fc747e5053af0d09322e3ea2752430ef9a45ac57f0de49382e6083a7	-	keep-public-contract	R03	Executable public API parity input validated against tests/manifest.yaml.
tests/fixtures/inputs/public-api/ftcolor.FT_COLR_COMPOSITE_SRC_IN.json	4093	file	e93f96b938978a2c6a42b28bcc075508a0a1b2fdef326b05177a00b0597cfebf	-	keep-public-contract	R03	Executable public API parity input validated against tests/manifest.yaml.
tests/fixtures/inputs/public-api/ftcolor.FT_COLR_COMPOSITE_SRC_OUT.json	4103	file	91e80f589609a15361c520e512e622092aefa7f781f8f7f39eac875215c345cd	-	keep-public-contract	R03	Executable public API parity input validated against tests/manifest.yaml.
tests/fixtures/inputs/public-api/ftcolor.FT_COLR_COMPOSITE_SRC_OVER.json	4113	file	3539859bd1b67932b922839cfbcdbda51ba8149477919b19f79abf03a509c1c7	-	keep-public-contract	R03	Executable public API parity input validated against tests/manifest.yaml.
tests/fixtures/inputs/public-api/ftcolor.FT_COLR_COMPOSITE_XOR.json	4064	file	581cfe5dc0ee7a512458cd4fee6118fd3a06b82b0b48bcf88297faa6b5a88660	-	keep-public-contract	R03	Executable public API parity input validated against tests/manifest.yaml.
tests/fixtures/inputs/public-api/ftcolor.FT_COLR_PAINTFORMAT_COLR_GLYPH.json	4069	file	3de79e7c77d98ddbccf757a9d4ce088e46724cd1b0b36b539a7932eef857d3bc	-	keep-public-contract	R03	Executable public API parity input validated against tests/manifest.yaml.
tests/fixtures/inputs/public-api/ftcolor.FT_COLR_PAINTFORMAT_COLR_LAYERS.json	4009	file	408b0f6ecce27c9b432260b27dafa1db3e643f7c83de7c95f3ab099c24a78d2a	-	keep-public-contract	R03	Executable public API parity input validated against tests/manifest.yaml.
tests/fixtures/inputs/public-api/ftcolor.FT_COLR_PAINTFORMAT_COMPOSITE.json	3374	file	b83043948f3ff6fc80a8a4a1f085cd097d2c6043ccff25d50b4772a7bd393e46	-	keep-public-contract	R03	Executable public API parity input validated against tests/manifest.yaml.
tests/fixtures/inputs/public-api/ftcolor.FT_COLR_PAINTFORMAT_GLYPH.json	3202	file	2012472673f5edc92c03e2fe5df5be79d5c793cdb007b83ce522deec75ce2990	-	keep-public-contract	R03	Executable public API parity input validated against tests/manifest.yaml.
tests/fixtures/inputs/public-api/ftcolor.FT_COLR_PAINTFORMAT_LINEAR_GRADIENT.json	3884	file	77d0c19421f0d4b917ff9f39697bc7b2c95eda9103bc8c4a6bf68867ed115a24	-	keep-public-contract	R03	Executable public API parity input validated against tests/manifest.yaml.
tests/fixtures/inputs/public-api/ftcolor.FT_COLR_PAINTFORMAT_RADIAL_GRADIENT.json	3783	file	c3fff2f3c0a76160d9392825e13b667553dda0533c879d3655beb27d48076a89	-	keep-public-contract	R03	Executable public API parity input validated against tests/manifest.yaml.
tests/fixtures/inputs/public-api/ftcolor.FT_COLR_PAINTFORMAT_ROTATE.json	3434	file	b11c6f830554a3a8d56011e585a2e7fe4132ccad01c89e5b0ddce8462f0d7911	-	keep-public-contract	R03	Executable public API parity input validated against tests/manifest.yaml.
tests/fixtures/inputs/public-api/ftcolor.FT_COLR_PAINTFORMAT_SCALE.json	3515	file	a86d904c7269dfef47d8fc9dd65144f59624c6a8eadc0b69e48887c73b9d1776	-	keep-public-contract	R03	Executable public API parity input validated against tests/manifest.yaml.
tests/fixtures/inputs/public-api/ftcolor.FT_COLR_PAINTFORMAT_SKEW.json	3494	file	e6f11233fa45b53b303e392dd2efc29fe36ead904dc2626f4ea76d0c3f9cfe5d	-	keep-public-contract	R03	Executable public API parity input validated against tests/manifest.yaml.
tests/fixtures/inputs/public-api/ftcolor.FT_COLR_PAINTFORMAT_SOLID.json	3699	file	37fd4a04ecad5b2713603849e334bfb757347d512a678d099bf144180978031f	-	keep-public-contract	R03	Executable public API parity input validated against tests/manifest.yaml.
tests/fixtures/inputs/public-api/ftcolor.FT_COLR_PAINTFORMAT_SWEEP_GRADIENT.json	3662	file	33c57cfa954eac746e40acdb20ca250bc868d2ab791b4515d6c0fdc9842ea49f	-	keep-public-contract	R03	Executable public API parity input validated against tests/manifest.yaml.
tests/fixtures/inputs/public-api/ftcolor.FT_COLR_PAINTFORMAT_TRANSFORM.json	7540	file	8dcc7e08b383c51ae2ecbb0e157dbe8582892d295bb2f491cd637e0e850cc3fc	-	keep-public-contract	R03	Executable public API parity input validated against tests/manifest.yaml.
tests/fixtures/inputs/public-api/ftcolor.FT_COLR_PAINTFORMAT_TRANSLATE.json	3319	file	f0b2a18789596e4874f993ba0b3abfdb4ec5a78223d8adbb8382630bee7ba926	-	keep-public-contract	R03	Executable public API parity input validated against tests/manifest.yaml.
tests/fixtures/inputs/public-api/ftcolor.FT_COLR_PAINTFORMAT_UNSUPPORTED.json	3370	file	37217849136934660c0289cbace220c67da6d91d69c44f3e537beeb08d8127e6	-	keep-public-contract	R03	Executable public API parity input validated against tests/manifest.yaml.
tests/fixtures/inputs/public-api/ftcolor.FT_COLR_PAINT_EXTEND_PAD.json	3210	file	6b47a91268c4daabda70e3cc2db3f3a3a2a389b3e748f8af13ce9d10d17a75a0	-	keep-public-contract	R03	Executable public API parity input validated against tests/manifest.yaml.
tests/fixtures/inputs/public-api/ftcolor.FT_COLR_PAINT_EXTEND_REFLECT.json	3254	file	6a0e661d67f5695e075093fb7fa6e298afcaaf4fb0d59878ff8a874189d17ad7	-	keep-public-contract	R03	Executable public API parity input validated against tests/manifest.yaml.
tests/fixtures/inputs/public-api/ftcolor.FT_COLR_PAINT_EXTEND_REPEAT.json	3243	file	be9e07d9f64ed6baeec4d62221ea9d91d1ce044ad643c5e4e65e153071941659	-	keep-public-contract	R03	Executable public API parity input validated against tests/manifest.yaml.
tests/fixtures/inputs/public-api/ftcolor.FT_COLR_PAINT_FORMAT_MAX.json	3353	file	7c4b68ae1b2e1421609ed344a519629b84a23cd64f914eebde16e9e6b1053cac	-	keep-public-contract	R03	Executable public API parity input validated against tests/manifest.yaml.
tests/fixtures/inputs/public-api/ftcolor.FT_ClipBox.json	4679	file	54bec97d5a69a33642064be2d8c41a977e970a80edaa5dedf1168b76114e98a8	-	keep-public-contract	R03	Executable public API parity input validated against tests/manifest.yaml.
tests/fixtures/inputs/public-api/ftcolor.FT_Color.json	4204	file	3704e63ea222c24214644dcd64c4d3ba9b6d840155ba4e8c904338e69ce7253c	-	keep-public-contract	R03	Executable public API parity input validated against tests/manifest.yaml.
tests/fixtures/inputs/public-api/ftcolor.FT_ColorIndex.json	4534	file	797e9940047af8fe1898bea1706f33c161e285be6da08be592b0779ea70d60e8	-	keep-public-contract	R03	Executable public API parity input validated against tests/manifest.yaml.
tests/fixtures/inputs/public-api/ftcolor.FT_ColorLine.json	4616	file	de0c70ede5f5221a5656f8404c46bb74c6541bb9f337c424ed96858518e3d410	-	keep-public-contract	R03	Executable public API parity input validated against tests/manifest.yaml.
tests/fixtures/inputs/public-api/ftcolor.FT_ColorStop.json	4952	file	dd2140dc4ed608cf056aa001082c94a237369c12b000feafe10d6d5b492fc87b	-	keep-public-contract	R03	Executable public API parity input validated against tests/manifest.yaml.
tests/fixtures/inputs/public-api/ftcolor.FT_ColorStopIterator.json	7044	file	d3d6e7cf4fdf0aebbd8137120f96b81ecb90e8b3afe7aa20f8faada58af197f6	-	keep-public-contract	R03	Executable public API parity input validated against tests/manifest.yaml.
tests/fixtures/inputs/public-api/ftcolor.FT_Color_Root_Transform.json	4547	file	333f104cb8ef6d5023de6d602ef8c475b2e2f09390a9d4341c6d538ac9fded70	-	keep-public-contract	R03	Executable public API parity input validated against tests/manifest.yaml.
tests/fixtures/inputs/public-api/ftcolor.FT_Composite_Mode.json	4024	file	4130fed2eb7c7391a7daf9d4a75742ab5ab23d96f124cd50bd333562242237f5	-	keep-public-contract	R03	Executable public API parity input validated against tests/manifest.yaml.
tests/fixtures/inputs/public-api/ftcolor.FT_Get_Color_Glyph_ClipBox.json	9342	file	f7a6adf8a7a32cc7e3384559f69b016dfa863e9f427afc14dda6a3e71681163b	-	keep-public-contract	R03	Executable public API parity input validated against tests/manifest.yaml.
tests/fixtures/inputs/public-api/ftcolor.FT_Get_Color_Glyph_Layer.json	10235	file	2b1d7821026c9b8656bf8894ae5775a4ed5289f3b2310ac276ef06bd6613e698	-	keep-public-contract	R03	Executable public API parity input validated against tests/manifest.yaml.
tests/fixtures/inputs/public-api/ftcolor.FT_Get_Color_Glyph_Paint.json	13480	file	da7c5b187e0de781cc6e8cd1b2333ca8943a673914e07e9d4cde9ddf178e0db7	-	keep-public-contract	R03	Executable public API parity input validated against tests/manifest.yaml.
tests/fixtures/inputs/public-api/ftcolor.FT_Get_Colorline_Stops.json	11595	file	a7b1e82443033449ab73b233da32c2d98c6a2d833b2f6b1ffada5513954dc0f1	-	keep-public-contract	R03	Executable public API parity input validated against tests/manifest.yaml.
tests/fixtures/inputs/public-api/ftcolor.FT_Get_Paint.json	9145	file	41f7269ecdd34c47ae189430d70bdcc5aed78218eaaca3f01fdd4901b1ad3598	-	keep-public-contract	R03	Executable public API parity input validated against tests/manifest.yaml.
tests/fixtures/inputs/public-api/ftcolor.FT_Get_Paint_Layers.json	9075	file	30e5f2a50cc7ae4586d86b10c26c46a2c4a9724e830de9f199045665201f7f71	-	keep-public-contract	R03	Executable public API parity input validated against tests/manifest.yaml.
tests/fixtures/inputs/public-api/ftcolor.FT_LayerIterator.json	8848	file	dd3568057c690586f642b909c620124018673be95df1fdc34e8e683951dfbe5b	-	keep-public-contract	R03	Executable public API parity input validated against tests/manifest.yaml.
tests/fixtures/inputs/public-api/ftcolor.FT_OpaquePaint.json	4066	file	69a9d338deff73c8bdce3c6f5097a3bce933e4828e3e2605fd43a9727fdf1b57	-	keep-public-contract	R03	Executable public API parity input validated against tests/manifest.yaml.
tests/fixtures/inputs/public-api/ftcolor.FT_PALETTE_FOR_DARK_BACKGROUND.json	2812	file	4e66334f29c16a66b8ace2b11c9a3268b83c284e0887ac22d4251602b5744a95	-	keep-public-contract	R03	Executable public API parity input validated against tests/manifest.yaml.
tests/fixtures/inputs/public-api/ftcolor.FT_PALETTE_FOR_LIGHT_BACKGROUND.json	2821	file	a2e9ad023f67cf2969c54debdf69a454ffdd2b37d7625ba0aad9adf3761be8a0	-	keep-public-contract	R03	Executable public API parity input validated against tests/manifest.yaml.
tests/fixtures/inputs/public-api/ftcolor.FT_PaintColrGlyph.json	4716	file	caa676ceb95f1ed705292bcb1dd9f4029ad2b23af0669750488091f07f268a10	-	keep-public-contract	R03	Executable public API parity input validated against tests/manifest.yaml.
tests/fixtures/inputs/public-api/ftcolor.FT_PaintColrLayers.json	4813	file	aa34c33fa7304ca2de648132c532f270523e0b08f0aeae0ca8a3ced3543588c0	-	keep-public-contract	R03	Executable public API parity input validated against tests/manifest.yaml.
tests/fixtures/inputs/public-api/ftcolor.FT_PaintComposite.json	4162	file	68d337987fb91d2fd273b42626907fa8bc6eef2fab5106896925d9db77ec0016	-	keep-public-contract	R03	Executable public API parity input validated against tests/manifest.yaml.
tests/fixtures/inputs/public-api/ftcolor.FT_PaintExtend.json	3066	file	cb99c33b98d7ea5b80494e1e4992c1ddbbbac8bd8de91a1cbfc3c36728325842	-	keep-public-contract	R03	Executable public API parity input validated against tests/manifest.yaml.
tests/fixtures/inputs/public-api/ftcolor.FT_PaintFormat.json	4147	file	7eda30544d6fd178061d9a7d2fa3e16168b3f92f791a644487a464d2d0f3347d	-	keep-public-contract	R03	Executable public API parity input validated against tests/manifest.yaml.
tests/fixtures/inputs/public-api/ftcolor.FT_PaintGlyph.json	3921	file	00cbe8fe0832834e31fa95e8fa4ce5053338954df44549196bcb1164b7d85bf6	-	keep-public-contract	R03	Executable public API parity input validated against tests/manifest.yaml.
tests/fixtures/inputs/public-api/ftcolor.FT_PaintLinearGradient.json	11068	file	94417113c560dad467fafd149a0137de4e86d7a839d65a5914230acd0b12175e	-	keep-public-contract	R03	Executable public API parity input validated against tests/manifest.yaml.
tests/fixtures/inputs/public-api/ftcolor.FT_PaintRadialGradient.json	5669	file	46d49a8970606b386a6017e605864c841bfc127b591e5092ce605c65721bddfe	-	keep-public-contract	R03	Executable public API parity input validated against tests/manifest.yaml.
tests/fixtures/inputs/public-api/ftcolor.FT_PaintRotate.json	5256	file	fb458f7bb321fbd556a42fec7e84758b0f5a17b8e165c6b63c9621ea8f5fe7c6	-	keep-public-contract	R03	Executable public API parity input validated against tests/manifest.yaml.
tests/fixtures/inputs/public-api/ftcolor.FT_PaintScale.json	5440	file	e3249cb5e180d56c7bbe58e16a519b1f0c9fcb95844dffedfa01f8632b08efc1	-	keep-public-contract	R03	Executable public API parity input validated against tests/manifest.yaml.
tests/fixtures/inputs/public-api/ftcolor.FT_PaintSkew.json	5465	file	bf1a3974f2945250982a5b8f8b517fd859fe29352ae19142f8b37ba560d9e6b6	-	keep-public-contract	R03	Executable public API parity input validated against tests/manifest.yaml.
tests/fixtures/inputs/public-api/ftcolor.FT_PaintSolid.json	4745	file	e7dc2a07ff81a64ad3a8800745be08bc523f6ecb4e870e936c80ea7b40073492	-	keep-public-contract	R03	Executable public API parity input validated against tests/manifest.yaml.
tests/fixtures/inputs/public-api/ftcolor.FT_PaintSweepGradient.json	5510	file	48b54cf1374a0a06221f02ca2af01d1c2a4b6112696dbf2827b1c18433b51cdf	-	keep-public-contract	R03	Executable public API parity input validated against tests/manifest.yaml.
tests/fixtures/inputs/public-api/ftcolor.FT_PaintTransform.json	5033	file	e452756231ec2ccebdb8be3a7134702ba3e990187804b5f6209e9da105e7c250	-	keep-public-contract	R03	Executable public API parity input validated against tests/manifest.yaml.
tests/fixtures/inputs/public-api/ftcolor.FT_PaintTranslate.json	5042	file	7953fb532be3d00386530d8ff7af6cb2c54a6f0e82912a9dd56d9bdd8e7a6edb	-	keep-public-contract	R03	Executable public API parity input validated against tests/manifest.yaml.
tests/fixtures/inputs/public-api/ftcolor.FT_Palette_Data.json	5509	file	23cd19384c66bfb830fe42872a48dba35b1c770ff5736abd1d93a90f19958355	-	keep-public-contract	R03	Executable public API parity input validated against tests/manifest.yaml.
tests/fixtures/inputs/public-api/ftcolor.FT_Palette_Data_Get.json	8014	file	1df7eee75e3636ce3db17802e27adccb6cf3bb3d08ce969ff9e58105fb57fedf	-	keep-public-contract	R03	Executable public API parity input validated against tests/manifest.yaml.
tests/fixtures/inputs/public-api/ftcolor.FT_Palette_Select.json	10027	file	8a9717944984d1bdc04ec2d7671dcab2869bb1aa23353595612ab7ffba57feb3	-	keep-public-contract	R03	Executable public API parity input validated against tests/manifest.yaml.
tests/fixtures/inputs/public-api/ftcolor.FT_Palette_Set_Foreground_Color.json	9022	file	92805fca5f53027ba9a016eec945f78db3ed013452263689c42021b5885445bc	-	keep-public-contract	R03	Executable public API parity input validated against tests/manifest.yaml.
tests/fixtures/inputs/public-api/ftdriver.FT_AUTOHINTER_SCRIPT_CJK.json	5085	file	15d5c1bc7de8adc657ccfb68e521607d304b958c34da534a54d922435c439e31	-	keep-public-contract	R03	Executable public API parity input validated against tests/manifest.yaml.
tests/fixtures/inputs/public-api/ftdriver.FT_AUTOHINTER_SCRIPT_INDIC.json	5126	file	5a6d85bb3175deacd092b9700b15b9a841907519aff76ce6c9c083822919da35	-	keep-public-contract	R03	Executable public API parity input validated against tests/manifest.yaml.
tests/fixtures/inputs/public-api/ftdriver.FT_AUTOHINTER_SCRIPT_LATIN.json	5143	file	649d558d13474f2a1eca7dcf545841184fca109a2be5c71dab9cbb0e595f1131	-	keep-public-contract	R03	Executable public API parity input validated against tests/manifest.yaml.
tests/fixtures/inputs/public-api/ftdriver.FT_AUTOHINTER_SCRIPT_NONE.json	5185	file	7dadfcb667e9e4ecb51062bb386b0ab29fcb5521ff1553fd4499c4e6c3e01008	-	keep-public-contract	R03	Executable public API parity input validated against tests/manifest.yaml.
tests/fixtures/inputs/public-api/ftdriver.FT_CFF_HINTING_ADOBE.json	4120	file	380401a4c0303143a809f8189de5b2bc44044241499ec5b28881045295aa1e63	-	keep-public-contract	R03	Executable public API parity input validated against tests/manifest.yaml.
tests/fixtures/inputs/public-api/ftdriver.FT_CFF_HINTING_FREETYPE.json	4166	file	2cb1c436bb9b53e752b0d788260ba4cb5c8978aec15ef26e7d2fd55d1573ae23	-	keep-public-contract	R03	Executable public API parity input validated against tests/manifest.yaml.
tests/fixtures/inputs/public-api/ftdriver.FT_HINTING_ADOBE.json	4032	file	ec713be9782ea4691988fa3107c2f937cf32196eaa94973eaa042ca3fbfb22ae	-	keep-public-contract	R03	Executable public API parity input validated against tests/manifest.yaml.
tests/fixtures/inputs/public-api/ftdriver.FT_HINTING_FREETYPE.json	4072	file	d7b197879ddb38f42b13069502a6523d77902327518e3ffa4fa92c758aa7ea2b	-	keep-public-contract	R03	Executable public API parity input validated against tests/manifest.yaml.
tests/fixtures/inputs/public-api/ftdriver.FT_Prop_GlyphToScriptMap.json	9266	file	da0c62b0492fdcabd2819832c2d07f9137d1eb556ebd3a86d3056c11507ff543	-	keep-public-contract	R03	Executable public API parity input validated against tests/manifest.yaml.
tests/fixtures/inputs/public-api/ftdriver.FT_Prop_IncreaseXHeight.json	8752	file	877b6bc394211ee7055a8f31a81470e0d27d8f0612ec61fb650948304a8a2bf7	-	keep-public-contract	R03	Executable public API parity input validated against tests/manifest.yaml.
tests/fixtures/inputs/public-api/ftdriver.TT_INTERPRETER_VERSION_35.json	5622	file	27dc63c71010f6acfcfa659781f929509aff1c52ffdf446014fdd4c09e514cfd	-	keep-public-contract	R03	Executable public API parity input validated against tests/manifest.yaml.
tests/fixtures/inputs/public-api/ftdriver.TT_INTERPRETER_VERSION_38.json	5737	file	800584b4d758d9a2d5388a3c620a4c0fce7775225a132a947f235af1af99112e	-	keep-public-contract	R03	Executable public API parity input validated against tests/manifest.yaml.
tests/fixtures/inputs/public-api/ftdriver.TT_INTERPRETER_VERSION_40.json	6921	file	eb0aebae1f7ac4604465f29609d872a3204983a5dbe24b2f346a832c531218ca	-	keep-public-contract	R03	Executable public API parity input validated against tests/manifest.yaml.
tests/fixtures/inputs/public-api/fterrdef.FT_Err_Array_Too_Large.json	5834	file	8fd40d3e5fd084ce78ada036b26943b60b1fa4a41bfd43375551392e0a10dcdd	-	keep-public-contract	R03	Executable public API parity input validated against tests/manifest.yaml.
tests/fixtures/inputs/public-api/fterrdef.FT_Err_Bad_Argument.json	5609	file	fcb1521d1ada044492ff4c980573fb81bfd35e7870ecae2b8a871b31c44752aa	-	keep-public-contract	R03	Executable public API parity input validated against tests/manifest.yaml.
tests/fixtures/inputs/public-api/fterrdef.FT_Err_Bbx_Too_Big.json	3585	file	fb60a624f362728b3abe7f3560f918d851fb97b8059c6c29fa9609985c90a895	-	keep-public-contract	R03	Executable public API parity input validated against tests/manifest.yaml.
tests/fixtures/inputs/public-api/fterrdef.FT_Err_CMap_Table_Missing.json	3782	file	a1d7a96416e8bebad1e2292090ebdfe6ff3b1cab749f83fb89041a769d3c5e18	-	keep-public-contract	R03	Executable public API parity input validated against tests/manifest.yaml.
tests/fixtures/inputs/public-api/fterrdef.FT_Err_Cannot_Open_Resource.json	5469	file	95dc0f8156a0e678495f7db26fe7bb529fa27bfe2c9c3a75910fd50708b9a9e8	-	keep-public-contract	R03	Executable public API parity input validated against tests/manifest.yaml.
tests/fixtures/inputs/public-api/fterrdef.FT_Err_Cannot_Open_Stream.json	5532	file	453549dbd433f3722b8874a3e551ee7b5d594d72e11d0a5b4b76b87328864968	-	keep-public-contract	R03	Executable public API parity input validated against tests/manifest.yaml.
tests/fixtures/inputs/public-api/fterrdef.FT_Err_Cannot_Render_Glyph.json	6146	file	49222b637bdf32deb38b7820de05389f9c216420a1914021ecb01daf9fd24f4d	-	keep-public-contract	R03	Executable public API parity input validated against tests/manifest.yaml.
tests/fixtures/inputs/public-api/fterrdef.FT_Err_Code_Overflow.json	5848	file	0e08f97d907dcfffd02dc20ffb153f10fdb473ec3289b3e39c39f0d9ff8dd202	-	keep-public-contract	R03	Executable public API parity input validated against tests/manifest.yaml.
tests/fixtures/inputs/public-api/fterrdef.FT_Err_Corrupted_Font_Glyphs.json	3727	file	beed5cad77595765e1d8d155754ea960a0fdb18891303dc0da44cbf64ab2754d	-	keep-public-contract	R03	Executable public API parity input validated against tests/manifest.yaml.
tests/fixtures/inputs/public-api/fterrdef.FT_Err_Corrupted_Font_Header.json	5771	file	c13b6c4be17578b2013fa28a04d0ba42032a04ff0cdd85992aa97b63a711611c	-	keep-public-contract	R03	Executable public API parity input validated against tests/manifest.yaml.
tests/fixtures/inputs/public-api/fterrdef.FT_Err_Could_Not_Find_Context.json	4179	file	0e8b187ac17daf35d62b1ca8c2b42fe3405275bd9d2e0f59d82932bac09bc3ad	-	keep-public-contract	R03	Executable public API parity input validated against tests/manifest.yaml.
tests/fixtures/inputs/public-api/fterrdef.FT_Err_DEF_In_Glyf_Bytecode.json	3756	file	025874d0418654c2b236bbc540884ca5fa0997cba26f1221bfd8e2197d57a208	-	keep-public-contract	R03	Executable public API parity input validated against tests/manifest.yaml.
tests/fixtures/inputs/public-api/fterrdef.FT_Err_Debug_OpCode.json	3652	file	c266668fed37388701b24554cbb0b38fc3100c65c5fd0d2f7431237e577f799a	-	keep-public-contract	R03	Executable public API parity input validated against tests/manifest.yaml.
tests/fixtures/inputs/public-api/fterrdef.FT_Err_Divide_By_Zero.json	5923	file	33d8a744929416323e9f0a1bf1ef8658264c54835ed81f7bbd2233d7bd72d005	-	keep-public-contract	R03	Executable public API parity input validated against tests/manifest.yaml.
tests/fixtures/inputs/public-api/fterrdef.FT_Err_ENDF_In_Exec_Stream.json	3703	file	de38b612cc5ed967ea6ecc21f5837787c79f5c919496412ff418c606beae0cb0	-	keep-public-contract	R03	Executable public API parity input validated against tests/manifest.yaml.
tests/fixtures/inputs/public-api/fterrdef.FT_Err_Execution_Too_Long.json	5970	file	2b517303bfaf0943f7938e7e7a2185c430327b92ba8bcafe4733451b035e3157	-	keep-public-contract	R03	Executable public API parity input validated against tests/manifest.yaml.
tests/fixtures/inputs/public-api/fterrdef.FT_Err_Glyph_Too_Big.json	3541	file	85bde1d9cb81c01b0a28ab50084fb99770487d1df15b13563ec9cb09d43a5954	-	keep-public-contract	R03	Executable public API parity input validated against tests/manifest.yaml.
tests/fixtures/inputs/public-api/fterrdef.FT_Err_Hmtx_Table_Missing.json	5661	file	098be757f35d0d3b821153a90d5267551571b483970a7d88baf27ed48fd510b4	-	keep-public-contract	R03	Executable public API parity input validated against tests/manifest.yaml.
tests/fixtures/inputs/public-api/fterrdef.FT_Err_Horiz_Header_Missing.json	4301	file	d70a8052ebac91e3b2ae1498009b8ea86d292b890a9c80d7a3029d2c09263789	-	keep-public-contract	R03	Executable public API parity input validated against tests/manifest.yaml.
tests/fixtures/inputs/public-api/fterrdef.FT_Err_Ignore.json	4391	file	2a3abe0d3a0db28ae11508c6166001336a10bd1f72909c419b684483934e859f	-	keep-public-contract	R03	Executable public API parity input validated against tests/manifest.yaml.
tests/fixtures/inputs/public-api/fterrdef.FT_Err_Invalid_Argument.json	3840	file	3c1d6fb01b8680e1d983b453e66ad6c1ec2a2728f36b9b595d36f7c22f528710	-	keep-public-contract	R03	Executable public API parity input validated against tests/manifest.yaml.
tests/fixtures/inputs/public-api/fterrdef.FT_Err_Invalid_Cache_Handle.json	3695	file	cebb02feacbd840a144cdfe92bf006dda149871f33d1083f544fe8fd16fbc1f1	-	keep-public-contract	R03	Executable public API parity input validated against tests/manifest.yaml.
tests/fixtures/inputs/public-api/fterrdef.FT_Err_Invalid_CharMap_Format.json	4500	file	2947daf854097e17bc32e4f818d83454bdc7a134a213eeca294b50e3236ef0dc	-	keep-public-contract	R03	Executable public API parity input validated against tests/manifest.yaml.
tests/fixtures/inputs/public-api/fterrdef.FT_Err_Invalid_CharMap_Handle.json	3976	file	a03cb8eff82ed7a8df2b493a59a17dd657a81e134f7a273ab25dfd9f37ca3e3f	-	keep-public-contract	R03	Executable public API parity input validated against tests/manifest.yaml.
tests/fixtures/inputs/public-api/fterrdef.FT_Err_Invalid_Character_Code.json	4410	file	bbf2dff4f02e8ad8e5f6d12b05265b480b650358425ea403f09be671310e953c	-	keep-public-contract	R03	Executable public API parity input validated against tests/manifest.yaml.
tests/fixtures/inputs/public-api/fterrdef.FT_Err_Invalid_CodeRange.json	4244	file	ca018ff7378f4562fa0835be9f46536ba8fe3bae0c003cb287e45b938c6a0fe2	-	keep-public-contract	R03	Executable public API parity input validated against tests/manifest.yaml.
tests/fixtures/inputs/public-api/fterrdef.FT_Err_Invalid_Composite.json	8968	file	56dd1909a49faa2c5895813cb9759e8899e37804f7377c7c3e72a7706ff6bdf7	-	keep-public-contract	R03	Executable public API parity input validated against tests/manifest.yaml.
tests/fixtures/inputs/public-api/fterrdef.FT_Err_Invalid_Driver_Handle.json	4066	file	d9b3cf32bc6eeb74a942ecf5ad28a3b7654d97db881ac5b34d0e3f55bc1c846c	-	keep-public-contract	R03	Executable public API parity input validated against tests/manifest.yaml.
tests/fixtures/inputs/public-api/fterrdef.FT_Err_Invalid_Face_Handle.json	3735	file	ff895cecb1da0c38801a585fbce3f1e7992e344b31020ad317e986bc2b5f39b7	-	keep-public-contract	R03	Executable public API parity input validated against tests/manifest.yaml.
tests/fixtures/inputs/public-api/fterrdef.FT_Err_Invalid_File_Format.json	4383	file	2844172e82a4b0899d97d06c13961bf387d7c9c3c57250dc3bf6dd6e8933f7f9	-	keep-public-contract	R03	Executable public API parity input validated against tests/manifest.yaml.
tests/fixtures/inputs/public-api/fterrdef.FT_Err_Invalid_Frame_Operation.json	4250	file	0af461156bee087ff1144b468d19a3be983a67d2e0f2eb763ab825f275b03bdb	-	keep-public-contract	R03	Executable public API parity input validated against tests/manifest.yaml.
tests/fixtures/inputs/public-api/fterrdef.FT_Err_Invalid_Frame_Read.json	4077	file	8b9aee63aa996f1cf3b6816a6333f4700bf9d7fc2dd2bc54d323663a8dc1fb60	-	keep-public-contract	R03	Executable public API parity input validated against tests/manifest.yaml.
tests/fixtures/inputs/public-api/fterrdef.FT_Err_Invalid_Glyph_Format.json	4100	file	ce6dd386002a76ec0789751f7f283f1ca10665ebd946c33e79939211ea76a5ef	-	keep-public-contract	R03	Executable public API parity input validated against tests/manifest.yaml.
tests/fixtures/inputs/public-api/fterrdef.FT_Err_Invalid_Glyph_Index.json	4206	file	6a4d01aa97fe716ab801b6978664212496eaf92f1dca7f037fbbcf434e41402f	-	keep-public-contract	R03	Executable public API parity input validated against tests/manifest.yaml.
tests/fixtures/inputs/public-api/fterrdef.FT_Err_Invalid_Handle.json	3980	file	6a8acf3d52a8bd847319f0bc6f61dd3843a3af3a1381003dd806a9ce41c4d6ab	-	keep-public-contract	R03	Executable public API parity input validated against tests/manifest.yaml.
tests/fixtures/inputs/public-api/fterrdef.FT_Err_Invalid_Horiz_Metrics.json	4479	file	b42b68fbaeb5198638d434f5be1ebaf20d951a9772042a816df417710451071c	-	keep-public-contract	R03	Executable public API parity input validated against tests/manifest.yaml.
tests/fixtures/inputs/public-api/fterrdef.FT_Err_Invalid_Library_Handle.json	3825	file	da84eceb5e118160051e43e01facf46f8ab60005c31668e16484d9f6f5320305	-	keep-public-contract	R03	Executable public API parity input validated against tests/manifest.yaml.
tests/fixtures/inputs/public-api/fterrdef.FT_Err_Invalid_Offset.json	4507	file	c82fae989fbeab55fd8ece9221fb082e793063024928b8221fd64afe99997da3	-	keep-public-contract	R03	Executable public API parity input validated against tests/manifest.yaml.
tests/fixtures/inputs/public-api/fterrdef.FT_Err_Invalid_Opcode.json	3716	file	74e83046a716da93950f2bfc32e2c7ddf4a1e169d60b3f4f82bdde2006e89fee	-	keep-public-contract	R03	Executable public API parity input validated against tests/manifest.yaml.
tests/fixtures/inputs/public-api/fterrdef.FT_Err_Invalid_Outline.json	5100	file	cd5b42e8531d571fc27ba7313c69bcd512a1d256d30771d71241e1e35d5531d0	-	keep-public-contract	R03	Executable public API parity input validated against tests/manifest.yaml.
tests/fixtures/inputs/public-api/fterrdef.FT_Err_Invalid_PPem.json	3695	file	f80a3cffccbb77bcedd586f9400231e3d4b9bbe61ea968ab8c0f2723753fe84c	-	keep-public-contract	R03	Executable public API parity input validated against tests/manifest.yaml.
tests/fixtures/inputs/public-api/fterrdef.FT_Err_Invalid_Pixel_Size.json	5596	file	f777ac76c3047816fd29e4c0be462c9d4af1468f2a1ca5983331bebfd5aff454	-	keep-public-contract	R03	Executable public API parity input validated against tests/manifest.yaml.
tests/fixtures/inputs/public-api/fterrdef.FT_Err_Invalid_Post_Table.json	3098	file	f4fbdc95de64fbbb7ed038d3aa0cc4fe2add76ce55a567c944f230926cc30f5d	-	keep-public-contract	R03	Executable public API parity input validated against tests/manifest.yaml.
tests/fixtures/inputs/public-api/fterrdef.FT_Err_Invalid_Post_Table_Format.json	3606	file	d25aa7ddd93ddc4f709a0376db6c222eeccd9412c36ca2c970f8f45e0896b85f	-	keep-public-contract	R03	Executable public API parity input validated against tests/manifest.yaml.
tests/fixtures/inputs/public-api/fterrdef.FT_Err_Invalid_Reference.json	3822	file	aae5310615bd71c40780f499e3303c8a3ea5d1c5f58500844b6883438d049140	-	keep-public-contract	R03	Executable public API parity input validated against tests/manifest.yaml.
tests/fixtures/inputs/public-api/fterrdef.FT_Err_Invalid_SVG_Document.json	4035	file	fa121c37a0868162238b3e2e79db21066c5a7bd297ee52188174830eea51b904	-	keep-public-contract	R03	Executable public API parity input validated against tests/manifest.yaml.
tests/fixtures/inputs/public-api/fterrdef.FT_Err_Invalid_Size_Handle.json	3511	file	8a88c089d86f67525be17966eba5bbf0312e4f59cb4e36eb70c116df6da6ebec	-	keep-public-contract	R03	Executable public API parity input validated against tests/manifest.yaml.
tests/fixtures/inputs/public-api/fterrdef.FT_Err_Invalid_Slot_Handle.json	3751	file	691238368735fb4019fd16dbe649831db61c3820bf5cee2e50b6397da9dd643e	-	keep-public-contract	R03	Executable public API parity input validated against tests/manifest.yaml.
tests/fixtures/inputs/public-api/fterrdef.FT_Err_Invalid_Stream_Handle.json	3650	file	e61dfe22f4a9139f9642272a3a6494f7a86bc10e6d4bfc9a18ffb0d71c730b90	-	keep-public-contract	R03	Executable public API parity input validated against tests/manifest.yaml.
tests/fixtures/inputs/public-api/fterrdef.FT_Err_Invalid_Stream_Operation.json	4004	file	32a34e3c62cdc18aca8b5632cb82ee1319f168d2e5bf0ba3c03de9ad71bb733c	-	keep-public-contract	R03	Executable public API parity input validated against tests/manifest.yaml.
tests/fixtures/inputs/public-api/fterrdef.FT_Err_Invalid_Stream_Read.json	3798	file	4272b0f7a6e36ad251c67fa7cd18c35ca67aee69cb1b88a5ab2bcd5637977449	-	keep-public-contract	R03	Executable public API parity input validated against tests/manifest.yaml.
tests/fixtures/inputs/public-api/fterrdef.FT_Err_Invalid_Stream_Seek.json	3708	file	d0507bd75900a006861393e8f5b324887b8d7c084c3d268fd44a75e6d29aa12e	-	keep-public-contract	R03	Executable public API parity input validated against tests/manifest.yaml.
tests/fixtures/inputs/public-api/fterrdef.FT_Err_Invalid_Stream_Skip.json	3693	file	4106037437c821477a12fb9aa4c24d37b8000b18888cd9cec4c295e25b98fbac	-	keep-public-contract	R03	Executable public API parity input validated against tests/manifest.yaml.
tests/fixtures/inputs/public-api/fterrdef.FT_Err_Invalid_Table.json	5007	file	a08cd0dfbbb4322954537d2ac94a9548710f561848e979b14e1d67762a553dfb	-	keep-public-contract	R03	Executable public API parity input validated against tests/manifest.yaml.
tests/fixtures/inputs/public-api/fterrdef.FT_Err_Invalid_Version.json	3510	file	9fcda3b5f1d63599e5d6344514f121f2204ff130f8b760ec75ba26b439e9a479	-	keep-public-contract	R03	Executable public API parity input validated against tests/manifest.yaml.
tests/fixtures/inputs/public-api/fterrdef.FT_Err_Invalid_Vert_Metrics.json	3142	file	554cddbe3848dfdec10c456399bdfa731fc69f397097ade16a0393e73412ffc8	-	keep-public-contract	R03	Executable public API parity input validated against tests/manifest.yaml.
tests/fixtures/inputs/public-api/fterrdef.FT_Err_Locations_Missing.json	3978	file	dc2de678706e8e05450d5f8cd87c298e237e4bba1e3e6235e173aeb78bb5e232	-	keep-public-contract	R03	Executable public API parity input validated against tests/manifest.yaml.
tests/fixtures/inputs/public-api/fterrdef.FT_Err_Lower_Module_Version.json	3626	file	a2db8af845652a4a34ff63733839746b94d782b7d317c4e37ea59e7abbacc754	-	keep-public-contract	R03	Executable public API parity input validated against tests/manifest.yaml.
tests/fixtures/inputs/public-api/fterrdef.FT_Err_Missing_Bbx_Field.json	3844	file	1aa3525bb58b4f0bb4ced44374e2b6b16ec5e97cb99c00a034a2aeb2284faa77	-	keep-public-contract	R03	Executable public API parity input validated against tests/manifest.yaml.
tests/fixtures/inputs/public-api/fterrdef.FT_Err_Missing_Bitmap.json	23785	file	8251353d2fbd427765479d2754b9f53d41552e47aefe328157e8197f9172eb88	-	keep-public-contract	R03	Executable public API parity input validated against tests/manifest.yaml.
tests/fixtures/inputs/public-api/fterrdef.FT_Err_Missing_Chars_Field.json	4055	file	028a3a112510af1bbd48f2c73f1e884034a462b9628b89a8141fae8b3c4130df	-	keep-public-contract	R03	Executable public API parity input validated against tests/manifest.yaml.
tests/fixtures/inputs/public-api/fterrdef.FT_Err_Missing_Encoding_Field.json	3779	file	14b026aae3b26837386a3f7b300bd35a0bef61fc74a08e2582ea05869fdf405b	-	keep-public-contract	R03	Executable public API parity input validated against tests/manifest.yaml.
tests/fixtures/inputs/public-api/fterrdef.FT_Err_Missing_Font_Field.json	3751	file	195058da25ce60416ef8d4eb864602578d1e889bdaee0d748bf1bb4ce2b5c25b	-	keep-public-contract	R03	Executable public API parity input validated against tests/manifest.yaml.
tests/fixtures/inputs/public-api/fterrdef.FT_Err_Missing_Fontboundingbox_Field.json	3905	file	280b8609d88840c86042cd0f52f3b0ad1c9a607b0124cd0ca6ed6e0d0ecec2bd	-	keep-public-contract	R03	Executable public API parity input validated against tests/manifest.yaml.
tests/fixtures/inputs/public-api/fterrdef.FT_Err_Missing_Module.json	5902	file	61dfd4556ab36bd20fd6bdf206867b9cd2e20b62033af33afb98abfa1d77818e	-	keep-public-contract	R03	Executable public API parity input validated against tests/manifest.yaml.
tests/fixtures/inputs/public-api/fterrdef.FT_Err_Missing_Property.json	5555	file	54a9cc20a778bfd6fc99f7d0f5e2b9729e229cb47f976125aa023cf12e3bf982	-	keep-public-contract	R03	Executable public API parity input validated against tests/manifest.yaml.
tests/fixtures/inputs/public-api/fterrdef.FT_Err_Missing_SVG_Hooks.json	5303	file	7d94e530286441a0cc2f981dc89d0ae17cb38db7a268260cc1d6e4ccad3343d8	-	keep-public-contract	R03	Executable public API parity input validated against tests/manifest.yaml.
tests/fixtures/inputs/public-api/fterrdef.FT_Err_Missing_Size_Field.json	3751	file	271fdd826d2add6cb28cfc0ee081efb837e63efbdded5cc6467a31cb5ecd4074	-	keep-public-contract	R03	Executable public API parity input validated against tests/manifest.yaml.
tests/fixtures/inputs/public-api/fterrdef.FT_Err_Missing_Startchar_Field.json	5992	file	a111c9f7c68f9c99a673dc9afb265bf717a5538dc3e41bdd934cc24c80dcc9d8	-	keep-public-contract	R03	Executable public API parity input validated against tests/manifest.yaml.
tests/fixtures/inputs/public-api/fterrdef.FT_Err_Missing_Startfont_Field.json	3817	file	7ffd47e94536b38f5dece0b6bec6099b9bd5dcb335c3797657d6121491fb4779	-	keep-public-contract	R03	Executable public API parity input validated against tests/manifest.yaml.
tests/fixtures/inputs/public-api/fterrdef.FT_Err_Name_Table_Missing.json	4937	file	d5684da86cd2dcbb7de6114ff4556e2f4e97794b7b3cea3f52823caf83b6aa7b	-	keep-public-contract	R03	Executable public API parity input validated against tests/manifest.yaml.
tests/fixtures/inputs/public-api/fterrdef.FT_Err_Nested_DEFS.json	5680	file	0a245ce71611ceffe7890ef4f47a4766fd11c7c803cfd54476d95d9a89412002	-	keep-public-contract	R03	Executable public API parity input validated against tests/manifest.yaml.
tests/fixtures/inputs/public-api/fterrdef.FT_Err_Nested_Frame_Access.json	3879	file	e8f1d50d1bf6f36671d4bad3eb9240d680c2042ac67e45404a64fa0f435c2e44	-	keep-public-contract	R03	Executable public API parity input validated against tests/manifest.yaml.
tests/fixtures/inputs/public-api/fterrdef.FT_Err_No_Unicode_Glyph_Name.json	6081	file	c48a68b02cbf6abc6206f0f34b57c35ecb5b392429019aee5efbbe4590ff2d32	-	keep-public-contract	R03	Executable public API parity input validated against tests/manifest.yaml.
tests/fixtures/inputs/public-api/fterrdef.FT_Err_Ok.json	5396	file	7ebc3bd70b1a9c156d205fe3d68abf6a32f07914d6b27bc25698b5781aad34c2	-	keep-public-contract	R03	Executable public API parity input validated against tests/manifest.yaml.
tests/fixtures/inputs/public-api/fterrdef.FT_Err_Out_Of_Memory.json	5993	file	f01ca3b7cff7235db6a2c5b2df413b552cb8a45a8347772e094678d3ee45b03b	-	keep-public-contract	R03	Executable public API parity input validated against tests/manifest.yaml.
tests/fixtures/inputs/public-api/fterrdef.FT_Err_Post_Table_Missing.json	5245	file	051d5dafa30cdb9ed5c84a40666220052e3f00b8762ac1f250cf7c2945fdfde1	-	keep-public-contract	R03	Executable public API parity input validated against tests/manifest.yaml.
tests/fixtures/inputs/public-api/fterrdef.FT_Err_Raster_Corrupted.json	7331	file	ebe2987b04221b3511a414f5c34f2d9823e2f6a6a438768b2b76ba90d8e908c3	-	keep-public-contract	R03	Executable public API parity input validated against tests/manifest.yaml.
tests/fixtures/inputs/public-api/fterrdef.FT_Err_Raster_Negative_Height.json	3556	file	e2e191a9855b3e804b1b1b56a8deb2a6b49266d18a8ef5c4ac6d24952263ee5f	-	keep-public-contract	R03	Executable public API parity input validated against tests/manifest.yaml.
tests/fixtures/inputs/public-api/fterrdef.FT_Err_Raster_Overflow.json	4866	file	7b0bc57411e2a48dbd303587759d26a853df850d76c5f5cbc5f8296a4f33e71d	-	keep-public-contract	R03	Executable public API parity input validated against tests/manifest.yaml.
tests/fixtures/inputs/public-api/fterrdef.FT_Err_Raster_Uninitialized.json	3365	file	b3ca0042861b15f2fc725734fa26d7165dd736b35b92559c54064c0decc2d58b	-	keep-public-contract	R03	Executable public API parity input validated against tests/manifest.yaml.
tests/fixtures/inputs/public-api/fterrdef.FT_Err_Stack_Overflow.json	5537	file	5271617d1fef75808bcb6b3d5838e51f6b7a9aa1d59673df5ef7be26df35879d	-	keep-public-contract	R03	Executable public API parity input validated against tests/manifest.yaml.
tests/fixtures/inputs/public-api/fterrdef.FT_Err_Stack_Underflow.json	3529	file	bff3f56c67a3b731cc675bf4be22a9c4c83455d09527cc40a022701767a71ec4	-	keep-public-contract	R03	Executable public API parity input validated against tests/manifest.yaml.
tests/fixtures/inputs/public-api/fterrdef.FT_Err_Syntax_Error.json	3785	file	bf6c0a176afc8b21c4e79ac3c14987a89c92543e95e1a7928e7f318f092280cc	-	keep-public-contract	R03	Executable public API parity input validated against tests/manifest.yaml.
tests/fixtures/inputs/public-api/fterrdef.FT_Err_Table_Missing.json	3519	file	406b4fa8ee9b2de18d791196d52ead1c9bcf3916758d7d968a086e4882dbc80b	-	keep-public-contract	R03	Executable public API parity input validated against tests/manifest.yaml.
tests/fixtures/inputs/public-api/fterrdef.FT_Err_Too_Few_Arguments.json	5564	file	47e677d7e6e1ee9c3d7ebb0be1ddab14c11cb26f5c3cf1b628e138dc258b31b6	-	keep-public-contract	R03	Executable public API parity input validated against tests/manifest.yaml.
tests/fixtures/inputs/public-api/fterrdef.FT_Err_Too_Many_Caches.json	3281	file	44faa05563b0156b73392b9c1859135eb96f451edb5056efed6b657640f46ab1	-	keep-public-contract	R03	Executable public API parity input validated against tests/manifest.yaml.
tests/fixtures/inputs/public-api/fterrdef.FT_Err_Too_Many_Drivers.json	3024	file	1e36746a14331cfb979fd42c9cad1a417b3b85286f230ce4364ff1ccfaa8915e	-	keep-public-contract	R03	Executable public API parity input validated against tests/manifest.yaml.
tests/fixtures/inputs/public-api/fterrdef.FT_Err_Too_Many_Extensions.json	3092	file	e43c8aed7b2fd6e2b3ba7484efbb14851fe66a11f384e9f5ca0f5dac5c13af7c	-	keep-public-contract	R03	Executable public API parity input validated against tests/manifest.yaml.
tests/fixtures/inputs/public-api/fterrdef.FT_Err_Too_Many_Function_Defs.json	3579	file	48b78b864c057acfc107ef636553ec164d8d3a48000b4bf51a460ebcc8c048b6	-	keep-public-contract	R03	Executable public API parity input validated against tests/manifest.yaml.
tests/fixtures/inputs/public-api/fterrdef.FT_Err_Too_Many_Hints.json	3418	file	ed7bd4e710362940bf051d9a86f8b99bd73afcf955b01fb583f476244a89d74d	-	keep-public-contract	R03	Executable public API parity input validated against tests/manifest.yaml.
tests/fixtures/inputs/public-api/fterrdef.FT_Err_Too_Many_Instruction_Defs.json	3557	file	94fb4d9a9ef2a9521ccde96e4b82430bccf0f3022245aa75accda7fc095bcc84	-	keep-public-contract	R03	Executable public API parity input validated against tests/manifest.yaml.
tests/fixtures/inputs/public-api/fterrdef.FT_Err_Unimplemented_Feature.json	5458	file	bc374be8fd86f9eafa1dc2ea1e4e9e579484644ebd40e7036d284f618edf5cbc	-	keep-public-contract	R03	Executable public API parity input validated against tests/manifest.yaml.
tests/fixtures/inputs/public-api/fterrdef.FT_Err_Unknown_File_Format.json	5626	file	0c516d57ffeecb3ce6c62e8be08056b24279dc0acb0e076662d943a6ba422f74	-	keep-public-contract	R03	Executable public API parity input validated against tests/manifest.yaml.
tests/fixtures/inputs/public-api/fterrdef.FT_Err_Unlisted_Object.json	3039	file	370d9ec6134eee99d547204a0c89859664e95941b1db568fbd33fe63a61b3022	-	keep-public-contract	R03	Executable public API parity input validated against tests/manifest.yaml.
tests/fixtures/inputs/public-api/fterrors.FT_ERRORDEF.json	3596	file	ed3af92c8c707fd3342249fead3b646eeab0fbf4742ed9e20f7ff175646341af	-	keep-public-contract	R03	Executable public API parity input validated against tests/manifest.yaml.
tests/fixtures/inputs/public-api/fterrors.FT_ERRORDEF_.json	4096	file	b7ac6c3cb10741e7c962eff37e9d597b7481b089fcf61d12104086f145dc03ec	-	keep-public-contract	R03	Executable public API parity input validated against tests/manifest.yaml.
tests/fixtures/inputs/public-api/fterrors.FT_ERROR_END_LIST.json	3482	file	efd2e3eb7ba4d2cd110184dd71070b2c0166fe512b03ff6d06197f7a21cab2d1	-	keep-public-contract	R03	Executable public API parity input validated against tests/manifest.yaml.
tests/fixtures/inputs/public-api/fterrors.FT_ERROR_START_LIST.json	3522	file	1c97318b14b62b6bbf221134eec36fed2b6f49450ce2a4386712de2cc7e0d98a	-	keep-public-contract	R03	Executable public API parity input validated against tests/manifest.yaml.
tests/fixtures/inputs/public-api/fterrors.FT_ERR_BASE.json	5388	file	7587168135ec4f385ba3c2fc079f28334e05b7241c118db678c0dd8427a2a8cf	-	keep-public-contract	R03	Executable public API parity input validated against tests/manifest.yaml.
tests/fixtures/inputs/public-api/fterrors.FT_ERR_PREFIX.json	3919	file	536f835a24af0884a28571c3465f24d6ddc35482c94481e2632d06ba00cf4d1e	-	keep-public-contract	R03	Executable public API parity input validated against tests/manifest.yaml.
tests/fixtures/inputs/public-api/fterrors.FT_ERR_PROTOS_DEFINED.json	3581	file	b5447e2a91d0b44d5717bec75062ee591a3e2ff76d0c27426d7d3deff96e7959	-	keep-public-contract	R03	Executable public API parity input validated against tests/manifest.yaml.
tests/fixtures/inputs/public-api/fterrors.FT_Error_String.json	6177	file	1d6f6876b3d0d48cbcdef80795398ed60fab0f6880f664beba345cde264ab67d	-	keep-public-contract	R03	Executable public API parity input validated against tests/manifest.yaml.
tests/fixtures/inputs/public-api/fterrors.FT_INCLUDE_ERR_PROTOS.json	3562	file	9d4f2668268623650eb291489629e0241dd8042ec9ba5ae0228f2b66f3c0c8fc	-	keep-public-contract	R03	Executable public API parity input validated against tests/manifest.yaml.
tests/fixtures/inputs/public-api/ftfntfmt.FT_Get_Font_Format.json	4384	file	92c9a2e55c9248484d59fe60be4e87f49a668902218cb8e0797ba0ef56f19bd9	-	keep-public-contract	R03	Executable public API parity input validated against tests/manifest.yaml.
tests/fixtures/inputs/public-api/ftfntfmt.FT_Get_X11_Font_Format.json	2922	file	1a6b7471efce48aa3a4413172694b551b2754c30fccdc4dede2f889f823292e4	-	keep-public-contract	R03	Executable public API parity input validated against tests/manifest.yaml.
tests/fixtures/inputs/public-api/ftgasp.FT_GASP_DO_GRAY.json	1473	file	ad30f62de3b1f208ffd6f7bd914816051c8dc34533695f407ce6d2a020bdac0b	-	keep-public-contract	R03	Executable public API parity input validated against tests/manifest.yaml.
tests/fixtures/inputs/public-api/ftgasp.FT_GASP_DO_GRIDFIT.json	1488	file	775c7dce4fb1f4df9897913b5b2953f1687c7c5f3488cba20efec62c53317007	-	keep-public-contract	R03	Executable public API parity input validated against tests/manifest.yaml.
tests/fixtures/inputs/public-api/ftgasp.FT_GASP_NO_TABLE.json	3579	file	42eeb1260f38dd69c22836de9f5fda3d09cc2f20c73a1764549abd44b2427735	-	keep-public-contract	R03	Executable public API parity input validated against tests/manifest.yaml.
tests/fixtures/inputs/public-api/ftgasp.FT_GASP_SYMMETRIC_GRIDFIT.json	1550	file	a3fc4106de6ee9e659027c8fd584cfedd3f01d737a9965ba174243a21a3bf4ad	-	keep-public-contract	R03	Executable public API parity input validated against tests/manifest.yaml.
tests/fixtures/inputs/public-api/ftgasp.FT_GASP_SYMMETRIC_SMOOTHING.json	1560	file	4a9713e3f9a163492624a9f446b9ee7fe034bfa68ca5c07596372081a0c65bcf	-	keep-public-contract	R03	Executable public API parity input validated against tests/manifest.yaml.
tests/fixtures/inputs/public-api/ftgasp.FT_Get_Gasp.json	16596	file	8089fa9f7031d426896cb8be1e21badc2a993f71dd217f50ace1695fa4467b6a	-	keep-public-contract	R03	Executable public API parity input validated against tests/manifest.yaml.
tests/fixtures/inputs/public-api/ftglyph.FT_BitmapGlyph.json	3298	file	ab465aede80c7b70ea841138b94d970c5637d96dc845cda9cb88463b9e3809f0	-	keep-public-contract	R03	Executable public API parity input validated against tests/manifest.yaml.
tests/fixtures/inputs/public-api/ftglyph.FT_BitmapGlyphRec.json	9008	file	cf727c6fa70ba599aae6fedc9cde073e32bc7133d46efa6fbc97f242291206de	-	keep-public-contract	R03	Executable public API parity input validated against tests/manifest.yaml.
tests/fixtures/inputs/public-api/ftglyph.FT_Done_Glyph.json	11559	file	f8dea61ba0ba4600a3d2fa4074983be497fab05b975b9d4c4ba021cec5b6c188	-	keep-public-contract	R03	Executable public API parity input validated against tests/manifest.yaml.
tests/fixtures/inputs/public-api/ftglyph.FT_GLYPH_BBOX_GRIDFIT.json	4365	file	cc4cf29bc6be685ba7b9f4ad90640b0d18a471a737ab98c119882102eb0baf0e	-	keep-public-contract	R03	Executable public API parity input validated against tests/manifest.yaml.
tests/fixtures/inputs/public-api/ftglyph.FT_GLYPH_BBOX_PIXELS.json	4232	file	e2c9ca3748114f4fcc25c8cf2f047da59b6ad787cefd7b5d41b60b0c41763485	-	keep-public-contract	R03	Executable public API parity input validated against tests/manifest.yaml.
tests/fixtures/inputs/public-api/ftglyph.FT_GLYPH_BBOX_SUBPIXELS.json	4309	file	cfe64808ef2da25090e43913c72cba536f109d37bfc8508e14721efd495d1722	-	keep-public-contract	R03	Executable public API parity input validated against tests/manifest.yaml.
tests/fixtures/inputs/public-api/ftglyph.FT_GLYPH_BBOX_TRUNCATE.json	4348	file	44777588c4de4a6cffd99a281a5a7bf9d2acfb533e1ccc16cdcb0520104bdc6b	-	keep-public-contract	R03	Executable public API parity input validated against tests/manifest.yaml.
tests/fixtures/inputs/public-api/ftglyph.FT_GLYPH_BBOX_UNSCALED.json	5090	file	c18a047cfcc2bab09e8f91b429ed60f037fc0958cacbf4d464367755663df787	-	keep-public-contract	R03	Executable public API parity input validated against tests/manifest.yaml.
tests/fixtures/inputs/public-api/ftglyph.FT_Get_Glyph.json	12941	file	111706c05515d8d085f61b090829df84cbc613021b071a809c4874dc9e2c3dc8	-	keep-public-contract	R03	Executable public API parity input validated against tests/manifest.yaml.
tests/fixtures/inputs/public-api/ftglyph.FT_Glyph.json	6387	file	987d7a7d136f4cd025b86cecf87c43e9ff3e5e418c8a99b0953901110f28efc3	-	keep-public-contract	R03	Executable public API parity input validated against tests/manifest.yaml.
tests/fixtures/inputs/public-api/ftglyph.FT_GlyphRec.json	6614	file	775e7ca5d604d0ec5aedeb09ca5aee017fbf16a9f2ed109b75fb9885bb6eb8ff	-	keep-public-contract	R03	Executable public API parity input validated against tests/manifest.yaml.
tests/fixtures/inputs/public-api/ftglyph.FT_Glyph_BBox_Mode.json	2776	file	80ca6b786fd72e6a385618fde2a6e5272c2cca3c8c3e8a53ecf643fd184d6675	-	keep-public-contract	R03	Executable public API parity input validated against tests/manifest.yaml.
tests/fixtures/inputs/public-api/ftglyph.FT_Glyph_Class.json	6560	file	3df946071be762c615a7871b99756add22771e5201d0fcdb6697dd3a0099a4a4	-	keep-public-contract	R03	Executable public API parity input validated against tests/manifest.yaml.
tests/fixtures/inputs/public-api/ftglyph.FT_Glyph_Copy.json	8918	file	1250212e1f155b130f6365c20bd28ca0571b957bacb3338454d03e87eb9c02d4	-	keep-public-contract	R03	Executable public API parity input validated against tests/manifest.yaml.
tests/fixtures/inputs/public-api/ftglyph.FT_Glyph_Get_CBox.json	8781	file	c8d4eae496a1803f4c33cd32d84da1b9217ba32795bf2315bd88b3f3c97c3fc0	-	keep-public-contract	R03	Executable public API parity input validated against tests/manifest.yaml.
tests/fixtures/inputs/public-api/ftglyph.FT_Glyph_To_Bitmap.json	15052	file	482251e5c9237742e1ef106310df230a9b424caa80aac38a4ca451ba2221d00c	-	keep-public-contract	R03	Executable public API parity input validated against tests/manifest.yaml.
tests/fixtures/inputs/public-api/ftglyph.FT_Glyph_Transform.json	9591	file	35a7f4e9430e7a93ee7a8cdf8b9332324e2141681ae3f444bc1ea0831942eb46	-	keep-public-contract	R03	Executable public API parity input validated against tests/manifest.yaml.
tests/fixtures/inputs/public-api/ftglyph.FT_Matrix_Invert.json	5831	file	8947ee6804deb7195308e27b3455769aa5a7c8376549ed1d0df96af5ae55292f	-	keep-public-contract	R03	Executable public API parity input validated against tests/manifest.yaml.
tests/fixtures/inputs/public-api/ftglyph.FT_Matrix_Multiply.json	5387	file	253d37c9b017164629e0dffe62ac4479833ac7e866901f2980dfdf49fda38696	-	keep-public-contract	R03	Executable public API parity input validated against tests/manifest.yaml.
tests/fixtures/inputs/public-api/ftglyph.FT_New_Glyph.json	7733	file	45e56e9d254b47cd6196ced366f361c5f4e287c69c28bca40a63643367fce000	-	keep-public-contract	R03	Executable public API parity input validated against tests/manifest.yaml.
tests/fixtures/inputs/public-api/ftglyph.FT_OutlineGlyph.json	3311	file	4b11d2061619d99a5f9e84c6473951f4ef3f9c15e5791ef9ccf528f6bdf7ceb2	-	keep-public-contract	R03	Executable public API parity input validated against tests/manifest.yaml.
tests/fixtures/inputs/public-api/ftglyph.FT_OutlineGlyphRec.json	5854	file	731d5417b794d76f4b281bb7a8fc68ba222d9fd698382f32ae025d7437fdbcdf	-	keep-public-contract	R03	Executable public API parity input validated against tests/manifest.yaml.
tests/fixtures/inputs/public-api/ftglyph.FT_SvgGlyph.json	5173	file	e5e7ee956abe234c21631452d7b9edef862bee2bdc300988ee69854312d04a6d	-	keep-public-contract	R03	Executable public API parity input validated against tests/manifest.yaml.
tests/fixtures/inputs/public-api/ftglyph.FT_SvgGlyphRec.json	5280	file	f61d1ab7d52d732f3789ad0d48dfcbeac12e5e871af8c782eaa1d9df24f1c579	-	keep-public-contract	R03	Executable public API parity input validated against tests/manifest.yaml.
tests/fixtures/inputs/public-api/ftgxval.FT_ClassicKern_Free.json	2724	file	a21deaa3dd1f7e61c15b72eebc440335629669f10861992ed11461bd078c84ed	-	keep-public-contract	R03	Executable public API parity input validated against tests/manifest.yaml.
tests/fixtures/inputs/public-api/ftgxval.FT_ClassicKern_Validate.json	6528	file	7f282f3565d06b5ba2e6f4cd9a18b340bfd71e345b6e954c3aabc35a70a3dad0	-	keep-public-contract	R03	Executable public API parity input validated against tests/manifest.yaml.
tests/fixtures/inputs/public-api/ftgxval.FT_TrueTypeGX_Free.json	2742	file	3f71c68c1a030b0e220aae5d7bc1ebeec9232a4c72033177fa13aab10519b114	-	keep-public-contract	R03	Executable public API parity input validated against tests/manifest.yaml.
tests/fixtures/inputs/public-api/ftgxval.FT_TrueTypeGX_Validate.json	8569	file	7737ab43f9050a2368495dec1750e287bcc3eb561158a1127da880d5f8d0ff9d	-	keep-public-contract	R03	Executable public API parity input validated against tests/manifest.yaml.
tests/fixtures/inputs/public-api/ftgxval.FT_VALIDATE_APPLE.json	5844	file	454aa9c3756f0df8016ecf7894f90c89da3a5fd7060e7363c08f5f675c2496bd	-	keep-public-contract	R03	Executable public API parity input validated against tests/manifest.yaml.
tests/fixtures/inputs/public-api/ftgxval.FT_VALIDATE_CKERN.json	7702	file	da7dfb83838e85091ec9b09757ae8581b270aeba6cab38e83adecd43ae4439d4	-	keep-public-contract	R03	Executable public API parity input validated against tests/manifest.yaml.
tests/fixtures/inputs/public-api/ftgxval.FT_VALIDATE_GX.json	4677	file	8bf56b9431b1fd724e7375ba3487f8f1562cb481cfff1366c89c79c0d12dfce7	-	keep-public-contract	R03	Executable public API parity input validated against tests/manifest.yaml.
tests/fixtures/inputs/public-api/ftgxval.FT_VALIDATE_GX_BITFIELD.json	4606	file	0bb7e7ee3376ba28ffd1117856f2be8fb0a14800ab28b23ebe8be4aeafbc55dc	-	keep-public-contract	R03	Executable public API parity input validated against tests/manifest.yaml.
tests/fixtures/inputs/public-api/ftgxval.FT_VALIDATE_GX_LAST_INDEX.json	2323	file	057eeb30f2c12736fb78488bcef900049aae893359bfadfb14406e5ac84fa5d9	-	keep-public-contract	R03	Executable public API parity input validated against tests/manifest.yaml.
tests/fixtures/inputs/public-api/ftgxval.FT_VALIDATE_GX_LENGTH.json	3456	file	0881d1259e8dbc53e9976a4a2ccb5ee037d632670d5c8d74388699bf1fb88cc7	-	keep-public-contract	R03	Executable public API parity input validated against tests/manifest.yaml.
tests/fixtures/inputs/public-api/ftgxval.FT_VALIDATE_GX_START.json	2545	file	d337e23dcbf500b44f805dfb33ce47bd9fe33113942d98fd9b9e1fa1c5b4d008	-	keep-public-contract	R03	Executable public API parity input validated against tests/manifest.yaml.
tests/fixtures/inputs/public-api/ftgxval.FT_VALIDATE_MS.json	3416	file	a772544c65b9a5941621344a19a96c6099c5182ce23cd5a5debdf79bdfb70ede	-	keep-public-contract	R03	Executable public API parity input validated against tests/manifest.yaml.
tests/fixtures/inputs/public-api/ftgxval.FT_VALIDATE_bsln.json	3848	file	afef19e957d6d19b5474a8008781e39d1cd6aed3bbe99cddfb1c462b0a8a644a	-	keep-public-contract	R03	Executable public API parity input validated against tests/manifest.yaml.
tests/fixtures/inputs/public-api/ftgxval.FT_VALIDATE_bsln_INDEX.json	3023	file	497ae93d290d17c8e4c84e96763a6795c6c2c245939356a225f4ac444f4a076c	-	keep-public-contract	R03	Executable public API parity input validated against tests/manifest.yaml.
tests/fixtures/inputs/public-api/ftgxval.FT_VALIDATE_feat.json	3900	file	defc8a9e1b89b18adfda7c2acf44d98efee86f9a9763c511b610fd4afce2624e	-	keep-public-contract	R03	Executable public API parity input validated against tests/manifest.yaml.
tests/fixtures/inputs/public-api/ftgxval.FT_VALIDATE_feat_INDEX.json	3023	file	e7f73da442b076cd98d068a25c7eba4dd06478780ef5dda22dcecd8a0ee8924b	-	keep-public-contract	R03	Executable public API parity input validated against tests/manifest.yaml.
tests/fixtures/inputs/public-api/ftgxval.FT_VALIDATE_just.json	3893	file	ce631631b9dd599b03a3977082a9337e7bde2ccac9f20c78fca2cc8b0a9b477d	-	keep-public-contract	R03	Executable public API parity input validated against tests/manifest.yaml.
tests/fixtures/inputs/public-api/ftgxval.FT_VALIDATE_just_INDEX.json	3023	file	76f8e1a4b86048b32fe8fe46aa3d1bc0db9950332ee862c8beb0110b5b6fe7f9	-	keep-public-contract	R03	Executable public API parity input validated against tests/manifest.yaml.
tests/fixtures/inputs/public-api/ftgxval.FT_VALIDATE_kern.json	3879	file	149db6fd9cb8365429cef3853904119e991f48e86ddefe99703714ea6578bd04	-	keep-public-contract	R03	Executable public API parity input validated against tests/manifest.yaml.
tests/fixtures/inputs/public-api/ftgxval.FT_VALIDATE_kern_INDEX.json	3029	file	a6d964ecebb90da91a74f19807c0e3d2409c405038f8080bf5fc5daf6138f38e	-	keep-public-contract	R03	Executable public API parity input validated against tests/manifest.yaml.
tests/fixtures/inputs/public-api/ftgxval.FT_VALIDATE_lcar.json	3865	file	c0809f276ebcbe1a0e826577b9c058e5829175810ed087e7f771c53861ad6294	-	keep-public-contract	R03	Executable public API parity input validated against tests/manifest.yaml.
tests/fixtures/inputs/public-api/ftgxval.FT_VALIDATE_lcar_INDEX.json	3160	file	19e314d7267aece13023d606c0a2c1b451be3f3456ebac8cec6a0501b11f00fd	-	keep-public-contract	R03	Executable public API parity input validated against tests/manifest.yaml.
tests/fixtures/inputs/public-api/ftgxval.FT_VALIDATE_mort.json	4162	file	9583591c31a833984d7ff4a7787424386ca1880c9b066531b9fab76371309ff4	-	keep-public-contract	R03	Executable public API parity input validated against tests/manifest.yaml.
tests/fixtures/inputs/public-api/ftgxval.FT_VALIDATE_mort_INDEX.json	3023	file	e0ef6f2b72ff60829229efc46cffb203f5eec34ee5790671b2b463561d9ed74a	-	keep-public-contract	R03	Executable public API parity input validated against tests/manifest.yaml.
tests/fixtures/inputs/public-api/ftgxval.FT_VALIDATE_morx.json	4164	file	a74f92b682041525174e3490f3e60349cab8ccca855be0dd6aaf523a7f90e705	-	keep-public-contract	R03	Executable public API parity input validated against tests/manifest.yaml.
tests/fixtures/inputs/public-api/ftgxval.FT_VALIDATE_morx_INDEX.json	3023	file	fa43a241c37b12df11ab24b386a8a4c632d4a0aae9ec95017f969c19d4c6d0f9	-	keep-public-contract	R03	Executable public API parity input validated against tests/manifest.yaml.
tests/fixtures/inputs/public-api/ftgxval.FT_VALIDATE_opbd.json	3180	file	441115cf4e51bc749939e5fa3ab40d16f29ea0be051d5d0a387a996d08588bba	-	keep-public-contract	R03	Executable public API parity input validated against tests/manifest.yaml.
tests/fixtures/inputs/public-api/ftgxval.FT_VALIDATE_opbd_INDEX.json	2552	file	e18cbda51cd9b6e8a2e20c31473e8e25d62af77fba5efa54150fa07aa1489a28	-	keep-public-contract	R03	Executable public API parity input validated against tests/manifest.yaml.
tests/fixtures/inputs/public-api/ftgxval.FT_VALIDATE_prop.json	3180	file	b63e055b4b05218e9b812c880d529707a9916120740687b5ea2817539721fdfc	-	keep-public-contract	R03	Executable public API parity input validated against tests/manifest.yaml.
tests/fixtures/inputs/public-api/ftgxval.FT_VALIDATE_prop_INDEX.json	2552	file	341e7f0590b8361c05e78adde199c59ea728e3bf8c91ad97d08bdcdd29411a36	-	keep-public-contract	R03	Executable public API parity input validated against tests/manifest.yaml.
tests/fixtures/inputs/public-api/ftgxval.FT_VALIDATE_trak.json	3180	file	4467ef4255d2d816fd58829a240ffc344940a8f1664fbb99075a0d20fe97d2b3	-	keep-public-contract	R03	Executable public API parity input validated against tests/manifest.yaml.
tests/fixtures/inputs/public-api/ftgxval.FT_VALIDATE_trak_INDEX.json	2552	file	801d3e805f1552a622e75e8a2d3dc92b23e23a3b9c6876af6ace0ced0d76f33c	-	keep-public-contract	R03	Executable public API parity input validated against tests/manifest.yaml.
tests/fixtures/inputs/public-api/ftgzip.FT_Gzip_Uncompress.json	7615	file	6d3aeeac877035d7151b12e7acdff97ea805d388a1f4b46694b71da3793bd59f	-	keep-public-contract	R03	Executable public API parity input validated against tests/manifest.yaml.
tests/fixtures/inputs/public-api/ftgzip.FT_Stream_OpenGzip.json	5898	file	f6a0a6f25153d18e9dede8b1f083b633fdc6ebd85eec0959252df6d594fae6bd	-	keep-public-contract	R03	Executable public API parity input validated against tests/manifest.yaml.
tests/fixtures/inputs/public-api/ftimage.FT_BBox.json	12055	file	fd04b1d4866788a9e83b5473ea60e32d0e12e0697383ab0f6c080c909a2a18a9	-	keep-public-contract	R03	Executable public API parity input validated against tests/manifest.yaml.
tests/fixtures/inputs/public-api/ftimage.FT_Bitmap.json	37353	file	8bfb2f5a6f9f7d4d9342a3a24cb6aa51b04b15741d95a3db81ed0d79963a1521	-	keep-public-contract	R03	Executable public API parity input validated against tests/manifest.yaml.
tests/fixtures/inputs/public-api/ftimage.FT_CURVE_TAG.json	3161	file	bf14dbcb07d6a57809cd19e2dc1b55f414ec5f775920ff1e707ba310cd6bcaae	-	keep-public-contract	R03	Executable public API parity input validated against tests/manifest.yaml.
tests/fixtures/inputs/public-api/ftimage.FT_CURVE_TAG_CONIC.json	5701	file	e311cd5dd7938faf2a60496f64442534fcc79fac9e20fc62830564ad2156fb0e	-	keep-public-contract	R03	Executable public API parity input validated against tests/manifest.yaml.
tests/fixtures/inputs/public-api/ftimage.FT_CURVE_TAG_CUBIC.json	5885	file	58c19e289eb11941eebf6ecddece1ae193f7de6340b114e9a826ce12e30dc1b4	-	keep-public-contract	R03	Executable public API parity input validated against tests/manifest.yaml.
tests/fixtures/inputs/public-api/ftimage.FT_CURVE_TAG_HAS_SCANMODE.json	3384	file	bb335c35767ac16545da7ebe25ff786f8a6a1a50430b5d616acbacc5826b4fbf	-	keep-public-contract	R03	Executable public API parity input validated against tests/manifest.yaml.
tests/fixtures/inputs/public-api/ftimage.FT_CURVE_TAG_ON.json	5540	file	01a4cc3f28855807f7c98b2d3269bb4c9b7ead81a52398c1253c9294d555277c	-	keep-public-contract	R03	Executable public API parity input validated against tests/manifest.yaml.
tests/fixtures/inputs/public-api/ftimage.FT_CURVE_TAG_TOUCH_BOTH.json	54821	file	59822cd7d787df383056e16dbcb2c969fa2b27783836151d641d2010e786e722	-	keep-public-contract	R03	Executable public API parity input validated against tests/manifest.yaml.
tests/fixtures/inputs/public-api/ftimage.FT_CURVE_TAG_TOUCH_X.json	6316	file	c5202cb64d9ebe09fc1d5aedd5f3b7c1634f8dd3a29fc0a975569bd497a99715	-	keep-public-contract	R03	Executable public API parity input validated against tests/manifest.yaml.
tests/fixtures/inputs/public-api/ftimage.FT_CURVE_TAG_TOUCH_Y.json	6318	file	28c723c937640f807fb08f5736f1556b4a17a1c60729219dfedc6797903ff47a	-	keep-public-contract	R03	Executable public API parity input validated against tests/manifest.yaml.
tests/fixtures/inputs/public-api/ftimage.FT_GLYPH_FORMAT_BITMAP.json	3774	file	2b76a482c73683e588221334866b6f0c9b6312ec55dc18706972a9dea67acafb	-	keep-public-contract	R03	Executable public API parity input validated against tests/manifest.yaml.
tests/fixtures/inputs/public-api/ftimage.FT_GLYPH_FORMAT_COMPOSITE.json	1881	file	f20d9daf71752824c094f3805d478bd974514c364b1c61783612ac182831cf2a	-	keep-public-contract	R03	Executable public API parity input validated against tests/manifest.yaml.
tests/fixtures/inputs/public-api/ftimage.FT_GLYPH_FORMAT_NONE.json	1818	file	f638e6481d650416332ecac986a596dd7b8e54ea2f0dfa65a0c7de3ba5bb5280	-	keep-public-contract	R03	Executable public API parity input validated against tests/manifest.yaml.
tests/fixtures/inputs/public-api/ftimage.FT_GLYPH_FORMAT_OUTLINE.json	14682	file	f84b59ea62dcd9de5642ac88fc516fee970f3ce6bd13f51cdd3c45fa0a7313ed	-	keep-public-contract	R03	Executable public API parity input validated against tests/manifest.yaml.
tests/fixtures/inputs/public-api/ftimage.FT_GLYPH_FORMAT_PLOTTER.json	2081	file	b11377ee79f0413e918af847dc914c26a797e85a68c8e83d7fd19025abc0f0cb	-	keep-public-contract	R03	Executable public API parity input validated against tests/manifest.yaml.
tests/fixtures/inputs/public-api/ftimage.FT_GLYPH_FORMAT_SVG.json	4690	file	073dbc568874c214367cee87e7a9079af7978bd7bb425f31b2b5fd464f4099c6	-	keep-public-contract	R03	Executable public API parity input validated against tests/manifest.yaml.
tests/fixtures/inputs/public-api/ftimage.FT_Glyph_Format.json	4478	file	2ed24bf73b0d340dca497f0592fbcc671c266ea217d8eee20fef8fbc54eb5bdb	-	keep-public-contract	R03	Executable public API parity input validated against tests/manifest.yaml.
tests/fixtures/inputs/public-api/ftimage.FT_IMAGE_TAG.json	4818	file	ed54db2d1e58d6f3cfc83daad40bc7c09c4caa1036a618bcdbbdadc1fe0da68c	-	keep-public-contract	R03	Executable public API parity input validated against tests/manifest.yaml.
tests/fixtures/inputs/public-api/ftimage.FT_OUTLINE_CONTOURS_MAX.json	2736	file	91e671b63bdb6ec34527683e120d57b075d788b8e8f753146e7aabf823483d68	-	keep-public-contract	R03	Executable public API parity input validated against tests/manifest.yaml.
tests/fixtures/inputs/public-api/ftimage.FT_OUTLINE_EVEN_ODD_FILL.json	3230	file	25bab1b1929917b0dfd91fa08defb3272ec4e84817b00bfa06ee9baba1137ad8	-	keep-public-contract	R03	Executable public API parity input validated against tests/manifest.yaml.
tests/fixtures/inputs/public-api/ftimage.FT_OUTLINE_HIGH_PRECISION.json	8137	file	236c07843d712e9698f05921336c151746eeacac326b69b2e588996b85eda323	-	keep-public-contract	R03	Executable public API parity input validated against tests/manifest.yaml.
tests/fixtures/inputs/public-api/ftimage.FT_OUTLINE_IGNORE_DROPOUTS.json	4918	file	a4baafc90ff5999d4c335772772f8698e2a6d3eabea4cf7d2edc8d5493070bbc	-	keep-public-contract	R03	Executable public API parity input validated against tests/manifest.yaml.
tests/fixtures/inputs/public-api/ftimage.FT_OUTLINE_INCLUDE_STUBS.json	3364	file	755fce8f201fa4d5acb8d7b64b796a4c5268ca2b4672db2c52f15e7989475d54	-	keep-public-contract	R03	Executable public API parity input validated against tests/manifest.yaml.
tests/fixtures/inputs/public-api/ftimage.FT_OUTLINE_NONE.json	4838	file	0c7aa1409411487deaa6c5f4e12b6bc42282846f4092740be8aff5e93df03df1	-	keep-public-contract	R03	Executable public API parity input validated against tests/manifest.yaml.
tests/fixtures/inputs/public-api/ftimage.FT_OUTLINE_OVERLAP.json	6324	file	6f504c9dec5c995c662a9e5f289dc21ebde8de6e1347f87bdf63c527f4ed9702	-	keep-public-contract	R03	Executable public API parity input validated against tests/manifest.yaml.
tests/fixtures/inputs/public-api/ftimage.FT_OUTLINE_OWNER.json	3336	file	d2d2de9b2bf63123c9e7b14e842489c51b3dd9c10b8e52ecc42c655bbbadc590	-	keep-public-contract	R03	Executable public API parity input validated against tests/manifest.yaml.
tests/fixtures/inputs/public-api/ftimage.FT_OUTLINE_POINTS_MAX.json	2718	file	d80d0425b51a65954d229aad5292335418a62f9260b1850805561c54ef2fdfb6	-	keep-public-contract	R03	Executable public API parity input validated against tests/manifest.yaml.
tests/fixtures/inputs/public-api/ftimage.FT_OUTLINE_REVERSE_FILL.json	4563	file	f9c292504d963c8f7bda057842c0b4c8aa8ba8f3f997613eb16bd1f57aa228d0	-	keep-public-contract	R03	Executable public API parity input validated against tests/manifest.yaml.
tests/fixtures/inputs/public-api/ftimage.FT_OUTLINE_SINGLE_PASS.json	8454	file	faec4fb8e586f42b5c0ac17785ce2c32c53c1cd9dc7863b5ae03755d01c1d145	-	keep-public-contract	R03	Executable public API parity input validated against tests/manifest.yaml.
tests/fixtures/inputs/public-api/ftimage.FT_OUTLINE_SMART_DROPOUTS.json	4954	file	90eee3a8d9c1212f770697b267f36a17ad8a6ef84e65aeea0312c8d691d31a0c	-	keep-public-contract	R03	Executable public API parity input validated against tests/manifest.yaml.
tests/fixtures/inputs/public-api/ftimage.FT_Outline.json	15298	file	dfdf4841ef90eb5df3f67dfaf1826035604d19691145e77375df2c2bfb9de555	-	keep-public-contract	R03	Executable public API parity input validated against tests/manifest.yaml.
tests/fixtures/inputs/public-api/ftimage.FT_Outline_ConicTo_Func.json	4624	file	2450825401baecf74dce68760d193a42ddbd7bb0e1a012967fd280a2933dfc75	-	keep-public-contract	R03	Executable public API parity input validated against tests/manifest.yaml.
tests/fixtures/inputs/public-api/ftimage.FT_Outline_CubicTo_Func.json	4689	file	22f61b021b2467263c72455741b1650b753ba3e97dddc99f21c951a323fec21b	-	keep-public-contract	R03	Executable public API parity input validated against tests/manifest.yaml.
tests/fixtures/inputs/public-api/ftimage.FT_Outline_Funcs.json	7240	file	76ee04136daed5260b63f59d232acae0ac5ba6e3e39ffd0b59a4bbe24c8f5605	-	keep-public-contract	R03	Executable public API parity input validated against tests/manifest.yaml.
tests/fixtures/inputs/public-api/ftimage.FT_Outline_LineTo_Func.json	4579	file	6c34c48362878c24ad89751412b6841e9c82978f19d78c9f69ac4154f08d4c62	-	keep-public-contract	R03	Executable public API parity input validated against tests/manifest.yaml.
tests/fixtures/inputs/public-api/ftimage.FT_Outline_MoveTo_Func.json	7341	file	0c99fb8b2f43744189f2001ad71029e4aef153a8372bcf37e7db401b55c8d141	-	keep-public-contract	R03	Executable public API parity input validated against tests/manifest.yaml.
tests/fixtures/inputs/public-api/ftimage.FT_PIXEL_MODE_BGRA.json	2022	file	782839ebb598d49ae2c049d90c2b83895c7cebfe89a941d26b2ef2415f17341a	-	keep-public-contract	R03	Executable public API parity input validated against tests/manifest.yaml.
tests/fixtures/inputs/public-api/ftimage.FT_PIXEL_MODE_GRAY.json	17769	file	35acba402c96220e5bdb82954662df325b248d71676fb642c5d0b1dfb57056bf	-	keep-public-contract	R03	Executable public API parity input validated against tests/manifest.yaml.
tests/fixtures/inputs/public-api/ftimage.FT_PIXEL_MODE_GRAY2.json	2062	file	74d735e61b6ac9c02b58fe3875932c370872e178c7cbce31b4f2cb92948022da	-	keep-public-contract	R03	Executable public API parity input validated against tests/manifest.yaml.
tests/fixtures/inputs/public-api/ftimage.FT_PIXEL_MODE_GRAY4.json	2062	file	653805b2b3066ee8efb45db7d3de20cd10c77eaf144b5eb24d6b950eda2df6c9	-	keep-public-contract	R03	Executable public API parity input validated against tests/manifest.yaml.
tests/fixtures/inputs/public-api/ftimage.FT_PIXEL_MODE_LCD.json	10540	file	fde65b638718a1ef7a7767a8047470ba06b46209d3d17448283db4935741f453	-	keep-public-contract	R03	Executable public API parity input validated against tests/manifest.yaml.
tests/fixtures/inputs/public-api/ftimage.FT_PIXEL_MODE_LCD_V.json	12856	file	abcaf6e92ce8957d8cf690a56b8812e31381403d4ed89bcaf00ff81364667805	-	keep-public-contract	R03	Executable public API parity input validated against tests/manifest.yaml.
tests/fixtures/inputs/public-api/ftimage.FT_PIXEL_MODE_MAX.json	9612	file	d914d3e346aa16fc023c7d4e52536fb12c18a21c934c61fe598784b1f70b49e1	-	keep-public-contract	R03	Executable public API parity input validated against tests/manifest.yaml.
tests/fixtures/inputs/public-api/ftimage.FT_PIXEL_MODE_MONO.json	7299	file	b26a34351b1830ff80788decc3db9a7f467dbb7795747b2abc870a46aa5a500e	-	keep-public-contract	R03	Executable public API parity input validated against tests/manifest.yaml.
tests/fixtures/inputs/public-api/ftimage.FT_PIXEL_MODE_NONE.json	4805	file	c0438f303d241de579564c8e43d015091643aecb104f1100ee7908c289c0df30	-	keep-public-contract	R03	Executable public API parity input validated against tests/manifest.yaml.
tests/fixtures/inputs/public-api/ftimage.FT_Pixel_Mode.json	8972	file	0f5e724d3dd1d20c4d7788519c4717010e0029bf46bdf3bfff84338861259986	-	keep-public-contract	R03	Executable public API parity input validated against tests/manifest.yaml.
tests/fixtures/inputs/public-api/ftimage.FT_Pos.json	3400	file	d528e193cf28f15b1b746d43ca340fa5bb421c6e5011e90a89b7ec7a00f4fd4d	-	keep-public-contract	R03	Executable public API parity input validated against tests/manifest.yaml.
tests/fixtures/inputs/public-api/ftimage.FT_RASTER_FLAG_AA.json	7571	file	6ea6b9f413409d668bf476d9ef225435a20fef9261254bacfe986acc7885531c	-	keep-public-contract	R03	Executable public API parity input validated against tests/manifest.yaml.
tests/fixtures/inputs/public-api/ftimage.FT_RASTER_FLAG_CLIP.json	4813	file	35c540e9786e7fffb9159e4182a3f4920bf95078c37d4b736bcff4f540170b1a	-	keep-public-contract	R03	Executable public API parity input validated against tests/manifest.yaml.
tests/fixtures/inputs/public-api/ftimage.FT_RASTER_FLAG_DEFAULT.json	3096	file	ea78ca0172bc4b783c39b1b3c6f695ffaf590e215f49c3c4206d31296637e609	-	keep-public-contract	R03	Executable public API parity input validated against tests/manifest.yaml.
tests/fixtures/inputs/public-api/ftimage.FT_RASTER_FLAG_DIRECT.json	6442	file	d7d121bd3d221d151d8582aabcd8ebd950230bd288576172aa9072e7d476fd3b	-	keep-public-contract	R03	Executable public API parity input validated against tests/manifest.yaml.
tests/fixtures/inputs/public-api/ftimage.FT_RASTER_FLAG_SDF.json	4939	file	9f423a9ca8457b3d121f700b9af14aeba503036af001acc2143afcdfd4d94a62	-	keep-public-contract	R03	Executable public API parity input validated against tests/manifest.yaml.
tests/fixtures/inputs/public-api/ftimage.FT_Raster.json	5640	file	8913fa08e836f64867e1168aec4070f9c31b0744649a6d56887dc73d2b762fab	-	keep-public-contract	R03	Executable public API parity input validated against tests/manifest.yaml.
tests/fixtures/inputs/public-api/ftimage.FT_Raster_Done_Func.json	3977	file	fc7938b23e9935c93c2d110c588198fab8175370eb73476707513ee58c49e40e	-	keep-public-contract	R03	Executable public API parity input validated against tests/manifest.yaml.
tests/fixtures/inputs/public-api/ftimage.FT_Raster_Funcs.json	5611	file	4ff30368a7793904368a45819ac76fcada3c388d837daf4ff86a5c6c79db0c9c	-	keep-public-contract	R03	Executable public API parity input validated against tests/manifest.yaml.
tests/fixtures/inputs/public-api/ftimage.FT_Raster_New_Func.json	5086	file	90884e26802fbda2cba8e0c589ff9215cafad68f0cacb92c356d8bc3ce0e0d4b	-	keep-public-contract	R03	Executable public API parity input validated against tests/manifest.yaml.
tests/fixtures/inputs/public-api/ftimage.FT_Raster_Params.json	9756	file	1d611dcc1197dad52efe601effab9e078450f8d2b800edf0431b41cec9625cc5	-	keep-public-contract	R03	Executable public API parity input validated against tests/manifest.yaml.
tests/fixtures/inputs/public-api/ftimage.FT_Raster_Render_Func.json	5646	file	a4d20a3b685067e9dff0a9047c5e0a31434beb4e513cc4ddd5400107627e807c	-	keep-public-contract	R03	Executable public API parity input validated against tests/manifest.yaml.
tests/fixtures/inputs/public-api/ftimage.FT_Raster_Reset_Func.json	4008	file	beebcc8438f8b7b17fa224bb9f2a0825665d8331f700d3fb635c70ae0702f332	-	keep-public-contract	R03	Executable public API parity input validated against tests/manifest.yaml.
tests/fixtures/inputs/public-api/ftimage.FT_Raster_Set_Mode_Func.json	4140	file	645c60551ee1bba697482929474c535da2510ddbf9fa3b4c2a3e53a8ce9be134	-	keep-public-contract	R03	Executable public API parity input validated against tests/manifest.yaml.
tests/fixtures/inputs/public-api/ftimage.FT_Raster_Span_Func.json	5658	file	6804639504c2189079256f4f2bc96282d4af621b277969447938de2f30938b43	-	keep-public-contract	R03	Executable public API parity input validated against tests/manifest.yaml.
tests/fixtures/inputs/public-api/ftimage.FT_Span.json	5042	file	c5ae216694c46be151e0f5c27874efdceda277b26b3e9fb5530ce3f33dedf2c5	-	keep-public-contract	R03	Executable public API parity input validated against tests/manifest.yaml.
tests/fixtures/inputs/public-api/ftimage.FT_Vector.json	9563	file	a239c763240aae549d95e0243382144d249f108a6e9ea7be8542b99addfc7870	-	keep-public-contract	R03	Executable public API parity input validated against tests/manifest.yaml.
tests/fixtures/inputs/public-api/ftincrem.FT_Incremental.json	4487	file	acb8f1e19b37768be433b29bceee684757441b09e7058c83ebc7c409147db724	-	keep-public-contract	R03	Executable public API parity input validated against tests/manifest.yaml.
tests/fixtures/inputs/public-api/ftincrem.FT_Incremental_FuncsRec.json	10491	file	8f87caf5ed1c5a3df4f2c17165353f2714059e87e6379d943ff330fd50de210b	-	keep-public-contract	R03	Executable public API parity input validated against tests/manifest.yaml.
tests/fixtures/inputs/public-api/ftincrem.FT_Incremental_Interface.json	4361	file	06f5049c52f098c221b4ebb2d9a34cec14d321d1bfdc2c9e200493ed0f1ee8ca	-	keep-public-contract	R03	Executable public API parity input validated against tests/manifest.yaml.
tests/fixtures/inputs/public-api/ftincrem.FT_Incremental_InterfaceRec.json	6490	file	df7d164a076c32ab614211d73bf3c2f39295fe91aa099e5165a15cac651824c2	-	keep-public-contract	R03	Executable public API parity input validated against tests/manifest.yaml.
tests/fixtures/inputs/public-api/ftincrem.FT_Incremental_Metrics.json	4206	file	16383b842b7282759c9679f4dc23ae7771a395b7d7bd9805097f42c4fd023720	-	keep-public-contract	R03	Executable public API parity input validated against tests/manifest.yaml.
tests/fixtures/inputs/public-api/ftincrem.FT_Incremental_MetricsRec.json	7302	file	d211ec2f3d75937817526531e0909f0192ae8c5077471783713b49459c8cf434	-	keep-public-contract	R03	Executable public API parity input validated against tests/manifest.yaml.
tests/fixtures/inputs/public-api/ftlcdfil.FT_LCD_FILTER_DEFAULT.json	2188	file	d5acb577e1a8530ec9dacce2e760359f33aadaade4090a07394c98dd60363fdf	-	keep-public-contract	R03	Executable public API parity input validated against tests/manifest.yaml.
tests/fixtures/inputs/public-api/ftlcdfil.FT_LCD_FILTER_FIVE_TAPS.json	2441	file	6f64177b9f1ae65b38cc55f310f8b0b257f35a28a2481ec50660ebe2d73c0a8b	-	keep-public-contract	R03	Executable public API parity input validated against tests/manifest.yaml.
tests/fixtures/inputs/public-api/ftlcdfil.FT_LCD_FILTER_LEGACY.json	2307	file	39a01140e93325a267e100544f0b9c31c00aa63330458d7afab4db58f95c7869	-	keep-public-contract	R03	Executable public API parity input validated against tests/manifest.yaml.
tests/fixtures/inputs/public-api/ftlcdfil.FT_LCD_FILTER_LEGACY1.json	2312	file	d51a0a5a41ca24a88f04b9fd0d66a241bf35e9c525c0e2df6553aa81a81b0c1a	-	keep-public-contract	R03	Executable public API parity input validated against tests/manifest.yaml.
tests/fixtures/inputs/public-api/ftlcdfil.FT_LCD_FILTER_LIGHT.json	2147	file	9d15c52f63fdd9ea27aed6c6b3d44ac72d389a92efb7b2c761be656b131e5d9d	-	keep-public-contract	R03	Executable public API parity input validated against tests/manifest.yaml.
tests/fixtures/inputs/public-api/ftlcdfil.FT_LCD_FILTER_MAX.json	2286	file	66cb8904e66ae485dbf0a8a367dcd2268fe00ef1ff4e52c8724c75231fa49230	-	keep-public-contract	R03	Executable public API parity input validated against tests/manifest.yaml.
tests/fixtures/inputs/public-api/ftlcdfil.FT_LCD_FILTER_NONE.json	2230	file	07d367401b81fef99e8641d6eaa2767eee845faca078654a7b929340155fcb31	-	keep-public-contract	R03	Executable public API parity input validated against tests/manifest.yaml.
tests/fixtures/inputs/public-api/ftlcdfil.FT_LcdFilter.json	3732	file	39facd546918f6b584da8eba65d1fe8f62cb1dfdd7e078182245e6add018e3cc	-	keep-public-contract	R03	Executable public API parity input validated against tests/manifest.yaml.
tests/fixtures/inputs/public-api/ftlcdfil.FT_Library_SetLcdFilter.json	5244	file	61975aa36a93af4168121fa92a0b008c8fa2c20f2f30802b48ac0213d12ed63d	-	keep-public-contract	R03	Executable public API parity input validated against tests/manifest.yaml.
tests/fixtures/inputs/public-api/ftlcdfil.FT_Library_SetLcdFilterWeights.json	4942	file	6be4900239bde9db7a666437e0e5810ec56dcc97d6f1bcb2a084d851322555aa	-	keep-public-contract	R03	Executable public API parity input validated against tests/manifest.yaml.
tests/fixtures/inputs/public-api/ftlcdfil.FT_Library_SetLcdGeometry.json	5073	file	3bb6e30abd5ab0bbc77d844e459b47a8f60757acb63b1861265ef4a65564c0c1	-	keep-public-contract	R03	Executable public API parity input validated against tests/manifest.yaml.
tests/fixtures/inputs/public-api/ftlist.FT_List_Add.json	4158	file	8fc53c85ce73878fe6119f9369c4a83d9bbb6aa2c1306ce1019b6212144f6cf7	-	keep-public-contract	R03	Executable public API parity input validated against tests/manifest.yaml.
tests/fixtures/inputs/public-api/ftlist.FT_List_Finalize.json	5765	file	9e996b9e6481ae2db0c0d0543bff31b5f45e57ce3b72902151b1932f20ba1214	-	keep-public-contract	R03	Executable public API parity input validated against tests/manifest.yaml.
tests/fixtures/inputs/public-api/ftlist.FT_List_Find.json	5178	file	06899fdd9f80144f0abc87f0c37f1a7b944e4e09c961a8306af6018b3c8ef72a	-	keep-public-contract	R03	Executable public API parity input validated against tests/manifest.yaml.
tests/fixtures/inputs/public-api/ftlist.FT_List_Insert.json	6124	file	dedd9a6b4e116003843e068714d1617b14312f680187663e66e313424a3f3c12	-	keep-public-contract	R03	Executable public API parity input validated against tests/manifest.yaml.
tests/fixtures/inputs/public-api/ftlist.FT_List_Iterate.json	8614	file	9e12971c71b1bf580464c108da5ab9dfb9fd557073208781239b95b4070fb85d	-	keep-public-contract	R03	Executable public API parity input validated against tests/manifest.yaml.
tests/fixtures/inputs/public-api/ftlist.FT_List_Remove.json	7793	file	c648532ef3947c100b2d26eb2676c709a14c4a35a0c4cd2011794c613f8b8207	-	keep-public-contract	R03	Executable public API parity input validated against tests/manifest.yaml.
tests/fixtures/inputs/public-api/ftlist.FT_List_Up.json	6220	file	80fd8ef60c3a5c6bdd8d70dd02d8bbc77d5ddb65b99f35f1560c20050e08de53	-	keep-public-contract	R03	Executable public API parity input validated against tests/manifest.yaml.
tests/fixtures/inputs/public-api/ftlogging.FT_Set_Default_Log_Handler.json	4386	file	31e686813807abfdc884303a1ce062dbed7c84d6778dfed908c6f602e3fd97d4	-	keep-public-contract	R03	Executable public API parity input validated against tests/manifest.yaml.
tests/fixtures/inputs/public-api/ftlogging.FT_Set_Log_Handler.json	6173	file	ef473e0aa649a12b22b377de3b35dc2aa0d71d340a33873039d046f8748eda67	-	keep-public-contract	R03	Executable public API parity input validated against tests/manifest.yaml.
tests/fixtures/inputs/public-api/ftlogging.FT_Trace_Set_Default_Level.json	4547	file	c089290ef2749a78ef444bf30f2dd458374c6f5f1341cd5755cfaf82fa77cb04	-	keep-public-contract	R03	Executable public API parity input validated against tests/manifest.yaml.
tests/fixtures/inputs/public-api/ftlogging.FT_Trace_Set_Level.json	6090	file	2e0360ec25129fc4359d0629b56211f5df05b21eea7d488db9fca5a244ddb2ab	-	keep-public-contract	R03	Executable public API parity input validated against tests/manifest.yaml.
tests/fixtures/inputs/public-api/ftlzw.FT_Stream_OpenLZW.json	8226	file	e94c3f53dd6da11ef8b8c9c17e0b9627398222ed16a19e6693eb6d8ab37f6341	-	keep-public-contract	R03	Executable public API parity input validated against tests/manifest.yaml.
tests/fixtures/inputs/public-api/ftmm.FT_Done_MM_Var.json	5122	file	e804e882681b987531951972fe9c8fabcce0555155cf4922ba73d13c6718188e	-	keep-public-contract	R03	Executable public API parity input validated against tests/manifest.yaml.
tests/fixtures/inputs/public-api/ftmm.FT_Get_Default_Named_Instance.json	6615	file	e264615eef57a12d5c33297b5086ac0ee4e73253b4c4b25b8c47b7a1257776fc	-	keep-public-contract	R03	Executable public API parity input validated against tests/manifest.yaml.
tests/fixtures/inputs/public-api/ftmm.FT_Get_MM_Blend_Coordinates.json	9093	file	146c3e33c259123bcbd2dc43819db964052689c3a7335653cb2e7b157ac41155	-	keep-public-contract	R03	Executable public API parity input validated against tests/manifest.yaml.
tests/fixtures/inputs/public-api/ftmm.FT_Get_MM_Var.json	8999	file	2723957bbd878655854689747fb3daa2fe61dc96b8fa2407fdd6b52addff05cf	-	keep-public-contract	R03	Executable public API parity input validated against tests/manifest.yaml.
tests/fixtures/inputs/public-api/ftmm.FT_Get_MM_WeightVector.json	7022	file	23713f7c3a7e1c654febc590d33e0c3de69066fb8d0718c3a918f06d03f59c50	-	keep-public-contract	R03	Executable public API parity input validated against tests/manifest.yaml.
tests/fixtures/inputs/public-api/ftmm.FT_Get_Multi_Master.json	7786	file	ef4127b15688e1496593dc01cc17b62bc4c281c3dc3510a1b29544c6a1f8e418	-	keep-public-contract	R03	Executable public API parity input validated against tests/manifest.yaml.
tests/fixtures/inputs/public-api/ftmm.FT_Get_Var_Axis_Flags.json	8520	file	e93ea81b4fd38091e57189dbbffb3209550cfcf72a522538a493d291b173f0da	-	keep-public-contract	R03	Executable public API parity input validated against tests/manifest.yaml.
tests/fixtures/inputs/public-api/ftmm.FT_Get_Var_Blend_Coordinates.json	7354	file	d15de11738a9e8d1402cc9815127a68aff1d4fc3e654487236feb31fe18f6ef5	-	keep-public-contract	R03	Executable public API parity input validated against tests/manifest.yaml.
tests/fixtures/inputs/public-api/ftmm.FT_Get_Var_Design_Coordinates.json	7150	file	2db94a6ce4dd38056bc91a17515294f9f2169b50af5e201900f5d885a8ed3657	-	keep-public-contract	R03	Executable public API parity input validated against tests/manifest.yaml.
tests/fixtures/inputs/public-api/ftmm.FT_MM_Axis.json	5099	file	6e581c344fd5474989e8dcbcc18d9cb9ec283a6ebf1e8a46e7f876588ed0c912	-	keep-public-contract	R03	Executable public API parity input validated against tests/manifest.yaml.
tests/fixtures/inputs/public-api/ftmm.FT_MM_Var.json	5313	file	99a2c1b99502b67cb239bcf6fbf7f47f28b50469b119e9be01a690ae5e362ad2	-	keep-public-contract	R03	Executable public API parity input validated against tests/manifest.yaml.
tests/fixtures/inputs/public-api/ftmm.FT_Multi_Master.json	5560	file	51d676e32f16d9267c60f96166490ca8c347ce33b8f84d0140e0d25213edcbf1	-	keep-public-contract	R03	Executable public API parity input validated against tests/manifest.yaml.
tests/fixtures/inputs/public-api/ftmm.FT_Set_MM_Blend_Coordinates.json	9480	file	ee2c1a6e04886db96cf8f20bbe944c7e0a0beb069c8f6a14b1bd261d8a16239b	-	keep-public-contract	R03	Executable public API parity input validated against tests/manifest.yaml.
tests/fixtures/inputs/public-api/ftmm.FT_Set_MM_Design_Coordinates.json	8966	file	9ee8d1362bb4a98e8062cca86db1d00692cb048312fa871095fc6108e7405ffe	-	keep-public-contract	R03	Executable public API parity input validated against tests/manifest.yaml.
tests/fixtures/inputs/public-api/ftmm.FT_Set_MM_WeightVector.json	6761	file	d9852912286f02951462aef7da6bb5ba930a9106e899bff32d55b1da605e971f	-	keep-public-contract	R03	Executable public API parity input validated against tests/manifest.yaml.
tests/fixtures/inputs/public-api/ftmm.FT_Set_Named_Instance.json	9535	file	b779ff070e4ed5ad358b8c92645547376ee237e63316e774f39a5f76b35245a7	-	keep-public-contract	R03	Executable public API parity input validated against tests/manifest.yaml.
tests/fixtures/inputs/public-api/ftmm.FT_Set_Var_Blend_Coordinates.json	7371	file	0e947db791f53cc10788314f2401503b1eaf760af91f5030087a6d970fe23b36	-	keep-public-contract	R03	Executable public API parity input validated against tests/manifest.yaml.
tests/fixtures/inputs/public-api/ftmm.FT_Set_Var_Design_Coordinates.json	7504	file	da5fa07bdc3d7453e203652bc1b242706be62943be519cde3234ec8866eed56b	-	keep-public-contract	R03	Executable public API parity input validated against tests/manifest.yaml.
tests/fixtures/inputs/public-api/ftmm.FT_VAR_AXIS_FLAG_HIDDEN.json	3339	file	694ed4d1af6d3350fa11a6608946bb33ef110c21838cacb4af7d060cc551a902	-	keep-public-contract	R03	Executable public API parity input validated against tests/manifest.yaml.
tests/fixtures/inputs/public-api/ftmm.FT_Var_Axis.json	5466	file	54008dee34aa5b3af46b5a8a312355333b26e5b4d09ad64a9d763d4d72ec320d	-	keep-public-contract	R03	Executable public API parity input validated against tests/manifest.yaml.
tests/fixtures/inputs/public-api/ftmm.FT_Var_Named_Style.json	5526	file	51ed8f6bd921ef5e12d6638c0ce83423046869ad16b645b75b3a77b166dda028	-	keep-public-contract	R03	Executable public API parity input validated against tests/manifest.yaml.
tests/fixtures/inputs/public-api/ftmm.T1_MAX_MM_AXIS.json	2762	file	385f23f4837f5969d0ea7ba7d74508882511ef28ca967f0ab861efc08fef2cbb	-	keep-public-contract	R03	Executable public API parity input validated against tests/manifest.yaml.
tests/fixtures/inputs/public-api/ftmm.T1_MAX_MM_DESIGNS.json	2759	file	8fc8e264d9886d2fb0d5a781d3451d2d1f00743ea338feb494c828e6a5c3f4e0	-	keep-public-contract	R03	Executable public API parity input validated against tests/manifest.yaml.
tests/fixtures/inputs/public-api/ftmm.T1_MAX_MM_MAP_POINTS.json	2802	file	3456b7c5b201278de53e4c870f7ef4c9420064cee266effdd0240d2da2056488	-	keep-public-contract	R03	Executable public API parity input validated against tests/manifest.yaml.
tests/fixtures/inputs/public-api/ftmodapi.FT_Add_Default_Modules.json	3114	file	71ef57ab0064ddb1225273b3862af30d5ff9281a65f0c9e79f247446fc0afb85	-	keep-public-contract	R03	Executable public API parity input validated against tests/manifest.yaml.
tests/fixtures/inputs/public-api/ftmodapi.FT_Add_Module.json	7027	file	1e6d5148089dce106ee7713e16027cdd3c4631f7a8d3a9d739f45ed507aed36e	-	keep-public-contract	R03	Executable public API parity input validated against tests/manifest.yaml.
tests/fixtures/inputs/public-api/ftmodapi.FT_DEBUG_HOOK_TRUETYPE.json	2236	file	1ee079682f0b4bb23aa66e491e3e07739e6168f114dfac2d22209017a14c569d	-	keep-public-contract	R03	Executable public API parity input validated against tests/manifest.yaml.
tests/fixtures/inputs/public-api/ftmodapi.FT_Done_Library.json	5314	file	2466e6338234405a712ac9abfd88f3eb5fd366e2be45685dafad217dc934f3da	-	keep-public-contract	R03	Executable public API parity input validated against tests/manifest.yaml.
tests/fixtures/inputs/public-api/ftmodapi.FT_FACE_DRIVER_NAME.json	3500	file	15039b50b79f71e2d820170f1dcdb175063f0eff72735bb12b456b9175c8e830	-	keep-public-contract	R03	Executable public API parity input validated against tests/manifest.yaml.
tests/fixtures/inputs/public-api/ftmodapi.FT_Get_Module.json	2566	file	5223bac2068ef2287ce6cf6ee3d0cbab2091322fc850584ce951607357081ee4	-	keep-public-contract	R03	Executable public API parity input validated against tests/manifest.yaml.
tests/fixtures/inputs/public-api/ftmodapi.FT_Get_TrueType_Engine_Type.json	3562	file	f1c22decb401508050a14bdf2be0cb10aee8db44708d634b1e6a3a28ba977987	-	keep-public-contract	R03	Executable public API parity input validated against tests/manifest.yaml.
tests/fixtures/inputs/public-api/ftmodapi.FT_MODULE_DRIVER_HAS_HINTER.json	3034	file	c42a5775b8849b86355419c4e5c23f054a9134c667d1ab4d1990c11b53385f27	-	keep-public-contract	R03	Executable public API parity input validated against tests/manifest.yaml.
tests/fixtures/inputs/public-api/ftmodapi.FT_MODULE_DRIVER_HINTS_LIGHTLY.json	2589	file	f5e02e602427618a450a068426b08ff92fe5c25197051eaa541ac3feb731c7ce	-	keep-public-contract	R03	Executable public API parity input validated against tests/manifest.yaml.
tests/fixtures/inputs/public-api/ftmodapi.FT_MODULE_DRIVER_NO_OUTLINES.json	2915	file	9fc453ef0b66145726d40ffee4d44afbdd89e67677597c4e28007f21bc1aec32	-	keep-public-contract	R03	Executable public API parity input validated against tests/manifest.yaml.
tests/fixtures/inputs/public-api/ftmodapi.FT_MODULE_DRIVER_SCALABLE.json	3164	file	dfc1df025cc315331ad4fac79d7d4d7c3c70d8d607c044c01e74af4326e9fcb4	-	keep-public-contract	R03	Executable public API parity input validated against tests/manifest.yaml.
tests/fixtures/inputs/public-api/ftmodapi.FT_MODULE_FONT_DRIVER.json	2833	file	b5af8cd9fbf156176e2ee1bf7d97c7fbdf7b6195742acf179698cbb43b0fc2af	-	keep-public-contract	R03	Executable public API parity input validated against tests/manifest.yaml.
tests/fixtures/inputs/public-api/ftmodapi.FT_MODULE_HINTER.json	2895	file	19e6640f6907b6ef1d539d5fa694f86924c58c346a91e9550206e674c6de5c33	-	keep-public-contract	R03	Executable public API parity input validated against tests/manifest.yaml.
tests/fixtures/inputs/public-api/ftmodapi.FT_MODULE_RENDERER.json	3408	file	128b6c9a4170a36c0cd81b00e9adf1532cf704afe2637090e0fd9aaca110cb90	-	keep-public-contract	R03	Executable public API parity input validated against tests/manifest.yaml.
tests/fixtures/inputs/public-api/ftmodapi.FT_MODULE_STYLER.json	3049	file	2e93f4a1a8d563371169784c5046ab01c3deabfc97837d9d90eedc192297daad	-	keep-public-contract	R03	Executable public API parity input validated against tests/manifest.yaml.
tests/fixtures/inputs/public-api/ftmodapi.FT_Module_Class.json	4977	file	794682f5358c8a4e3979a94afcaecf4ea8798153bc7a24a2cd1b87ead7fe2588	-	keep-public-contract	R03	Executable public API parity input validated against tests/manifest.yaml.
tests/fixtures/inputs/public-api/ftmodapi.FT_Module_Interface.json	5612	file	20b1380b2c9b615df9c91a4ffa8a64b4ae91051975eb9f1b247b9213d5e159cd	-	keep-public-contract	R03	Executable public API parity input validated against tests/manifest.yaml.
tests/fixtures/inputs/public-api/ftmodapi.FT_New_Library.json	4753	file	960bf53cbf434da97097a84d83013fa80514c51a34c70d8a0d9172c1dec88901	-	keep-public-contract	R03	Executable public API parity input validated against tests/manifest.yaml.
tests/fixtures/inputs/public-api/ftmodapi.FT_Property_Get.json	5561	file	6a5b031fb03a3bb72557eab057bfc44ed57f0001fb37967c19ec6a0f52a4a909	-	keep-public-contract	R03	Executable public API parity input validated against tests/manifest.yaml.
tests/fixtures/inputs/public-api/ftmodapi.FT_Property_Set.json	6088	file	74f8d4728a83fb1e9545fea49c5e1de1b1df4152befe04793a79e4b28cbca41c	-	keep-public-contract	R03	Executable public API parity input validated against tests/manifest.yaml.
tests/fixtures/inputs/public-api/ftmodapi.FT_Reference_Library.json	2477	file	25d9738e7937fda7c31b527a6b295fff7d6ca205e35f9aa204a1118d9f46295a	-	keep-public-contract	R03	Executable public API parity input validated against tests/manifest.yaml.
tests/fixtures/inputs/public-api/ftmodapi.FT_Remove_Module.json	4077	file	06660c79292d96e175ba3a0108caf253cd7a435f70f5296eeff219ffdc60a4ba	-	keep-public-contract	R03	Executable public API parity input validated against tests/manifest.yaml.
tests/fixtures/inputs/public-api/ftmodapi.FT_Set_Debug_Hook.json	4101	file	c24d81ec4d943816bb23fde1671cb58e6d8820143d75144de070fbd9279ed5df	-	keep-public-contract	R03	Executable public API parity input validated against tests/manifest.yaml.
tests/fixtures/inputs/public-api/ftmodapi.FT_Set_Default_Properties.json	4484	file	094263686b3f48713122083afaa78cc50a110e3b6ae335c0ce651fcc8fdb19cd	-	keep-public-contract	R03	Executable public API parity input validated against tests/manifest.yaml.
tests/fixtures/inputs/public-api/ftmodapi.FT_TRUETYPE_ENGINE_TYPE_NONE.json	2500	file	c3c048478e4ae39dc47cd5182b7bc94103a78f1329496413defd459ea2697311	-	keep-public-contract	R03	Executable public API parity input validated against tests/manifest.yaml.
tests/fixtures/inputs/public-api/ftmodapi.FT_TRUETYPE_ENGINE_TYPE_PATENTED.json	2484	file	f501f88b12f940d04d6393d6c90843204e593c817294606396e1d1c2a2458f35	-	keep-public-contract	R03	Executable public API parity input validated against tests/manifest.yaml.
tests/fixtures/inputs/public-api/ftmodapi.FT_TRUETYPE_ENGINE_TYPE_UNPATENTED.json	2545	file	ea117d4e10270c3dce2ab90a41e6e2a2f184a1a7cf5e3abd51b69b4cd3532541	-	keep-public-contract	R03	Executable public API parity input validated against tests/manifest.yaml.
tests/fixtures/inputs/public-api/ftmodapi.FT_TrueTypeEngineType.json	2709	file	3b9a58036cf3dd3e80326da2f4031591692e0909b6921db9a2a15af34ea3f652	-	keep-public-contract	R03	Executable public API parity input validated against tests/manifest.yaml.
tests/fixtures/inputs/public-api/ftmoderr.FT_MODERR_END_LIST.json	3571	file	f456efdd8beb95b458f23e29cc07925c37fddd4a1ea5725a88e61b158d4337ed	-	keep-public-contract	R03	Executable public API parity input validated against tests/manifest.yaml.
tests/fixtures/inputs/public-api/ftmoderr.FT_MODERR_START_LIST.json	3874	file	41aa26f999dcdbab764a5b9d1c1933d2a0de9d59e226efa9b576e70c801e3c93	-	keep-public-contract	R03	Executable public API parity input validated against tests/manifest.yaml.
tests/fixtures/inputs/public-api/ftmoderr.FT_Mod_Err_Autofit.json	5097	file	79e8c7d9e777c449f636dda14af2f9bfb94b12c7e9e3a696f05a289312321b5f	-	keep-public-contract	R03	Executable public API parity input validated against tests/manifest.yaml.
tests/fixtures/inputs/public-api/ftmoderr.FT_Mod_Err_BDF.json	5318	file	152e3e700f488aecc5fc8aca792a1c037eb26dcfec5bf2b1ecd26f529c83b3ed	-	keep-public-contract	R03	Executable public API parity input validated against tests/manifest.yaml.
tests/fixtures/inputs/public-api/ftmoderr.FT_Mod_Err_Base.json	5169	file	21a99a4326be79079f2ecef9959d831e495b2a1206005ce10a1710304da38244	-	keep-public-contract	R03	Executable public API parity input validated against tests/manifest.yaml.
tests/fixtures/inputs/public-api/ftmoderr.FT_Mod_Err_Bzip2.json	5389	file	0eba717a9df2bac41ff3472ba7cc3594e38e6ab386e711c4be64602861dd00fe	-	keep-public-contract	R03	Executable public API parity input validated against tests/manifest.yaml.
tests/fixtures/inputs/public-api/ftmoderr.FT_Mod_Err_CFF.json	5333	file	12a7f67be75bb103fdaafeb21bd9b5b2d313b80b01938274e449ccd9dcbd3354	-	keep-public-contract	R03	Executable public API parity input validated against tests/manifest.yaml.
tests/fixtures/inputs/public-api/ftmoderr.FT_Mod_Err_CID.json	5296	file	93c3b3069d48d857f14b74afe5022a374c9389544565bb118f0efb0ea72a30bc	-	keep-public-contract	R03	Executable public API parity input validated against tests/manifest.yaml.
tests/fixtures/inputs/public-api/ftmoderr.FT_Mod_Err_Cache.json	5319	file	8b6b71d3ee96daa6e38653e44831fdc5de308b6f67cf3925d2b842538c06d8ac	-	keep-public-contract	R03	Executable public API parity input validated against tests/manifest.yaml.
tests/fixtures/inputs/public-api/ftmoderr.FT_Mod_Err_GXvalid.json	5389	file	725fd35671f61ac7e28711db7b8d5356c5e0a7de2943d002a534ac66606db4ea	-	keep-public-contract	R03	Executable public API parity input validated against tests/manifest.yaml.
tests/fixtures/inputs/public-api/ftmoderr.FT_Mod_Err_Gzip.json	5381	file	cc0a33fbbcc6e4b59966bd705bcabf4840ececd0ab2c8b86a2f96c6cedc4214f	-	keep-public-contract	R03	Executable public API parity input validated against tests/manifest.yaml.
tests/fixtures/inputs/public-api/ftmoderr.FT_Mod_Err_LZW.json	5334	file	3f2accf51e879cc25322f87553fbcbbca9f5fa36303fc4878622f4a17f3465e1	-	keep-public-contract	R03	Executable public API parity input validated against tests/manifest.yaml.
tests/fixtures/inputs/public-api/ftmoderr.FT_Mod_Err_OTvalid.json	5346	file	0eef898903424b1d62c1f9ac3e67b8fb413bcde37247e08be0ef3e10cf1421a2	-	keep-public-contract	R03	Executable public API parity input validated against tests/manifest.yaml.
tests/fixtures/inputs/public-api/ftmoderr.FT_Mod_Err_PCF.json	5285	file	a644a13c26f7230f4eec1eb8ebcb8935010eb4a911f9e291706f2b900d269ad4	-	keep-public-contract	R03	Executable public API parity input validated against tests/manifest.yaml.
tests/fixtures/inputs/public-api/ftmoderr.FT_Mod_Err_PFR.json	5277	file	a0585ef18a0077a8f84e8b96d07ac13e7a65ab71be4c5954fb1d97b0368ae06f	-	keep-public-contract	R03	Executable public API parity input validated against tests/manifest.yaml.
tests/fixtures/inputs/public-api/ftmoderr.FT_Mod_Err_PSaux.json	5408	file	16dbb0c30f1cef028e1527c1f905078438aa05d8b2f20d358567ff1b1608a392	-	keep-public-contract	R03	Executable public API parity input validated against tests/manifest.yaml.
tests/fixtures/inputs/public-api/ftmoderr.FT_Mod_Err_PShinter.json	5472	file	e279b69737bfde042ec73cc049acceed8bc6d50b240da3d1b41e21a2ea916444	-	keep-public-contract	R03	Executable public API parity input validated against tests/manifest.yaml.
tests/fixtures/inputs/public-api/ftmoderr.FT_Mod_Err_PSnames.json	5476	file	eedbfd27ecb2968ced66a29472f3a76f5fdcb2d672b5c4b3894286bdd7d50fd4	-	keep-public-contract	R03	Executable public API parity input validated against tests/manifest.yaml.
tests/fixtures/inputs/public-api/ftmoderr.FT_Mod_Err_Raster.json	4173	file	db8497499c7e2e43563c0591762a43f3aa04e6600d5b2f0ab97872437f2e1648	-	keep-public-contract	R03	Executable public API parity input validated against tests/manifest.yaml.
tests/fixtures/inputs/public-api/ftmoderr.FT_Mod_Err_SFNT.json	4034	file	62e1df435e84f5b098ae24ee9c2d4871fd0eed3f4a584c3836b115e8b3451fbd	-	keep-public-contract	R03	Executable public API parity input validated against tests/manifest.yaml.
tests/fixtures/inputs/public-api/ftmoderr.FT_Mod_Err_Sdf.json	4170	file	c1200dcf5bdf4b821683ce1cc66c1c73ff4d8d0b6c3436c08953ff932781eb5e	-	keep-public-contract	R03	Executable public API parity input validated against tests/manifest.yaml.
tests/fixtures/inputs/public-api/ftmoderr.FT_Mod_Err_Smooth.json	5668	file	289e7640eb3531348467c5a2530ccf8fb4160c8d7995def0458dd820ab158467	-	keep-public-contract	R03	Executable public API parity input validated against tests/manifest.yaml.
tests/fixtures/inputs/public-api/ftmoderr.FT_Mod_Err_TrueType.json	4162	file	b34f3879a9d3f5e53adc159b7a3d26efc85bb07155f084bcc4d919054cf71821	-	keep-public-contract	R03	Executable public API parity input validated against tests/manifest.yaml.
tests/fixtures/inputs/public-api/ftmoderr.FT_Mod_Err_Type1.json	4042	file	b5cfde72f09b2c3c7bca2491718dbbcfad293d2893d99ef1cad4267b5643c967	-	keep-public-contract	R03	Executable public API parity input validated against tests/manifest.yaml.
tests/fixtures/inputs/public-api/ftmoderr.FT_Mod_Err_Type42.json	3946	file	c066c400a2954a5936999f324c71e6e1d214c3624b0689c7983552c93f34c028	-	keep-public-contract	R03	Executable public API parity input validated against tests/manifest.yaml.
tests/fixtures/inputs/public-api/ftmoderr.FT_Mod_Err_Winfonts.json	4086	file	44a25203aa48d3aa9fd6f6d51d0bc7b42e0ea183f3e946c2eecf960dadffdc9b	-	keep-public-contract	R03	Executable public API parity input validated against tests/manifest.yaml.
tests/fixtures/inputs/public-api/ftmoderr.FT_NEED_EXTERN_C.json	5300	file	aba835576333a9f6c0cf659ea2d317bba4a01cd555d3456208919a54ddcec848	-	keep-public-contract	R03	Executable public API parity input validated against tests/manifest.yaml.
tests/fixtures/inputs/public-api/ftotval.FT_OpenType_Free.json	5081	file	06d0b1cf4ddba8100782c00dc5af61e3c8dca057b21da9f7d8f1d26392d9631e	-	keep-public-contract	R03	Executable public API parity input validated against tests/manifest.yaml.
tests/fixtures/inputs/public-api/ftotval.FT_OpenType_Validate.json	12214	file	3084231a5808101ea43d8822a3f88e7cf5786c2b63a968f0f2cc1c2e4ce53828	-	keep-public-contract	R03	Executable public API parity input validated against tests/manifest.yaml.
tests/fixtures/inputs/public-api/ftotval.FT_VALIDATE_BASE.json	3948	file	0825a9cbbf1a879af5687b06bab0c6d9e89807a0ae2e2df2a858c443cea95cb5	-	keep-public-contract	R03	Executable public API parity input validated against tests/manifest.yaml.
tests/fixtures/inputs/public-api/ftotval.FT_VALIDATE_GDEF.json	4022	file	cd31244b9720adfbf0e5418deccd27a9343e6de9cdcfff8c8352768bf444008b	-	keep-public-contract	R03	Executable public API parity input validated against tests/manifest.yaml.
tests/fixtures/inputs/public-api/ftotval.FT_VALIDATE_GPOS.json	3977	file	e197acb3ea7ba7097c0aed587ae7ba1448d6f48236f3892910987bad34f908f3	-	keep-public-contract	R03	Executable public API parity input validated against tests/manifest.yaml.
tests/fixtures/inputs/public-api/ftotval.FT_VALIDATE_GSUB.json	3977	file	9b00aa5cd836199c74a25bbac5e891c9888ca573ac4db81b2a5f3a04c20e28b1	-	keep-public-contract	R03	Executable public API parity input validated against tests/manifest.yaml.
tests/fixtures/inputs/public-api/ftotval.FT_VALIDATE_JSTF.json	4109	file	97382ae5528ca4cce9b4370588cec535723b921aaf9367384f623d2a9047d524	-	keep-public-contract	R03	Executable public API parity input validated against tests/manifest.yaml.
tests/fixtures/inputs/public-api/ftotval.FT_VALIDATE_MATH.json	4529	file	23e674a9f57ccab734da372df83d140fa6bda6fabd504431dfa1ff0dd36bb807	-	keep-public-contract	R03	Executable public API parity input validated against tests/manifest.yaml.
tests/fixtures/inputs/public-api/ftotval.FT_VALIDATE_OT.json	4918	file	c2a2665cfca4a57c54614502db731ec8f6567e5c6c809a7c4f90357bbd2a27a7	-	keep-public-contract	R03	Executable public API parity input validated against tests/manifest.yaml.
tests/fixtures/inputs/public-api/ftoutln.FT_ORIENTATION_FILL_LEFT.json	6742	file	ce64777eae8aaafe7d2d1351f69c0b830444e4367c2ab152d76f5738aff5f712	-	keep-public-contract	R03	Executable public API parity input validated against tests/manifest.yaml.
tests/fixtures/inputs/public-api/ftoutln.FT_ORIENTATION_FILL_RIGHT.json	2461	file	b1e3f957fc10e3c2fa1a9b0c82e643f5d000a50ef0be32ee5b447365856fdd5c	-	keep-public-contract	R03	Executable public API parity input validated against tests/manifest.yaml.
tests/fixtures/inputs/public-api/ftoutln.FT_ORIENTATION_NONE.json	3635	file	f67c8688a5a10aea73f0a2c9d7ed2455c5b5664874156208cc4245aebd3715d4	-	keep-public-contract	R03	Executable public API parity input validated against tests/manifest.yaml.
tests/fixtures/inputs/public-api/ftoutln.FT_ORIENTATION_POSTSCRIPT.json	2388	file	1dbf5f63c107de8c0d5a8765bd2b3daf9cc60c73eb9f4e579779b7904b5bc120	-	keep-public-contract	R03	Executable public API parity input validated against tests/manifest.yaml.
tests/fixtures/inputs/public-api/ftoutln.FT_ORIENTATION_TRUETYPE.json	3514	file	94eecb301358ff270d5117d807abab21d04d0ca462eb19d3342a481a2bcf0eed	-	keep-public-contract	R03	Executable public API parity input validated against tests/manifest.yaml.
tests/fixtures/inputs/public-api/ftoutln.FT_Orientation.json	8430	file	46437e9925edac8eeb5b507115b8deec1099d0a40473bb0474dcc2f1fa22fa48	-	keep-public-contract	R03	Executable public API parity input validated against tests/manifest.yaml.
tests/fixtures/inputs/public-api/ftoutln.FT_Outline_Check.json	4189	file	8711ac5533fa7e5e4ffeef325c80cbd3369b31e4d5524e9ac98ccbc5075d11bb	-	keep-public-contract	R03	Executable public API parity input validated against tests/manifest.yaml.
tests/fixtures/inputs/public-api/ftoutln.FT_Outline_Copy.json	4268	file	03bd579b28f88af1edf1499be503844e9de94f29ba118e9882b7a34fe6c5c5c0	-	keep-public-contract	R03	Executable public API parity input validated against tests/manifest.yaml.
tests/fixtures/inputs/public-api/ftoutln.FT_Outline_Decompose.json	6116	file	feaa4602ddfe749ce908d3bf3712feb257d3f1977c447532c022d304a2087b13	-	keep-public-contract	R03	Executable public API parity input validated against tests/manifest.yaml.
tests/fixtures/inputs/public-api/ftoutln.FT_Outline_Done.json	4219	file	65a804b58380e002d631969783fdd75d58054550da29f12d0edc44c1432b0b52	-	keep-public-contract	R03	Executable public API parity input validated against tests/manifest.yaml.
tests/fixtures/inputs/public-api/ftoutln.FT_Outline_Embolden.json	4200	file	a1392edf8abefc2db1d8575f84f0f46548c0b6d3ef8b62998a5af9e8ef2fbd98	-	keep-public-contract	R03	Executable public API parity input validated against tests/manifest.yaml.
tests/fixtures/inputs/public-api/ftoutln.FT_Outline_EmboldenXY.json	4332	file	1b686c53322b6ea418e328a9daf5ad7347497dda191392abf5e12cc305a32a39	-	keep-public-contract	R03	Executable public API parity input validated against tests/manifest.yaml.
tests/fixtures/inputs/public-api/ftoutln.FT_Outline_Get_Bitmap.json	5268	file	39c5967554f0a08f66fa33828669da5c6a21f8bfae5b607e374e75e534bd8e91	-	keep-public-contract	R03	Executable public API parity input validated against tests/manifest.yaml.
tests/fixtures/inputs/public-api/ftoutln.FT_Outline_Get_CBox.json	4090	file	099224b0b5a4ead6c989c44c08b53bdd6ee5fafb956778ce0fc573a7519c8ef7	-	keep-public-contract	R03	Executable public API parity input validated against tests/manifest.yaml.
tests/fixtures/inputs/public-api/ftoutln.FT_Outline_Get_Orientation.json	5069	file	a10c4f409b742e69df27f0ccc0ac412296d381ed9ce83ea367bc14254ee60580	-	keep-public-contract	R03	Executable public API parity input validated against tests/manifest.yaml.
tests/fixtures/inputs/public-api/ftoutln.FT_Outline_New.json	4166	file	9edb587ed9983e5ff6bee728588379f05e999f17e00332aa8643e79c3968a85b	-	keep-public-contract	R03	Executable public API parity input validated against tests/manifest.yaml.
tests/fixtures/inputs/public-api/ftoutln.FT_Outline_Render.json	31694	file	712fb0f958ae1ae0ee1fb378f280ed5fe9401df04a92b1c5b7c0aba72ac8446e	-	keep-public-contract	R03	Executable public API parity input validated against tests/manifest.yaml.
tests/fixtures/inputs/public-api/ftoutln.FT_Outline_Reverse.json	3983	file	73d7a5f860fdd450219c56cac37cd412fb46ee101bf704c8479897f4f4eecb0b	-	keep-public-contract	R03	Executable public API parity input validated against tests/manifest.yaml.
tests/fixtures/inputs/public-api/ftoutln.FT_Outline_Transform.json	4669	file	9ff56fda551a1f9f1a1537e1306266fc3561515125f1103235c1d066ecf09303	-	keep-public-contract	R03	Executable public API parity input validated against tests/manifest.yaml.
tests/fixtures/inputs/public-api/ftoutln.FT_Outline_Translate.json	3706	file	f8e64467b6c208c154bbaf60cf9d9f014a345fe8e8b83598a980902dc09b05c1	-	keep-public-contract	R03	Executable public API parity input validated against tests/manifest.yaml.
tests/fixtures/inputs/public-api/ftparams.FT_PARAM_TAG_IGNORE_PREFERRED_FAMILY.json	4406	file	eb5a94c6f2c9257dce45a5f85d2d89f64b94c4db2e795cbf55b1eeabf7dce25c	-	keep-public-contract	R03	Executable public API parity input validated against tests/manifest.yaml.
tests/fixtures/inputs/public-api/ftparams.FT_PARAM_TAG_IGNORE_PREFERRED_SUBFAMILY.json	4575	file	f358c3453ff9b15965f65db57f93c8084900fd989d3ce19e786fb586949e77dd	-	keep-public-contract	R03	Executable public API parity input validated against tests/manifest.yaml.
tests/fixtures/inputs/public-api/ftparams.FT_PARAM_TAG_IGNORE_SBIX.json	7059	file	315b97135b55de7a1edd3ae9c0d2718c8a0922b8f51f16ea6e9a58608cf76a86	-	keep-public-contract	R03	Executable public API parity input validated against tests/manifest.yaml.
tests/fixtures/inputs/public-api/ftparams.FT_PARAM_TAG_IGNORE_TYPOGRAPHIC_FAMILY.json	4787	file	f1daa855f54348a5ce66b0e86a56336ff54c9d6972f69fb89fc4b3b4cdf1c32e	-	keep-public-contract	R03	Executable public API parity input validated against tests/manifest.yaml.
tests/fixtures/inputs/public-api/ftparams.FT_PARAM_TAG_IGNORE_TYPOGRAPHIC_SUBFAMILY.json	4830	file	6ecf1c18c29968d05b0b8e51d9315c1e6e2ec8df95f53d3bc129690650da817d	-	keep-public-contract	R03	Executable public API parity input validated against tests/manifest.yaml.
tests/fixtures/inputs/public-api/ftparams.FT_PARAM_TAG_INCREMENTAL.json	5650	file	81a1a793fcb26e707bb4f95c60e0adc4ca8f3084c19468382277a3750d25f5b6	-	keep-public-contract	R03	Executable public API parity input validated against tests/manifest.yaml.
tests/fixtures/inputs/public-api/ftparams.FT_PARAM_TAG_LCD_FILTER_WEIGHTS.json	4635	file	d8c99e95c74e2f94ca5594b10ac59f3cc28ddc2da7d5952a5fc46815eca3a1a9	-	keep-public-contract	R03	Executable public API parity input validated against tests/manifest.yaml.
tests/fixtures/inputs/public-api/ftparams.FT_PARAM_TAG_RANDOM_SEED.json	4946	file	05a24603d3cabdc791f9812bfb6946468d4848c2b5c68b4b6e588bbdac2542d9	-	keep-public-contract	R03	Executable public API parity input validated against tests/manifest.yaml.
tests/fixtures/inputs/public-api/ftparams.FT_PARAM_TAG_STEM_DARKENING.json	5075	file	5c6ed9d76529259b13a2493f8587549444bd250705d93cb0f0a66e190c6924bb	-	keep-public-contract	R03	Executable public API parity input validated against tests/manifest.yaml.
tests/fixtures/inputs/public-api/ftparams.FT_PARAM_TAG_UNPATENTED_HINTING.json	4452	file	9ee68f432cd6012f72ceaa368322ea4578230eb73b917b426ee5b7db9c496efa	-	keep-public-contract	R03	Executable public API parity input validated against tests/manifest.yaml.
tests/fixtures/inputs/public-api/ftpfr.FT_Get_PFR_Advance.json	6361	file	482f17a712ff48c729c89c7c5fb895a0b99ed4097b04f8c39d928e6a9bb6c3bb	-	keep-public-contract	R03	Executable public API parity input validated against tests/manifest.yaml.
tests/fixtures/inputs/public-api/ftpfr.FT_Get_PFR_Kerning.json	4819	file	2bdfe280b9f0459ea3f842aafd33b31a8ca2138b7171b278da5fd8b2a29a7182	-	keep-public-contract	R03	Executable public API parity input validated against tests/manifest.yaml.
tests/fixtures/inputs/public-api/ftpfr.FT_Get_PFR_Metrics.json	8626	file	f2af41ba4aa997058af03b8d11b0d046949818f14e8d5e062255ac8e1ec5d55b	-	keep-public-contract	R03	Executable public API parity input validated against tests/manifest.yaml.
tests/fixtures/inputs/public-api/ftrender.FT_Get_Renderer.json	4712	file	0d77e837c479e67573d5fb54de2580ae646819700334e85b8219d90f9730e16e	-	keep-public-contract	R03	Executable public API parity input validated against tests/manifest.yaml.
tests/fixtures/inputs/public-api/ftrender.FT_Glyph_BBox_Func.json	2989	file	fd85b04bda41ce0c37d863ddf99d72452209ebe85a8b13730c699cdc08354467	-	keep-public-contract	R03	Executable public API parity input validated against tests/manifest.yaml.
tests/fixtures/inputs/public-api/ftrender.FT_Glyph_Copy_Func.json	3146	file	3fb66f6eda772830f9414cb699ac6e1afe249b983a4d13b02ffdfac26281e2a6	-	keep-public-contract	R03	Executable public API parity input validated against tests/manifest.yaml.
tests/fixtures/inputs/public-api/ftrender.FT_Glyph_Done_Func.json	2796	file	95ebff136af6b461562f761b51f05a7303ef6999b9ab6135cdf933773e45921f	-	keep-public-contract	R03	Executable public API parity input validated against tests/manifest.yaml.
tests/fixtures/inputs/public-api/ftrender.FT_Glyph_Init_Func.json	3281	file	ddeff2d9fe5326d62be10bb68874daf675c48b7a5dda580391729aadc1b83a83	-	keep-public-contract	R03	Executable public API parity input validated against tests/manifest.yaml.
tests/fixtures/inputs/public-api/ftrender.FT_Glyph_Prepare_Func.json	3320	file	a6e3d85c9bc3fc5545682bfe8190b6549a99736c233ce25967d935c0fc36a532	-	keep-public-contract	R03	Executable public API parity input validated against tests/manifest.yaml.
tests/fixtures/inputs/public-api/ftrender.FT_Glyph_Transform_Func.json	3358	file	7a292df1e148e9b738921b812bc6d4a1be041c85b06288b7a0824ec0bca33887	-	keep-public-contract	R03	Executable public API parity input validated against tests/manifest.yaml.
tests/fixtures/inputs/public-api/ftrender.FT_Renderer_Class.json	9802	file	63daa81d553528134b4c2e4285b89b2eb5f0717827eebbadc7680cde9132900f	-	keep-public-contract	R03	Executable public API parity input validated against tests/manifest.yaml.
tests/fixtures/inputs/public-api/ftrender.FT_Set_Renderer.json	14461	file	9e2ac4d6ca662dfd1a4a8a9b45da6b903ba795fc0104682021aab330dd555378	-	keep-public-contract	R03	Executable public API parity input validated against tests/manifest.yaml.
tests/fixtures/inputs/public-api/ftsizes.FT_Activate_Size.json	6631	file	dcca48d010f40ebf36475f650fd56cede943a63ab554d50cef7da53197362a9d	-	keep-public-contract	R03	Executable public API parity input validated against tests/manifest.yaml.
tests/fixtures/inputs/public-api/ftsizes.FT_Done_Size.json	5172	file	8bc414840af02ccd89db858e2177323dc6550c4d505a8c99f45c90f5815a3490	-	keep-public-contract	R03	Executable public API parity input validated against tests/manifest.yaml.
tests/fixtures/inputs/public-api/ftsizes.FT_New_Size.json	6523	file	ed4032962d7ab580c020e038e82c50abeb7981468fe564068e59390cad1963aa	-	keep-public-contract	R03	Executable public API parity input validated against tests/manifest.yaml.
tests/fixtures/inputs/public-api/ftsnames.FT_Get_Sfnt_LangTag.json	8405	file	b59c09738e7e9d29035d2a05e4e9b16e07c54893129694c8269cb1f540d414bf	-	keep-public-contract	R03	Executable public API parity input validated against tests/manifest.yaml.
tests/fixtures/inputs/public-api/ftsnames.FT_Get_Sfnt_Name.json	9927	file	cfaf6f4817dc203724266627ce960c179026a16ede809b31d744159bb2012bfa	-	keep-public-contract	R03	Executable public API parity input validated against tests/manifest.yaml.
tests/fixtures/inputs/public-api/ftsnames.FT_Get_Sfnt_Name_Count.json	6065	file	35080a22612d074a7175703c8d0d652eee365857c8cbc56a6579673a17c8499c	-	keep-public-contract	R03	Executable public API parity input validated against tests/manifest.yaml.
tests/fixtures/inputs/public-api/ftsnames.FT_SfntLangTag.json	2946	file	094aefd5cc98b13f2f754f3f6a84a1a52e886a3ea71a7ea83b0f4eef4984e51c	-	keep-public-contract	R03	Executable public API parity input validated against tests/manifest.yaml.
tests/fixtures/inputs/public-api/ftsnames.FT_SfntName.json	3332	file	8c007fc0f0aba2ec817d69f1c8e62831607be5ccd78f9b47b266afe5ca8f39d0	-	keep-public-contract	R03	Executable public API parity input validated against tests/manifest.yaml.
tests/fixtures/inputs/public-api/ftstroke.FT_Glyph_Stroke.json	7901	file	5184a24eda6277d9df0d45fff90621e8c948e8c541badb12213bdaa4fb3840e0	-	keep-public-contract	R03	Executable public API parity input validated against tests/manifest.yaml.
tests/fixtures/inputs/public-api/ftstroke.FT_Glyph_StrokeBorder.json	7905	file	979226f8bfd8d38dc0e6323d319decf4d45bc1e039c077a4469ef15642c7680d	-	keep-public-contract	R03	Executable public API parity input validated against tests/manifest.yaml.
tests/fixtures/inputs/public-api/ftstroke.FT_Outline_GetInsideBorder.json	5163	file	35d3b127d987b1239fc8fea157b05d906777590ccc58c329cb9184b8894031e2	-	keep-public-contract	R03	Executable public API parity input validated against tests/manifest.yaml.
tests/fixtures/inputs/public-api/ftstroke.FT_Outline_GetOutsideBorder.json	5177	file	c6e658877d83f7f7b27b77716228fad2f1edbaf2cd06813809fe44ab06a88eab	-	keep-public-contract	R03	Executable public API parity input validated against tests/manifest.yaml.
tests/fixtures/inputs/public-api/ftstroke.FT_STROKER_BORDER_LEFT.json	2327	file	7ec1bab55f0a37e00ef5134151a7dcddf8a8a589f5373a91e08f5b6a85e75c9f	-	keep-public-contract	R03	Executable public API parity input validated against tests/manifest.yaml.
tests/fixtures/inputs/public-api/ftstroke.FT_STROKER_BORDER_RIGHT.json	2473	file	83ed5b7f66a91bd7ed9524e154af149828e7aa9bc25757fe717117ee903866fc	-	keep-public-contract	R03	Executable public API parity input validated against tests/manifest.yaml.
tests/fixtures/inputs/public-api/ftstroke.FT_STROKER_LINECAP_BUTT.json	2401	file	6b72ccc882ea71c26a6a81d0cee7aefedc306e9cd5cd618a24190ca652c96011	-	keep-public-contract	R03	Executable public API parity input validated against tests/manifest.yaml.
tests/fixtures/inputs/public-api/ftstroke.FT_STROKER_LINECAP_ROUND.json	2374	file	2122281c2a1cf711dbeb93797494e71af8d2354ec92d0737ebde9b8920bfdd76	-	keep-public-contract	R03	Executable public API parity input validated against tests/manifest.yaml.
tests/fixtures/inputs/public-api/ftstroke.FT_STROKER_LINECAP_SQUARE.json	2421	file	15eb260d083a04b5c00f6346dcef3361c677b165ff12b898ba5e98260635f817	-	keep-public-contract	R03	Executable public API parity input validated against tests/manifest.yaml.
tests/fixtures/inputs/public-api/ftstroke.FT_STROKER_LINEJOIN_BEVEL.json	2345	file	35f1c842148b3df8c9c9f468d3ae9af002319d5e6e27868e0903b308ffe5ab03	-	keep-public-contract	R03	Executable public API parity input validated against tests/manifest.yaml.
tests/fixtures/inputs/public-api/ftstroke.FT_STROKER_LINEJOIN_MITER.json	2571	file	abcb50ccd593a6bd4e8a5c0e73f02d5d481c5d4b534a7bca5a75638b032efa3c	-	keep-public-contract	R03	Executable public API parity input validated against tests/manifest.yaml.
tests/fixtures/inputs/public-api/ftstroke.FT_STROKER_LINEJOIN_MITER_FIXED.json	2501	file	8d4970d718301da95feeb6963815ae46d01b53945a9df51f65b949d38468343d	-	keep-public-contract	R03	Executable public API parity input validated against tests/manifest.yaml.
tests/fixtures/inputs/public-api/ftstroke.FT_STROKER_LINEJOIN_MITER_VARIABLE.json	2566	file	fdd3b61a2f47089ae9d814ea5d5ac3b13314cc3e68afb46f287d1f2bfee035d5	-	keep-public-contract	R03	Executable public API parity input validated against tests/manifest.yaml.
tests/fixtures/inputs/public-api/ftstroke.FT_STROKER_LINEJOIN_ROUND.json	5724	file	1289ed6df315569d4e96c8b88019a27dbe484d9f2fa9ce249aa2f34789ce97ec	-	keep-public-contract	R03	Executable public API parity input validated against tests/manifest.yaml.
tests/fixtures/inputs/public-api/ftstroke.FT_Stroker.json	7122	file	97adf49288524cef422c45ba61d3c32acab18d3a3a3e8e779556e8eaecb602ee	-	keep-public-contract	R03	Executable public API parity input validated against tests/manifest.yaml.
tests/fixtures/inputs/public-api/ftstroke.FT_StrokerBorder.json	2752	file	d3e71b525cd89add8806c7dcbb1786236ff74095ebd422b7e2bf37376caeddd6	-	keep-public-contract	R03	Executable public API parity input validated against tests/manifest.yaml.
tests/fixtures/inputs/public-api/ftstroke.FT_Stroker_BeginSubPath.json	7926	file	ad8106e6b771b033380d62599fb0eee01e2b167fc632b929119038ccbb5cb191	-	keep-public-contract	R03	Executable public API parity input validated against tests/manifest.yaml.
tests/fixtures/inputs/public-api/ftstroke.FT_Stroker_ConicTo.json	6816	file	841bb3640677a49321d896457f498cd77195e5504e60b55488ec6e3e3759ee7a	-	keep-public-contract	R03	Executable public API parity input validated against tests/manifest.yaml.
tests/fixtures/inputs/public-api/ftstroke.FT_Stroker_CubicTo.json	7107	file	82fb2f40a1b07089524dbe03c464e2d62a01860c7798ffd68013f267fab9c4f3	-	keep-public-contract	R03	Executable public API parity input validated against tests/manifest.yaml.
tests/fixtures/inputs/public-api/ftstroke.FT_Stroker_Done.json	4611	file	a5fcdd6c286f71c512a52b76a1e268fc81e686f98ac1bd1d3480929a47e28359	-	keep-public-contract	R03	Executable public API parity input validated against tests/manifest.yaml.
tests/fixtures/inputs/public-api/ftstroke.FT_Stroker_EndSubPath.json	8451	file	05589545a8a67bc4e33aeb1b6050476c3ca4b4c142c4c0b527189bfe5217c7b7	-	keep-public-contract	R03	Executable public API parity input validated against tests/manifest.yaml.
tests/fixtures/inputs/public-api/ftstroke.FT_Stroker_Export.json	5068	file	d3443f79fb58ad620c4e2a43c75297fcfc45d29a137f7cacfbce4abbeb980447	-	keep-public-contract	R03	Executable public API parity input validated against tests/manifest.yaml.
tests/fixtures/inputs/public-api/ftstroke.FT_Stroker_ExportBorder.json	7546	file	51a1cf44c2979fe1f1b0142ead5054f742723c5c3dcf25633e1125797204c9ea	-	keep-public-contract	R03	Executable public API parity input validated against tests/manifest.yaml.
tests/fixtures/inputs/public-api/ftstroke.FT_Stroker_GetBorderCounts.json	6993	file	2f5d51a128c5b00d24bf3ed19531c08b93181f9bcaec5ecc12354b63ace45356	-	keep-public-contract	R03	Executable public API parity input validated against tests/manifest.yaml.
tests/fixtures/inputs/public-api/ftstroke.FT_Stroker_GetCounts.json	6307	file	71cf22fd794d86649210376a75613581789da9612946cca4d164a9db17d34315	-	keep-public-contract	R03	Executable public API parity input validated against tests/manifest.yaml.
tests/fixtures/inputs/public-api/ftstroke.FT_Stroker_LineCap.json	2810	file	15551bcdbc4c3901b514dcf830cc2723326cc1586f272072e8be6161d7d9b850	-	keep-public-contract	R03	Executable public API parity input validated against tests/manifest.yaml.
tests/fixtures/inputs/public-api/ftstroke.FT_Stroker_LineJoin.json	3581	file	ebc4e1475d895154122ec2c3269bdc9385f545bbf64533f7e1f8c8670b32b3e6	-	keep-public-contract	R03	Executable public API parity input validated against tests/manifest.yaml.
tests/fixtures/inputs/public-api/ftstroke.FT_Stroker_LineTo.json	8220	file	6d92b962ad1242ec2ca72afd830dade345efbc1a33965e3109886a729b59f609	-	keep-public-contract	R03	Executable public API parity input validated against tests/manifest.yaml.
tests/fixtures/inputs/public-api/ftstroke.FT_Stroker_New.json	5670	file	a472a9d2405d684a90d589b89720767eb2af8a768c4ad1328c72967f9fc4d949	-	keep-public-contract	R03	Executable public API parity input validated against tests/manifest.yaml.
tests/fixtures/inputs/public-api/ftstroke.FT_Stroker_ParseOutline.json	12029	file	36d874fb4fd4194a82ae919264fb20991bdeaf622e2d9014afda89c29ab9e07c	-	keep-public-contract	R03	Executable public API parity input validated against tests/manifest.yaml.
tests/fixtures/inputs/public-api/ftstroke.FT_Stroker_Rewind.json	6125	file	b3a86d17fecda1b72c952d024c0acd1b5b352dd0bf5dd5e073a474e35a2b2d1f	-	keep-public-contract	R03	Executable public API parity input validated against tests/manifest.yaml.
tests/fixtures/inputs/public-api/ftstroke.FT_Stroker_Set.json	7449	file	705da2b858e738620259b9d41f28bb20c13f1a2efd4341074ccaddccdc0eef8f	-	keep-public-contract	R03	Executable public API parity input validated against tests/manifest.yaml.
tests/fixtures/inputs/public-api/ftsynth.FT_GlyphSlot_AdjustWeight.json	43443	file	4b5453440f95fd88c6283be8fa901583850a7b12e94a7bf0daca69d00bc23899	-	keep-public-contract	R03	Executable public API parity input validated against tests/manifest.yaml.
tests/fixtures/inputs/public-api/ftsynth.FT_GlyphSlot_Embolden.json	13975	file	c32a07b9a0d7388286cd27856e4c30c2591181c247d802e35f10ae95270aaea6	-	keep-public-contract	R03	Executable public API parity input validated against tests/manifest.yaml.
tests/fixtures/inputs/public-api/ftsynth.FT_GlyphSlot_Oblique.json	9259	file	ba89bcc7bfd658bc8d386d0f5801ccb413e4195f4a8f1cf6c182cf6000301ea0	-	keep-public-contract	R03	Executable public API parity input validated against tests/manifest.yaml.
tests/fixtures/inputs/public-api/ftsynth.FT_GlyphSlot_Slant.json	9791	file	4b86136969188fd317e8457fcbad0afe7b4814b63583a820cdbfe34c6ab3b85b	-	keep-public-contract	R03	Executable public API parity input validated against tests/manifest.yaml.
tests/fixtures/inputs/public-api/ftsystem.FT_Memory.json	5673	file	7f079582c9552770cc81591634d4fb7250b00b72d66c831ffc502281ef6423fa	-	keep-public-contract	R03	Executable public API parity input validated against tests/manifest.yaml.
tests/fixtures/inputs/public-api/ftsystem.FT_Stream.json	7299	file	40458e09f6c28781091b1eb2c85f60a84dc51508aa02d0fed911a31c825e7ff1	-	keep-public-contract	R03	Executable public API parity input validated against tests/manifest.yaml.
tests/fixtures/inputs/public-api/ftsystem.FT_StreamRec.json	8788	file	061629dfd8d5218908a93d6d45705c7ae34420386c56e8afe7aee75a77e6855b	-	keep-public-contract	R03	Executable public API parity input validated against tests/manifest.yaml.
tests/fixtures/inputs/public-api/fttrigon.FT_ANGLE_2PI.json	2549	file	6d0cd9f75581e348a412fd287697fd5e641b9ecbe2caca3bdcf6db1db0df76f1	-	keep-public-contract	R03	Executable public API parity input validated against tests/manifest.yaml.
tests/fixtures/inputs/public-api/fttrigon.FT_ANGLE_PI.json	2283	file	d8f4ca8ee1eac8aa921a5f7a0a55b8f281d943531bc0a1a26c7d132deeb07366	-	keep-public-contract	R03	Executable public API parity input validated against tests/manifest.yaml.
tests/fixtures/inputs/public-api/fttrigon.FT_ANGLE_PI2.json	2313	file	b77ff92a4a0d73962bf9de8c68041cf77d29c6821ddb160848d7f398ffc2b6ef	-	keep-public-contract	R03	Executable public API parity input validated against tests/manifest.yaml.
tests/fixtures/inputs/public-api/fttrigon.FT_ANGLE_PI4.json	2405	file	410ba723f534dd1018af1e743b3195c242199857688e62dfbe6f0ed50447e72d	-	keep-public-contract	R03	Executable public API parity input validated against tests/manifest.yaml.
tests/fixtures/inputs/public-api/fttrigon.FT_Angle.json	4723	file	aabf9f89f10c4dba15f6a54a6e724835439bcd6f3d9b47b5612f5ae0a22b64ff	-	keep-public-contract	R03	Executable public API parity input validated against tests/manifest.yaml.
tests/fixtures/inputs/public-api/fttrigon.FT_Angle_Diff.json	4683	file	ede4ea3961f4f66ee0b4d01988233b44f57a5f2704d7cf720593c42c9c725ad1	-	keep-public-contract	R03	Executable public API parity input validated against tests/manifest.yaml.
tests/fixtures/inputs/public-api/fttrigon.FT_Atan2.json	5647	file	2ec898993062843017af2812a3b01abde85aec90045e5bbb45cd60dcbaecc620	-	keep-public-contract	R03	Executable public API parity input validated against tests/manifest.yaml.
tests/fixtures/inputs/public-api/fttrigon.FT_Cos.json	3791	file	65de8710a2d1b64bc8966673da70a92013d819895c89281b1eb0c28fef7d1155	-	keep-public-contract	R03	Executable public API parity input validated against tests/manifest.yaml.
tests/fixtures/inputs/public-api/fttrigon.FT_Sin.json	3789	file	10aef3e6b7813242400c99732e1c3c6e5ed047f4516c0479c220585ff6c7682a	-	keep-public-contract	R03	Executable public API parity input validated against tests/manifest.yaml.
tests/fixtures/inputs/public-api/fttrigon.FT_Tan.json	3751	file	3378f5b95395b3e915a0abb252c885f3c684486aada463b2ca8e01d619dbaaac	-	keep-public-contract	R03	Executable public API parity input validated against tests/manifest.yaml.
tests/fixtures/inputs/public-api/fttrigon.FT_Vector_From_Polar.json	6048	file	7b7e71507edc69547495e8cc849b56c5d9217cbd269897247ca6fa3607989699	-	keep-public-contract	R03	Executable public API parity input validated against tests/manifest.yaml.
tests/fixtures/inputs/public-api/fttrigon.FT_Vector_Length.json	5971	file	e136150e352d81835dc5c4a9576af63c1c19313ec5aa1952ee6ed06e34d12159	-	keep-public-contract	R03	Executable public API parity input validated against tests/manifest.yaml.
tests/fixtures/inputs/public-api/fttrigon.FT_Vector_Polarize.json	6973	file	0d667d40cc1c9758cd4f323e68c86a135cc102fc4b59a330b7981945b15a7d04	-	keep-public-contract	R03	Executable public API parity input validated against tests/manifest.yaml.
tests/fixtures/inputs/public-api/fttrigon.FT_Vector_Rotate.json	7201	file	047809bdf0b20996f3fda6057929ba61414eabce73c472c6aebe986d2c4c1f9a	-	keep-public-contract	R03	Executable public API parity input validated against tests/manifest.yaml.
tests/fixtures/inputs/public-api/fttrigon.FT_Vector_Unit.json	6457	file	d2007cf40e091f63c3a5df87ccad565138105467b89aa3500107d27ccc8439ec	-	keep-public-contract	R03	Executable public API parity input validated against tests/manifest.yaml.
tests/fixtures/inputs/public-api/fttypes.FT_Bool.json	10254	file	507f47a995d1d09fc014e945ff0f568f14234dd6cac304f79c06acc33de87be5	-	keep-public-contract	R03	Executable public API parity input validated against tests/manifest.yaml.
tests/fixtures/inputs/public-api/fttypes.FT_Byte.json	4512	file	b17c0f39f958e10fb71fe44ec9324c1dc942d677ae8086543b8b072d1c0dae2c	-	keep-public-contract	R03	Executable public API parity input validated against tests/manifest.yaml.
tests/fixtures/inputs/public-api/fttypes.FT_Bytes.json	5181	file	b2f4dfe0d91b423c0f5cea8bd01689565b65bf1f2bcad59770cddf5fb5c6fa49	-	keep-public-contract	R03	Executable public API parity input validated against tests/manifest.yaml.
tests/fixtures/inputs/public-api/fttypes.FT_Char.json	5035	file	787d5a6d54db916928bc1d7fd8515348f1962dba5dc151a9f7aaf40d332ed45b	-	keep-public-contract	R03	Executable public API parity input validated against tests/manifest.yaml.
tests/fixtures/inputs/public-api/fttypes.FT_Data.json	3243	file	72cc558165be93b56ac189a50e3f6328e799421be18a8e7fcc328eb893ab75b1	-	keep-public-contract	R03	Executable public API parity input validated against tests/manifest.yaml.
tests/fixtures/inputs/public-api/fttypes.FT_ERR.json	4163	file	68f12c77392b0f3c132423776add3554585cfe3687f31020d6fb14212cfe86f0	-	keep-public-contract	R03	Executable public API parity input validated against tests/manifest.yaml.
tests/fixtures/inputs/public-api/fttypes.FT_ERROR_BASE.json	2653	file	f7ce8e2945f6be21d4aecf64163d7b59e606ccd2dc789e3445fe98422f575e89	-	keep-public-contract	R03	Executable public API parity input validated against tests/manifest.yaml.
tests/fixtures/inputs/public-api/fttypes.FT_ERROR_MODULE.json	2702	file	092b00b8738ea045f0089c87a3992eb7482acbf950d2492b521ab06bf8a04771	-	keep-public-contract	R03	Executable public API parity input validated against tests/manifest.yaml.
tests/fixtures/inputs/public-api/fttypes.FT_ERR_CAT.json	3128	file	c30e4fb9f3114d0885401cf2dba33b58989c4e414d01cd484091388f0aaf9a8c	-	keep-public-contract	R03	Executable public API parity input validated against tests/manifest.yaml.
tests/fixtures/inputs/public-api/fttypes.FT_ERR_EQ.json	3928	file	18d0ce84896a81d4b56215d6821dca8e939811fa0a36b977620fb739f2d8f297	-	keep-public-contract	R03	Executable public API parity input validated against tests/manifest.yaml.
tests/fixtures/inputs/public-api/fttypes.FT_ERR_NEQ.json	3944	file	a947cce63afc4aaefdfe8d022b6fc50266bcc19d0de41db16817f9c91278d5f3	-	keep-public-contract	R03	Executable public API parity input validated against tests/manifest.yaml.
tests/fixtures/inputs/public-api/fttypes.FT_ERR_XCAT.json	3191	file	dd94be582a49590e054dd8b329f687a8c931473cb8ec0be995869df2b1fcb288	-	keep-public-contract	R03	Executable public API parity input validated against tests/manifest.yaml.
tests/fixtures/inputs/public-api/fttypes.FT_Error.json	3289	file	73c56e7050fa183662e7049a499ab0bdad0b70ab47af3c8e2628c627cc8f013f	-	keep-public-contract	R03	Executable public API parity input validated against tests/manifest.yaml.
tests/fixtures/inputs/public-api/fttypes.FT_F26Dot6.json	5046	file	38cdfd46d895767f0626ac6da7a87b3c275c17dd7c5a4f08f36c07a87562c3e7	-	keep-public-contract	R03	Executable public API parity input validated against tests/manifest.yaml.
tests/fixtures/inputs/public-api/fttypes.FT_F2Dot14.json	5070	file	7ce20b338ac5f4357053b8c4ead67df708e6080b270cc3166795a6882b86212f	-	keep-public-contract	R03	Executable public API parity input validated against tests/manifest.yaml.
tests/fixtures/inputs/public-api/fttypes.FT_FWord.json	5090	file	9d335ba03f9416e46f6307fc5e72874fb4ee7df1117b7abf349f7413a2285bf3	-	keep-public-contract	R03	Executable public API parity input validated against tests/manifest.yaml.
tests/fixtures/inputs/public-api/fttypes.FT_Fixed.json	5066	file	9db91c71f17fc3a30a99ecafcb98641784b07026df76a4327326d2dddbc6a046	-	keep-public-contract	R03	Executable public API parity input validated against tests/manifest.yaml.
tests/fixtures/inputs/public-api/fttypes.FT_Generic.json	4574	file	66c9ce0e23aa75cc375bff93ed1dd1c8bfda6d92fd2f6a3fbe7c524678ebddfc	-	keep-public-contract	R03	Executable public API parity input validated against tests/manifest.yaml.
tests/fixtures/inputs/public-api/fttypes.FT_IS_EMPTY.json	4093	file	df6f38609e22db3aca179dd1e1f7b688959e5b07d214e9923e3fcd5d6be64e12	-	keep-public-contract	R03	Executable public API parity input validated against tests/manifest.yaml.
tests/fixtures/inputs/public-api/fttypes.FT_Int.json	4936	file	b4000bd1b50bda392841add448d5083a39ce12a32f63509cce2ef1277d44712a	-	keep-public-contract	R03	Executable public API parity input validated against tests/manifest.yaml.
tests/fixtures/inputs/public-api/fttypes.FT_List.json	5255	file	ff73cffbe5c9524b9fd46633b1e4a52c52ba53ce8c3aae84e0fe2778b4b063cb	-	keep-public-contract	R03	Executable public API parity input validated against tests/manifest.yaml.
tests/fixtures/inputs/public-api/fttypes.FT_ListNode.json	5459	file	c313dcf7a79d72c35401ded85f3119f234e324c91d4c4f598dae196b8d4609a2	-	keep-public-contract	R03	Executable public API parity input validated against tests/manifest.yaml.
tests/fixtures/inputs/public-api/fttypes.FT_ListNodeRec.json	3314	file	fe36ee7b748d163b2e814cc0abe4ac54b51f314ac2a65f63d10f9309a12efcd7	-	keep-public-contract	R03	Executable public API parity input validated against tests/manifest.yaml.
tests/fixtures/inputs/public-api/fttypes.FT_ListRec.json	3315	file	36bdbd71630737b41515d31ad9f2c33c108c08941892674dfa97080d92b1d57f	-	keep-public-contract	R03	Executable public API parity input validated against tests/manifest.yaml.
tests/fixtures/inputs/public-api/fttypes.FT_Long.json	4917	file	4ef9a249192de7fd7dcee6ee5da0c8bd4f6079420e6ad455eac83286e5760f43	-	keep-public-contract	R03	Executable public API parity input validated against tests/manifest.yaml.
tests/fixtures/inputs/public-api/fttypes.FT_MAKE_TAG.json	4073	file	2e4cf7e7f1561ffd769225b2754373b99a377177faf84d81ea53c443e76007c4	-	keep-public-contract	R03	Executable public API parity input validated against tests/manifest.yaml.
tests/fixtures/inputs/public-api/fttypes.FT_Matrix.json	3756	file	d4f2d573f8ac1d19a9de67737c361b38fb7d0ea2f53df0251e40ce4d889770ce	-	keep-public-contract	R03	Executable public API parity input validated against tests/manifest.yaml.
tests/fixtures/inputs/public-api/fttypes.FT_Offset.json	5244	file	0fbbe6d0b2c32aa092e5a7764d7860f07b190d7e1b81834e6ee8562fb35e83f4	-	keep-public-contract	R03	Executable public API parity input validated against tests/manifest.yaml.
tests/fixtures/inputs/public-api/fttypes.FT_Pointer.json	5099	file	778b2e544746a7a912dafc4be74c398f03a33232f77605314f83382a759247d4	-	keep-public-contract	R03	Executable public API parity input validated against tests/manifest.yaml.
tests/fixtures/inputs/public-api/fttypes.FT_PtrDist.json	5764	file	189b1751bd80557ee92f7e8c0b8048d7439ce2d8d1420fcf94c231f15f127869	-	keep-public-contract	R03	Executable public API parity input validated against tests/manifest.yaml.
tests/fixtures/inputs/public-api/fttypes.FT_Short.json	4836	file	799aaaa04076082afdb55b73df34b4a5d8c7d1683e94b6c3f5cf3756b4a11dac	-	keep-public-contract	R03	Executable public API parity input validated against tests/manifest.yaml.
tests/fixtures/inputs/public-api/fttypes.FT_String.json	5461	file	27792e10200778fbf296617835f06a8a0ba372bd07ee4dd8546ab4e2dbef1576	-	keep-public-contract	R03	Executable public API parity input validated against tests/manifest.yaml.
tests/fixtures/inputs/public-api/fttypes.FT_Tag.json	5334	file	a9c2f57b4fd9fefde02535956423213bf39982a94821ac841c2d46d55c64f9ee	-	keep-public-contract	R03	Executable public API parity input validated against tests/manifest.yaml.
tests/fixtures/inputs/public-api/fttypes.FT_UFWord.json	5223	file	2b4880056bb1a01b6af6b506740fbde53e47cb610bd23229de035e07268eed0d	-	keep-public-contract	R03	Executable public API parity input validated against tests/manifest.yaml.
tests/fixtures/inputs/public-api/fttypes.FT_UInt.json	4961	file	dd9851eafa3f30c96fd8e4cf294e29478009fdbd81c86c5f6803ffd685d1c143	-	keep-public-contract	R03	Executable public API parity input validated against tests/manifest.yaml.
tests/fixtures/inputs/public-api/fttypes.FT_ULong.json	4906	file	74945aeb481dcf64cb48f13c30ffa5f7f86f20396cf6da0c7c5da4e14be73159	-	keep-public-contract	R03	Executable public API parity input validated against tests/manifest.yaml.
tests/fixtures/inputs/public-api/fttypes.FT_UShort.json	4867	file	a0db9e3f58b129a957958a632b3822fd6c87f7621ab75cfb2e2bc3c640f7c743	-	keep-public-contract	R03	Executable public API parity input validated against tests/manifest.yaml.
tests/fixtures/inputs/public-api/fttypes.FT_UnitVector.json	3049	file	83bd2e6c66689c4686c53ca70042c3bf67350d8e1579d6729605e537f7a143aa	-	keep-public-contract	R03	Executable public API parity input validated against tests/manifest.yaml.
tests/fixtures/inputs/public-api/ftwinfnt.FT_Get_WinFNT_Header.json	9094	file	b1cc79989fd44b23dd51a1d75fadd7a25b1367e4e0007968a44e93f7d5105755	-	keep-public-contract	R03	Executable public API parity input validated against tests/manifest.yaml.
tests/fixtures/inputs/public-api/ftwinfnt.FT_WinFNT_Header.json	4821	file	e4015c4fb94512e665ba9ba3d54bf4fbbc2839f61e6bdd8a1211ff4d8044f049	-	keep-public-contract	R03	Executable public API parity input validated against tests/manifest.yaml.
tests/fixtures/inputs/public-api/ftwinfnt.FT_WinFNT_HeaderRec.json	6311	file	7d8c7f38b16809811d36a8b43a69a9827f7abe96aa396aea1787d98262e9a661	-	keep-public-contract	R03	Executable public API parity input validated against tests/manifest.yaml.
tests/fixtures/inputs/public-api/ftwinfnt.FT_WinFNT_ID_CP1250.json	2709	file	17529ecbd5041fa2e2c3edf8ce44a05a27ffbc77a24dd91ada19080b65255694	-	keep-public-contract	R03	Executable public API parity input validated against tests/manifest.yaml.
tests/fixtures/inputs/public-api/ftwinfnt.FT_WinFNT_ID_CP1251.json	2704	file	13cd0e857617f0425e01b6383df1b1773d466251f1fee9a75941f256bed224fa	-	keep-public-contract	R03	Executable public API parity input validated against tests/manifest.yaml.
tests/fixtures/inputs/public-api/ftwinfnt.FT_WinFNT_ID_CP1252.json	2696	file	10360af84c5c8c08cfc971bbcb2bff6c83c45a53505526c0a1e2a38cbbec69d6	-	keep-public-contract	R03	Executable public API parity input validated against tests/manifest.yaml.
tests/fixtures/inputs/public-api/ftwinfnt.FT_WinFNT_ID_CP1253.json	2701	file	411e388d3a34682280f9493aa74a0c96daf449c9ed1bdb56762ada7280615a2a	-	keep-public-contract	R03	Executable public API parity input validated against tests/manifest.yaml.
tests/fixtures/inputs/public-api/ftwinfnt.FT_WinFNT_ID_CP1254.json	2703	file	578f45af711c9e68d3ce7e747997ed78acb37e3d4e191b749e9d3ebb9e1e6981	-	keep-public-contract	R03	Executable public API parity input validated against tests/manifest.yaml.
tests/fixtures/inputs/public-api/ftwinfnt.FT_WinFNT_ID_CP1255.json	2702	file	0d40e8cb8be76f962137ffb5b7b482bcc02802f575fd8a2f98aa58705f30818a	-	keep-public-contract	R03	Executable public API parity input validated against tests/manifest.yaml.
tests/fixtures/inputs/public-api/ftwinfnt.FT_WinFNT_ID_CP1256.json	2702	file	2b7d5847820e5caace6f21d9cb0f82e6019dee59050b442c11db2299f0c765a3	-	keep-public-contract	R03	Executable public API parity input validated against tests/manifest.yaml.
tests/fixtures/inputs/public-api/ftwinfnt.FT_WinFNT_ID_CP1257.json	2702	file	3925e1d7ae8137a4dc001a8e49cd1a15a43e9c16964be29f10edae3483dc69df	-	keep-public-contract	R03	Executable public API parity input validated against tests/manifest.yaml.
tests/fixtures/inputs/public-api/ftwinfnt.FT_WinFNT_ID_CP1258.json	2706	file	01a1e82665e478a57ff41fa52244d579ecd233dca9c8a1d9a08ade64b6df7b44	-	keep-public-contract	R03	Executable public API parity input validated against tests/manifest.yaml.
tests/fixtures/inputs/public-api/ftwinfnt.FT_WinFNT_ID_CP1361.json	2708	file	5391ad6c8699afaf1a0443465479b95dbea495dc401170708eb27db64daa1788	-	keep-public-contract	R03	Executable public API parity input validated against tests/manifest.yaml.
tests/fixtures/inputs/public-api/ftwinfnt.FT_WinFNT_ID_CP874.json	2690	file	968929e8ec9fa20ade271527543daffab6417557d5e72dd41df93355e032f834	-	keep-public-contract	R03	Executable public API parity input validated against tests/manifest.yaml.
tests/fixtures/inputs/public-api/ftwinfnt.FT_WinFNT_ID_CP932.json	2704	file	05fa5c0b0c02af9b43ad788e8563d30e1b2c921464aadac960753ed2f23a3c66	-	keep-public-contract	R03	Executable public API parity input validated against tests/manifest.yaml.
tests/fixtures/inputs/public-api/ftwinfnt.FT_WinFNT_ID_CP936.json	2704	file	16a1d87ee0b90449d4895dd11e4308aed36d51bfbc26961bc565b01dcfca9758	-	keep-public-contract	R03	Executable public API parity input validated against tests/manifest.yaml.
tests/fixtures/inputs/public-api/ftwinfnt.FT_WinFNT_ID_CP949.json	2699	file	587ed3fa25e796b005ee0a2188a95ba7fb26e3424d1da3390aea3a496817e77e	-	keep-public-contract	R03	Executable public API parity input validated against tests/manifest.yaml.
tests/fixtures/inputs/public-api/ftwinfnt.FT_WinFNT_ID_CP950.json	2710	file	ddf9b6601ae16049c2629035b400bce607243ea718fe0ce412110d26697534d0	-	keep-public-contract	R03	Executable public API parity input validated against tests/manifest.yaml.
tests/fixtures/inputs/public-api/ftwinfnt.FT_WinFNT_ID_DEFAULT.json	2898	file	a31ce48666fab29fbe96c81226a7a1f3246ffce16ba0e28f01ccdd6a3bfc23c9	-	keep-public-contract	R03	Executable public API parity input validated against tests/manifest.yaml.
tests/fixtures/inputs/public-api/ftwinfnt.FT_WinFNT_ID_MAC.json	4567	file	0b5ba20d536cd919b5896abfb30fb2bb1608a1af13f108a205004b4c21c3693f	-	keep-public-contract	R03	Executable public API parity input validated against tests/manifest.yaml.
tests/fixtures/inputs/public-api/ftwinfnt.FT_WinFNT_ID_OEM.json	2719	file	dda9ddc36b0388154f85fb754e13849795b89cd7307984f810d1f84115a92952	-	keep-public-contract	R03	Executable public API parity input validated against tests/manifest.yaml.
tests/fixtures/inputs/public-api/ftwinfnt.FT_WinFNT_ID_SYMBOL.json	2733	file	1e9b6d71c55d9a6ff88b9a5b5479f81d700d55d617a3f439a3ab47f00d4a2474	-	keep-public-contract	R03	Executable public API parity input validated against tests/manifest.yaml.
tests/fixtures/inputs/public-api/otsvg.FT_SVG_Document.json	4656	file	0bf8e2cc0bc782d8a1e744fbd3c535dbf04eba65dfac0eab4053ff3ff7d0174e	-	keep-public-contract	R03	Executable public API parity input validated against tests/manifest.yaml.
tests/fixtures/inputs/public-api/otsvg.FT_SVG_DocumentRec.json	5976	file	6c84798d72e08a78cb1f9a63fd168c36eeb7e395934536c8e0d5d2aa4b6d10ab	-	keep-public-contract	R03	Executable public API parity input validated against tests/manifest.yaml.
tests/fixtures/inputs/public-api/t1tables.FT_Get_PS_Font_Info.json	15127	file	4c314cb5281c1b45d791fda7b289c75ce5c276924e1e640bd37e3f94992b6e0c	-	keep-public-contract	R03	Executable public API parity input validated against tests/manifest.yaml.
tests/fixtures/inputs/public-api/t1tables.FT_Get_PS_Font_Private.json	11660	file	b4126d94c98890f77c9d117db41d658f2cb20cb6c5628b1d69b8fae8291f6932	-	keep-public-contract	R03	Executable public API parity input validated against tests/manifest.yaml.
tests/fixtures/inputs/public-api/t1tables.FT_Get_PS_Font_Value.json	4792	file	5c3ea1a45ac571b520a2f55c64ba298a2f4ae8a08e54447ee76e859a8e99d71a	-	keep-public-contract	R03	Executable public API parity input validated against tests/manifest.yaml.
tests/fixtures/inputs/public-api/t1tables.FT_Has_PS_Glyph_Names.json	8519	file	7a3db5790860189970b55a4fb61a2bc29586994011e0a59df8237264b9d0ad6a	-	keep-public-contract	R03	Executable public API parity input validated against tests/manifest.yaml.
tests/fixtures/inputs/public-api/t1tables.T1_BLEND_BLUE_SCALE.json	3183	file	66ffbb2c96aca6b870ac10291117f77a406b847c542a5371c29d22ea4d8cbc41	-	keep-public-contract	R03	Executable public API parity input validated against tests/manifest.yaml.
tests/fixtures/inputs/public-api/t1tables.T1_BLEND_BLUE_SHIFT.json	3182	file	d04b986b04786bcc194c7c3f3886473a8d69b89719dbd7fcd7e8a84df9b58522	-	keep-public-contract	R03	Executable public API parity input validated against tests/manifest.yaml.
tests/fixtures/inputs/public-api/t1tables.T1_BLEND_BLUE_VALUES.json	3309	file	3cfb7bcca3aa3e99f3b15f5ab904e8a019a2e0dfff80c6b0c3edea17b2876cfc	-	keep-public-contract	R03	Executable public API parity input validated against tests/manifest.yaml.
tests/fixtures/inputs/public-api/t1tables.T1_BLEND_FAMILY_BLUES.json	3310	file	55db03b772086d0a56f1a598e3f085a9da9428ec9e9a91c18c42047c3311b698	-	keep-public-contract	R03	Executable public API parity input validated against tests/manifest.yaml.
tests/fixtures/inputs/public-api/t1tables.T1_BLEND_FAMILY_OTHER_BLUES.json	3447	file	39359121df69c743d4286f2f239643eff686d24779b46f7530ee7e546e5ef629	-	keep-public-contract	R03	Executable public API parity input validated against tests/manifest.yaml.
tests/fixtures/inputs/public-api/t1tables.T1_BLEND_FORCE_BOLD.json	3529	file	1d2e5f34a2f4e8801868d49cbb80e738f355425b7d82dd138f95f12796ea7cfb	-	keep-public-contract	R03	Executable public API parity input validated against tests/manifest.yaml.
tests/fixtures/inputs/public-api/t1tables.T1_BLEND_ITALIC_ANGLE.json	3229	file	8abd1cf26e56be877535da88e0f7daaa1025d9280a48907829790f86ff081b96	-	keep-public-contract	R03	Executable public API parity input validated against tests/manifest.yaml.
tests/fixtures/inputs/public-api/t1tables.T1_BLEND_MAX.json	2982	file	04dafa7325324af3f83350df2563c372bbe7c75446c06f6b9f9f28c5c47ae264	-	keep-public-contract	R03	Executable public API parity input validated against tests/manifest.yaml.
tests/fixtures/inputs/public-api/t1tables.T1_BLEND_OTHER_BLUES.json	3309	file	de327564e9869f33cb81319d84744067ac0f85f8f5d9ab01f7d6db5852536ad5	-	keep-public-contract	R03	Executable public API parity input validated against tests/manifest.yaml.
tests/fixtures/inputs/public-api/t1tables.T1_BLEND_STANDARD_HEIGHT.json	3206	file	1c39fdabfba225921f3ccf0d1f35c687a806978528f32b81df872971f51f6ffb	-	keep-public-contract	R03	Executable public API parity input validated against tests/manifest.yaml.
tests/fixtures/inputs/public-api/t1tables.T1_BLEND_STANDARD_WIDTH.json	3188	file	30b1eaba26e930bf5dfb279446445eb6ca95e7bab764f77a2f17023e9632d457	-	keep-public-contract	R03	Executable public API parity input validated against tests/manifest.yaml.
tests/fixtures/inputs/public-api/t1tables.T1_BLEND_STEM_SNAP_HEIGHTS.json	3422	file	a67f5d939b5c0254367e12be2fd92a2586dcd0b96376928831a7e5c69236e964	-	keep-public-contract	R03	Executable public API parity input validated against tests/manifest.yaml.
tests/fixtures/inputs/public-api/t1tables.T1_BLEND_STEM_SNAP_WIDTHS.json	3398	file	ede1fc36867a015c40ce5e5d2d90a3e1d198d89fe228873dd326072bba6d640c	-	keep-public-contract	R03	Executable public API parity input validated against tests/manifest.yaml.
tests/fixtures/inputs/public-api/t1tables.T1_BLEND_UNDERLINE_POSITION.json	3954	file	47fb2dcf1f46859545a43b126455acd361aeebbe549c427aa8d9e3e0f7ebcfa6	-	keep-public-contract	R03	Executable public API parity input validated against tests/manifest.yaml.
tests/fixtures/inputs/public-api/t1tables.T1_BLEND_UNDERLINE_THICKNESS.json	3974	file	86ad3727953f570442d7bc8af229b9e41826eb3797ba452ffc2dee49566ccd19	-	keep-public-contract	R03	Executable public API parity input validated against tests/manifest.yaml.
tests/fixtures/inputs/public-api/t1tables.T1_Blend_Flags.json	7378	file	3532a3ebc3ed1dd2d6ba00de531d74ecfd9f7e7ceb4cefd58a2873e7243fdcd3	-	keep-public-contract	R03	Executable public API parity input validated against tests/manifest.yaml.
tests/fixtures/inputs/public-api/t1tables.T1_ENCODING_TYPE_ARRAY.json	3726	file	71a64b45cf160411359479ed227eb26fd10e8becbbb413ab25a020acdad24e81	-	keep-public-contract	R03	Executable public API parity input validated against tests/manifest.yaml.
tests/fixtures/inputs/public-api/t1tables.T1_ENCODING_TYPE_EXPERT.json	3725	file	ce190a6736c9f8c99e351e601d48c9a4c393bc2d931fc26ee0680d09ab78574d	-	keep-public-contract	R03	Executable public API parity input validated against tests/manifest.yaml.
tests/fixtures/inputs/public-api/t1tables.T1_ENCODING_TYPE_ISOLATIN1.json	3770	file	8f882b9e514c5c711273af7cb4e515a05b24b0b91c1802f67324212d796de80e	-	keep-public-contract	R03	Executable public API parity input validated against tests/manifest.yaml.
tests/fixtures/inputs/public-api/t1tables.T1_ENCODING_TYPE_NONE.json	3839	file	193b4b08620b93c2c6acb573f2f428a8eda738edab587b1091f5a85cbb472752	-	keep-public-contract	R03	Executable public API parity input validated against tests/manifest.yaml.
tests/fixtures/inputs/public-api/t1tables.T1_ENCODING_TYPE_STANDARD.json	3755	file	9146d95c221ce6269f583d767c84d3b083eaae465e5ca0226e883dad8f27c207	-	keep-public-contract	R03	Executable public API parity input validated against tests/manifest.yaml.
tests/fixtures/inputs/public-api/t1tables.T1_EncodingType.json	5860	file	a021d86bc1f4649f07fd21d7fe1e8670d8b1ea69ff6b93cfa318abe9fd03fe61	-	keep-public-contract	R03	Executable public API parity input validated against tests/manifest.yaml.
tests/fixtures/inputs/public-api/t1tables.T1_FontInfo.json	1648	file	38c34425f79377dec6e25f3055459fa259b158a321f77ef0073ac51a52f5dddc	-	keep-public-contract	R03	Executable public API parity input validated against tests/manifest.yaml.
tests/fixtures/inputs/public-api/t1tables.T1_Private.json	1930	file	12e1e15eaa946b81670ba17803cc80fb7a6670eef21e370989e5b708134d26a7	-	keep-public-contract	R03	Executable public API parity input validated against tests/manifest.yaml.
tests/fixtures/inputs/public-api/ttnameid.TT_ADOBE_ID_CUSTOM.json	4606	file	45586e9139dfaf2c0f85b09d04279c31cd310805daedbe569853e7a514d46c1e	-	keep-public-contract	R03	Executable public API parity input validated against tests/manifest.yaml.
tests/fixtures/inputs/public-api/ttnameid.TT_ADOBE_ID_EXPERT.json	2107	file	422e038745bd3a130b15effa1e3acd08326211acf6b444d1f5956e321bebb639	-	keep-public-contract	R03	Executable public API parity input validated against tests/manifest.yaml.
tests/fixtures/inputs/public-api/ttnameid.TT_ADOBE_ID_LATIN_1.json	2116	file	754f4e8796143e255029d35a15088dd30618eec59494d928838000187ea8f2ae	-	keep-public-contract	R03	Executable public API parity input validated against tests/manifest.yaml.
tests/fixtures/inputs/public-api/ttnameid.TT_ADOBE_ID_STANDARD.json	2125	file	6210282cd30c122b422625b3d8f092d79b2394ade71c631982eb8718faf6b9de	-	keep-public-contract	R03	Executable public API parity input validated against tests/manifest.yaml.
tests/fixtures/inputs/public-api/ttnameid.TT_APPLE_ID_DEFAULT.json	2197	file	f937648edb23787d0227fe9299bbf6804bd3170d59b017b5f77766a436f7607d	-	keep-public-contract	R03	Executable public API parity input validated against tests/manifest.yaml.
tests/fixtures/inputs/public-api/ttnameid.TT_APPLE_ID_FULL_UNICODE.json	4512	file	d657275a35176a8cc99334c7571df579fcdaa613867e4bd4c4c26e52231ad274	-	keep-public-contract	R03	Executable public API parity input validated against tests/manifest.yaml.
tests/fixtures/inputs/public-api/ttnameid.TT_APPLE_ID_ISO_10646.json	6544	file	1004631376195311073531bb3b017e6c8333bce0bd1bb0b2d7e5f670381e5b79	-	keep-public-contract	R03	Executable public API parity input validated against tests/manifest.yaml.
tests/fixtures/inputs/public-api/ttnameid.TT_APPLE_ID_UNICODE_1_1.json	7017	file	f8478cfb79edf0ee1699b17117c64113cbf6b6967743e8959a72e64695459bef	-	keep-public-contract	R03	Executable public API parity input validated against tests/manifest.yaml.
tests/fixtures/inputs/public-api/ttnameid.TT_APPLE_ID_UNICODE_2_0.json	7764	file	0bb42d023ac0406d75beba9244ecf4803a31e865522a1342366e0d2f90691f10	-	keep-public-contract	R03	Executable public API parity input validated against tests/manifest.yaml.
tests/fixtures/inputs/public-api/ttnameid.TT_APPLE_ID_UNICODE_32.json	6939	file	e3d9b10ee57f5867af3dd1800c7ae23ec9ba8a740e8836374798fa4d04be8989	-	keep-public-contract	R03	Executable public API parity input validated against tests/manifest.yaml.
tests/fixtures/inputs/public-api/ttnameid.TT_APPLE_ID_VARIANT_SELECTOR.json	5473	file	eb2dd3a67283a00a0252962ff8a2ee3c9afc2808493a8acac212158f98f0b01a	-	keep-public-contract	R03	Executable public API parity input validated against tests/manifest.yaml.
tests/fixtures/inputs/public-api/ttnameid.TT_ISO_ID_10646.json	6270	file	b6cd2adfbb15adee2d96f81930257a92aa7070b08438c267baab6b017c07ac3d	-	keep-public-contract	R03	Executable public API parity input validated against tests/manifest.yaml.
tests/fixtures/inputs/public-api/ttnameid.TT_ISO_ID_7BIT_ASCII.json	7724	file	8a0e3371e1ee536df679112a8c7e44a40e6b33e651eff9b11227d87b54b5b402	-	keep-public-contract	R03	Executable public API parity input validated against tests/manifest.yaml.
tests/fixtures/inputs/public-api/ttnameid.TT_ISO_ID_8859_1.json	7639	file	2020c93f5e7d1e1124c70531de546b416f77cf06abddfe7bbb6259ff0d4f8064	-	keep-public-contract	R03	Executable public API parity input validated against tests/manifest.yaml.
tests/fixtures/inputs/public-api/ttnameid.TT_MAC_ID_ARABIC.json	6556	file	c8a95970eb767e86a52462f7224b4d8f75ce1b9b77b82fb3d278578bd360e13f	-	keep-public-contract	R03	Executable public API parity input validated against tests/manifest.yaml.
tests/fixtures/inputs/public-api/ttnameid.TT_MAC_ID_ARMENIAN.json	6604	file	11676465e181b7b4293dbf21d5b0f230fccfc8f1ca1cb0ed8cdc70c9a6e85853	-	keep-public-contract	R03	Executable public API parity input validated against tests/manifest.yaml.
tests/fixtures/inputs/public-api/ttnameid.TT_MAC_ID_BENGALI.json	6583	file	15ba7370cefa8e4d70e9f0a91787f4cd99031c252008200f6178a4dcdf7eb19f	-	keep-public-contract	R03	Executable public API parity input validated against tests/manifest.yaml.
tests/fixtures/inputs/public-api/ttnameid.TT_MAC_ID_BURMESE.json	6583	file	5e0776d57fa82e9100ee4c1e7148cfea6f841dd08430bb0d0d39546713904722	-	keep-public-contract	R03	Executable public API parity input validated against tests/manifest.yaml.
tests/fixtures/inputs/public-api/ttnameid.TT_MAC_ID_DEVANAGARI.json	6653	file	5a907b0a0904d4b383d22229866de0e9e7c52c992540338cd35034bddc232e59	-	keep-public-contract	R03	Executable public API parity input validated against tests/manifest.yaml.
tests/fixtures/inputs/public-api/ttnameid.TT_MAC_ID_GEEZ.json	6547	file	319c6547a99841be65bb4bdce7e8e5e7b57207273cc080b08c88d7d7d7afc235	-	keep-public-contract	R03	Executable public API parity input validated against tests/manifest.yaml.
tests/fixtures/inputs/public-api/ttnameid.TT_MAC_ID_GEORGIAN.json	6604	file	050e2631cbe4f07e1630bc5692e6545f38490fd9029f2cfe5fceed647b3b4a72	-	keep-public-contract	R03	Executable public API parity input validated against tests/manifest.yaml.
tests/fixtures/inputs/public-api/ttnameid.TT_MAC_ID_GREEK.json	6535	file	dcd421ef50401940b0de16437d429b30796a6aa94cc0e3830cbe26e3fbeb8c7a	-	keep-public-contract	R03	Executable public API parity input validated against tests/manifest.yaml.
tests/fixtures/inputs/public-api/ttnameid.TT_MAC_ID_GUJARATI.json	6604	file	7ea138470db1db9e71beb0c69e21be6836c355194cfa32da9639740870723468	-	keep-public-contract	R03	Executable public API parity input validated against tests/manifest.yaml.
tests/fixtures/inputs/public-api/ttnameid.TT_MAC_ID_GURMUKHI.json	6627	file	ff42fb7ea1250e47d37a09dd88a572f377ecd010ad46731197ca108d9e6a496b	-	keep-public-contract	R03	Executable public API parity input validated against tests/manifest.yaml.
tests/fixtures/inputs/public-api/ttnameid.TT_MAC_ID_HEBREW.json	6556	file	42b9fba1d4ff5e1661d960c90cc48002bf2ddae1bd4e88499e495f0c0bfbc073	-	keep-public-contract	R03	Executable public API parity input validated against tests/manifest.yaml.
tests/fixtures/inputs/public-api/ttnameid.TT_MAC_ID_JAPANESE.json	9340	file	c3abdab219c23a25663e9491a5198722637c591e2ca8e36264bd070027d77e6a	-	keep-public-contract	R03	Executable public API parity input validated against tests/manifest.yaml.
tests/fixtures/inputs/public-api/ttnameid.TT_MAC_ID_KANNADA.json	8579	file	b493870eb007b6dc39bbb748987d8e5bcfa47edbdbb59f04fc6071a9e48e6b71	-	keep-public-contract	R03	Executable public API parity input validated against tests/manifest.yaml.
tests/fixtures/inputs/public-api/ttnameid.TT_MAC_ID_KHMER.json	8527	file	f1212a427a1fc947a75de5ae5a68a15b4d780107a2b468c2a03616699aedf2ca	-	keep-public-contract	R03	Executable public API parity input validated against tests/manifest.yaml.
tests/fixtures/inputs/public-api/ttnameid.TT_MAC_ID_KOREAN.json	8548	file	11d97f731fdf4045051988aef12d42bcfb242bfe04cd2bdbebfd0965cd4fe394	-	keep-public-contract	R03	Executable public API parity input validated against tests/manifest.yaml.
tests/fixtures/inputs/public-api/ttnameid.TT_MAC_ID_LAOTIAN.json	8571	file	6313bf31d3e9192481e0f7ab9049a9bce5705b79cf7778e47f3c7523019ebb62	-	keep-public-contract	R03	Executable public API parity input validated against tests/manifest.yaml.
tests/fixtures/inputs/public-api/ttnameid.TT_MAC_ID_MALAYALAM.json	8631	file	fa6d3da9f59b28ff7e18306c74869b7cbef7bf31eccfc91852254a61c5533c75	-	keep-public-contract	R03	Executable public API parity input validated against tests/manifest.yaml.
tests/fixtures/inputs/public-api/ttnameid.TT_MAC_ID_MALDIVIAN.json	5322	file	bbcca83cf5b34fcfcfd5c6073e7dabede8ee0773cb40f943fd4eb0d23c56d79d	-	keep-public-contract	R03	Executable public API parity input validated against tests/manifest.yaml.
tests/fixtures/inputs/public-api/ttnameid.TT_MAC_ID_MONGOLIAN.json	8665	file	a93092e89e20a8f4789c94e450eb4ea8fb5f6302df964c7dfa9a8f9a388dd66f	-	keep-public-contract	R03	Executable public API parity input validated against tests/manifest.yaml.
tests/fixtures/inputs/public-api/ttnameid.TT_MAC_ID_ORIYA.json	8527	file	15725d22c7092d18263a8683d4c311aff42ae7cefb4bd026f7909458504bf7ea	-	keep-public-contract	R03	Executable public API parity input validated against tests/manifest.yaml.
tests/fixtures/inputs/public-api/ttnameid.TT_MAC_ID_ROMAN.json	8523	file	4d051c571d66289802e1185fda64ac23711eec51586b58529021012ca9c9f91b	-	keep-public-contract	R03	Executable public API parity input validated against tests/manifest.yaml.
tests/fixtures/inputs/public-api/ttnameid.TT_MAC_ID_RSYMBOL.json	8385	file	039c304b402ae8f7235c04d22e8f143633943fff980b9e43e28f8c1beb8a1550	-	keep-public-contract	R03	Executable public API parity input validated against tests/manifest.yaml.
tests/fixtures/inputs/public-api/ttnameid.TT_MAC_ID_RUSSIAN.json	8574	file	ef9cbcfcd68f01e53f9b8b64716c276c2203db73a7c7cb75f82a4096fa3b32e4	-	keep-public-contract	R03	Executable public API parity input validated against tests/manifest.yaml.
tests/fixtures/inputs/public-api/ttnameid.TT_MAC_ID_SIMPLIFIED_CHINESE.json	8925	file	3970ba096d642af1fe23e5908925f34de5b0456045b8a5b24c7f7e6657aa0f98	-	keep-public-contract	R03	Executable public API parity input validated against tests/manifest.yaml.
tests/fixtures/inputs/public-api/ttnameid.TT_MAC_ID_SINDHI.json	4492	file	8e10dfa9f15579f99bccc84bea1bce94584caef3cd9301551dc76540ffb1f442	-	keep-public-contract	R03	Executable public API parity input validated against tests/manifest.yaml.
tests/fixtures/inputs/public-api/ttnameid.TT_MAC_ID_SINHALESE.json	8631	file	bbe4057049ce071eaa62b796b7e70bf7eca57304ad0af8d00021cba52f24ebdc	-	keep-public-contract	R03	Executable public API parity input validated against tests/manifest.yaml.
tests/fixtures/inputs/public-api/ttnameid.TT_MAC_ID_SLAVIC.json	8356	file	bafb8e952cefac46e81eb1f5ff13f5fda97fc191735bc6eef26b3f5770e6154d	-	keep-public-contract	R03	Executable public API parity input validated against tests/manifest.yaml.
tests/fixtures/inputs/public-api/ttnameid.TT_MAC_ID_TAMIL.json	8527	file	13a9bc7cf3c906251f91aeaf044731be9b9869112d772cbaa7796755a1686f6d	-	keep-public-contract	R03	Executable public API parity input validated against tests/manifest.yaml.
tests/fixtures/inputs/public-api/ttnameid.TT_MAC_ID_TELUGU.json	8553	file	d722d536526aef25df368c60a461c83773285e3f506e326f40e634d0e0154a4a	-	keep-public-contract	R03	Executable public API parity input validated against tests/manifest.yaml.
tests/fixtures/inputs/public-api/ttnameid.TT_MAC_ID_THAI.json	8501	file	09d2bd3e1b11288fe651ff17498ef883a241ac8224eae122d2f6bf29c94381b4	-	keep-public-contract	R03	Executable public API parity input validated against tests/manifest.yaml.
tests/fixtures/inputs/public-api/ttnameid.TT_MAC_ID_TIBETAN.json	8579	file	4e99067424ceaef9ed0a3b8ad2ead588ae7ffe3619b0a178e056081523c9144f	-	keep-public-contract	R03	Executable public API parity input validated against tests/manifest.yaml.
tests/fixtures/inputs/public-api/ttnameid.TT_MAC_ID_TRADITIONAL_CHINESE.json	7662	file	799dbe9d2dbba76bf5a3e121dff8b6a0d93739738b1af230928cf2328c6dac24	-	keep-public-contract	R03	Executable public API parity input validated against tests/manifest.yaml.
tests/fixtures/inputs/public-api/ttnameid.TT_MAC_ID_UNINTERP.json	2936	file	57f9ceec35b07068c6aaff26bb09c587b16aafbea6af9b094e1ad814318d9818	-	keep-public-contract	R03	Executable public API parity input validated against tests/manifest.yaml.
tests/fixtures/inputs/public-api/ttnameid.TT_MAC_ID_VIETNAMESE.json	2801	file	3124873b272e7e97ff6fd37038aaf83e00ea28138e02123604c033dc5393939f	-	keep-public-contract	R03	Executable public API parity input validated against tests/manifest.yaml.
tests/fixtures/inputs/public-api/ttnameid.TT_MAC_LANGID_AFRIKAANS.json	3999	file	d1f1e7e07f129d1cb8999cdb15f51b705da7624b156eaf36cb379079cbd952bb	-	keep-public-contract	R03	Executable public API parity input validated against tests/manifest.yaml.
tests/fixtures/inputs/public-api/ttnameid.TT_MAC_LANGID_ALBANIAN.json	3983	file	234dfd4a1aa8a50d9fd4578482d6a7279a3f9758dd3c0f43eacc5df48606b0a2	-	keep-public-contract	R03	Executable public API parity input validated against tests/manifest.yaml.
tests/fixtures/inputs/public-api/ttnameid.TT_MAC_LANGID_AMHARIC.json	3967	file	dd8f13db3eed86d6691da5c2658b0e280cbdfabe7d50408d990ecaa1e551be5e	-	keep-public-contract	R03	Executable public API parity input validated against tests/manifest.yaml.
tests/fixtures/inputs/public-api/ttnameid.TT_MAC_LANGID_ARABIC.json	3953	file	25cb7f9a1adff28ab2f9627137466b178806e2a68cb07f2105c00467fa3d2632	-	keep-public-contract	R03	Executable public API parity input validated against tests/manifest.yaml.
tests/fixtures/inputs/public-api/ttnameid.TT_MAC_LANGID_ARMENIAN.json	3983	file	8a245f7a12b347b54476c336902d9c940eda2afe009339a664a0132aa1324c5a	-	keep-public-contract	R03	Executable public API parity input validated against tests/manifest.yaml.
tests/fixtures/inputs/public-api/ttnameid.TT_MAC_LANGID_ASSAMESE.json	4003	file	fb1d29b5c82b9d0d369ed97f9b54bf8c7d5a6672c799dca13d83c54357466ce1	-	keep-public-contract	R03	Executable public API parity input validated against tests/manifest.yaml.
tests/fixtures/inputs/public-api/ttnameid.TT_MAC_LANGID_AYMARA.json	3960	file	b34a758213ba62f64a3754db3f42a2f42cadf13425ce18f18921bbcf101f33c6	-	keep-public-contract	R03	Executable public API parity input validated against tests/manifest.yaml.
tests/fixtures/inputs/public-api/ttnameid.TT_MAC_LANGID_AZERBAIJANI.json	2087	file	d1e073ce9c3e36afe5b164ec33417cbc6939cf80f200641f8f7806c94df06fb8	-	keep-public-contract	R03	Executable public API parity input validated against tests/manifest.yaml.
tests/fixtures/inputs/public-api/ttnameid.TT_MAC_LANGID_AZERBAIJANI_ARABIC_SCRIPT.json	2227	file	d6c0122169a903b5e4a555a26750c0c2d0052724a9be39059044ea696826b8db	-	keep-public-contract	R03	Executable public API parity input validated against tests/manifest.yaml.
tests/fixtures/inputs/public-api/ttnameid.TT_MAC_LANGID_AZERBAIJANI_CYRILLIC_SCRIPT.json	2352	file	8dcce12d250ccdee5ab3ce8ebab75d9912337667e79b1a0f04f3bb9cee74a082	-	keep-public-contract	R03	Executable public API parity input validated against tests/manifest.yaml.
tests/fixtures/inputs/public-api/ttnameid.TT_MAC_LANGID_AZERBAIJANI_ROMAN_SCRIPT.json	4115	file	9f323fec31b5776788bebf11d77ab6d115f8adfb6fd253d0cf0ce318b44bb63c	-	keep-public-contract	R03	Executable public API parity input validated against tests/manifest.yaml.
tests/fixtures/inputs/public-api/ttnameid.TT_MAC_LANGID_BASQUE.json	2039	file	26a4dd19ea5d9c74bf40cd59c6ae40debecedaf8e5da5d13ce64ac3a29405b27	-	keep-public-contract	R03	Executable public API parity input validated against tests/manifest.yaml.
tests/fixtures/inputs/public-api/ttnameid.TT_MAC_LANGID_BENGALI.json	2047	file	95062b4d77a46dd49e14667d401e7c2809d280d2a9ab7dc06c34767ca2bba428	-	keep-public-contract	R03	Executable public API parity input validated against tests/manifest.yaml.
tests/fixtures/inputs/public-api/ttnameid.TT_MAC_LANGID_BRETON.json	2039	file	a7926ac1e359d01262d3edd0f88193870452686dc6dee00534abeeeeb2588ab7	-	keep-public-contract	R03	Executable public API parity input validated against tests/manifest.yaml.
tests/fixtures/inputs/public-api/ttnameid.TT_MAC_LANGID_BULGARIAN.json	2067	file	ba09d922784b0721ff597ad58ab2508464377b648d66f8526844b6c0e5606e20	-	keep-public-contract	R03	Executable public API parity input validated against tests/manifest.yaml.
tests/fixtures/inputs/public-api/ttnameid.TT_MAC_LANGID_BURMESE.json	2047	file	be508229be9e118249afe00de83cc072939725a94ee2a052ae2812d0de9f32c3	-	keep-public-contract	R03	Executable public API parity input validated against tests/manifest.yaml.
tests/fixtures/inputs/public-api/ttnameid.TT_MAC_LANGID_BYELORUSSIAN.json	2097	file	ca54043ae553071d095d80e395ea2ed022ac27c656d3e2140a5040140f80e786	-	keep-public-contract	R03	Executable public API parity input validated against tests/manifest.yaml.
tests/fixtures/inputs/public-api/ttnameid.TT_MAC_LANGID_CATALAN.json	2049	file	4174fb8a93f9dbd94a676332ff6db301e16d9a943051df109cb1f959fe705109	-	keep-public-contract	R03	Executable public API parity input validated against tests/manifest.yaml.
tests/fixtures/inputs/public-api/ttnameid.TT_MAC_LANGID_CHEWA.json	2027	file	2e9b052244a8087643a955abccb3faef5825d3dd95cc2ccfe1b38674ffd60940	-	keep-public-contract	R03	Executable public API parity input validated against tests/manifest.yaml.
tests/fixtures/inputs/public-api/ttnameid.TT_MAC_LANGID_CHINESE_SIMPLIFIED.json	4081	file	48742194ba7c908d8e55b713424403fbc3d6a736663ed307f82214389e61fc1c	-	keep-public-contract	R03	Executable public API parity input validated against tests/manifest.yaml.
tests/fixtures/inputs/public-api/ttnameid.TT_MAC_LANGID_CHINESE_TRADITIONAL.json	2167	file	4b326cae8eb194b75f965b035f7e8c074c2756e8e046dd6cd832de048e41a57a	-	keep-public-contract	R03	Executable public API parity input validated against tests/manifest.yaml.
tests/fixtures/inputs/public-api/ttnameid.TT_MAC_LANGID_CROATIAN.json	2057	file	f7a7974847ff6e18c7bf85aaea215f4c0fa22ace84533417b8d47faa4e879dff	-	keep-public-contract	R03	Executable public API parity input validated against tests/manifest.yaml.
tests/fixtures/inputs/public-api/ttnameid.TT_MAC_LANGID_CZECH.json	2027	file	caf4f5f1c4556a4b96158758e6fc32a03ae80882bf8c808d746df7e1444e30a6	-	keep-public-contract	R03	Executable public API parity input validated against tests/manifest.yaml.
tests/fixtures/inputs/public-api/ttnameid.TT_MAC_LANGID_DANISH.json	2035	file	d72be163c3520b71ba7d073ab9dae5046c1ee904d0793c11827dffb7a24669bc	-	keep-public-contract	R03	Executable public API parity input validated against tests/manifest.yaml.
tests/fixtures/inputs/public-api/ttnameid.TT_MAC_LANGID_DUTCH.json	2025	file	305af2b0ef0094c224b1a99a2b6858bf8048bacf641f07a2535b781828b8e496	-	keep-public-contract	R03	Executable public API parity input validated against tests/manifest.yaml.
tests/fixtures/inputs/public-api/ttnameid.TT_MAC_LANGID_DZONGKHA.json	2059	file	fa2bfdfac51c48a8738f5d846919bc16af549c355b28ab14c9f9c3b88e58e3da	-	keep-public-contract	R03	Executable public API parity input validated against tests/manifest.yaml.
tests/fixtures/inputs/public-api/ttnameid.TT_MAC_LANGID_ENGLISH.json	3886	file	62b8033319da901e46adf48c0d86e5bd06eccbb46e3ae1f894a21a10fa112e6e	-	keep-public-contract	R03	Executable public API parity input validated against tests/manifest.yaml.
tests/fixtures/inputs/public-api/ttnameid.TT_MAC_LANGID_ESPERANTO.json	1798	file	2f940e552e9d5569990e4b503fd379bc0bbf4a1dd25b9af3b9db431d2036e57e	-	keep-public-contract	R03	Executable public API parity input validated against tests/manifest.yaml.
tests/fixtures/inputs/public-api/ttnameid.TT_MAC_LANGID_ESTONIAN.json	1791	file	e0566a006c5bfb7dedcf190aa66bb4426594eaab3e40b955695e31edf7b31a92	-	keep-public-contract	R03	Executable public API parity input validated against tests/manifest.yaml.
tests/fixtures/inputs/public-api/ttnameid.TT_MAC_LANGID_FAEROESE.json	1791	file	e439e0b30d25fd8a8d16eb4864f1bea12c2c8fafe4a1f88b583bc099a637d74e	-	keep-public-contract	R03	Executable public API parity input validated against tests/manifest.yaml.
tests/fixtures/inputs/public-api/ttnameid.TT_MAC_LANGID_FARSI.json	1770	file	442fecc86dcf9ff582537b15879cbe7204de6700bb9e229874efd8933827e2b7	-	keep-public-contract	R03	Executable public API parity input validated against tests/manifest.yaml.
tests/fixtures/inputs/public-api/ttnameid.TT_MAC_LANGID_FINNISH.json	1784	file	e371b204e6f96b582afed7fe9e55efda996a3598c9070dd4387e0647809aa6da	-	keep-public-contract	R03	Executable public API parity input validated against tests/manifest.yaml.
tests/fixtures/inputs/public-api/ttnameid.TT_MAC_LANGID_FLEMISH.json	1784	file	532f4950bdcdc789e92396fec8361672bf640707f68e4c3ec045b326db28da7d	-	keep-public-contract	R03	Executable public API parity input validated against tests/manifest.yaml.
tests/fixtures/inputs/public-api/ttnameid.TT_MAC_LANGID_FRENCH.json	1775	file	7dfc57f93b8fcc4178b2cba0733882f4c87ffab0fb07315066192b37bdbc64fa	-	keep-public-contract	R03	Executable public API parity input validated against tests/manifest.yaml.
tests/fixtures/inputs/public-api/ttnameid.TT_MAC_LANGID_GALICIAN.json	1793	file	0b5ad9942cf08f7954d0abc0f87d982bca37a1aa06698842b5c2c893bf074b46	-	keep-public-contract	R03	Executable public API parity input validated against tests/manifest.yaml.
tests/fixtures/inputs/public-api/ttnameid.TT_MAC_LANGID_GALLA.json	1770	file	1fa67d9bf9554255c3c248d54f8c5832464fe676dc928a58ac9bdc8f5561f172	-	keep-public-contract	R03	Executable public API parity input validated against tests/manifest.yaml.
tests/fixtures/inputs/public-api/ttnameid.TT_MAC_LANGID_GEORGIAN.json	1791	file	2ae5a627dbb08ec4b698dbacdb49d40d37f5cdb12502c4ff323d5c7a746e74e1	-	keep-public-contract	R03	Executable public API parity input validated against tests/manifest.yaml.
tests/fixtures/inputs/public-api/ttnameid.TT_MAC_LANGID_GERMAN.json	1775	file	456d2c21e0032c7175931c9f8ecdb12d4602afd90cb5997576033520d38571bb	-	keep-public-contract	R03	Executable public API parity input validated against tests/manifest.yaml.
tests/fixtures/inputs/public-api/ttnameid.TT_MAC_LANGID_GREEK.json	1770	file	13a7130fe7db50d9a86c3679b7d5db1edd43481de48e3424fc8b9abff7590f2f	-	keep-public-contract	R03	Executable public API parity input validated against tests/manifest.yaml.
tests/fixtures/inputs/public-api/ttnameid.TT_MAC_LANGID_GREEK_POLYTONIC.json	3818	file	08364cf7a09173ae01bc834c5e4c138261eddbf207e586adf97ea6c4c572ba5f	-	keep-public-contract	R03	Executable public API parity input validated against tests/manifest.yaml.
tests/fixtures/inputs/public-api/ttnameid.TT_MAC_LANGID_GREELANDIC.json	1807	file	769447ab228444360338985d02f9b40fa4a1d422762a26e4665b81b53acb9362	-	keep-public-contract	R03	Executable public API parity input validated against tests/manifest.yaml.
tests/fixtures/inputs/public-api/ttnameid.TT_MAC_LANGID_GUARANI.json	1786	file	a78524eef92e48eb013f5cc6a5b63665dfc70f2bc8c12838139e89869a2f0e8d	-	keep-public-contract	R03	Executable public API parity input validated against tests/manifest.yaml.
tests/fixtures/inputs/public-api/ttnameid.TT_MAC_LANGID_GUJARATI.json	1791	file	ecfe5e6cc39e60e38ae43ce4a8362da302010a7d88d6b31d63c15bee3dfa24cb	-	keep-public-contract	R03	Executable public API parity input validated against tests/manifest.yaml.
tests/fixtures/inputs/public-api/ttnameid.TT_MAC_LANGID_HEBREW.json	1777	file	30590a5c7b1e8d0ab4bf82dba07c8faab79e171df9771564386552b075429007	-	keep-public-contract	R03	Executable public API parity input validated against tests/manifest.yaml.
tests/fixtures/inputs/public-api/ttnameid.TT_MAC_LANGID_HINDI.json	1770	file	48a1f4af7f02655a795ab2d17b2f508881de18de9eafa7a7aab3a1686b65c715	-	keep-public-contract	R03	Executable public API parity input validated against tests/manifest.yaml.
tests/fixtures/inputs/public-api/ttnameid.TT_MAC_LANGID_HUNGARIAN.json	1798	file	f0e69e02ea9a61c30bac1b221fa040f8a07cdbbad8b165d705696e4b2f009151	-	keep-public-contract	R03	Executable public API parity input validated against tests/manifest.yaml.
tests/fixtures/inputs/public-api/ttnameid.TT_MAC_LANGID_ICELANDIC.json	1798	file	2e0e9ee606b3ce905c49fa04ffc2dadbac792412f23d7b2172aef8eccd882b3e	-	keep-public-contract	R03	Executable public API parity input validated against tests/manifest.yaml.
tests/fixtures/inputs/public-api/ttnameid.TT_MAC_LANGID_INDONESIAN.json	1961	file	a747591909fbe97a567cee843d944d4b5128a6f9ff2ef2bb73624c439224e707	-	keep-public-contract	R03	Executable public API parity input validated against tests/manifest.yaml.
tests/fixtures/inputs/public-api/ttnameid.TT_MAC_LANGID_INUKTITUT.json	1954	file	ecdf06986a366a0af6655f589ab049a3435fe94342fd88ae3751fcd5f0922ae1	-	keep-public-contract	R03	Executable public API parity input validated against tests/manifest.yaml.
tests/fixtures/inputs/public-api/ttnameid.TT_MAC_LANGID_IRISH.json	1916	file	258283b55ad63ee2ead8fddd01db24aabb60afb73482a27af7260e4b014e026c	-	keep-public-contract	R03	Executable public API parity input validated against tests/manifest.yaml.
tests/fixtures/inputs/public-api/ttnameid.TT_MAC_LANGID_IRISH_GAELIC.json	1981	file	93b81be18c27e1e51d482a89db4d3566697d4265c20e41b5628ef9bc37bb8c2c	-	keep-public-contract	R03	Executable public API parity input validated against tests/manifest.yaml.
tests/fixtures/inputs/public-api/ttnameid.TT_MAC_LANGID_ITALIAN.json	3465	file	8960410ab03fddb548ea661c4d3aba5221e3b743147aae86bf05f8d6c6a70c55	-	keep-public-contract	R03	Executable public API parity input validated against tests/manifest.yaml.
tests/fixtures/inputs/public-api/ttnameid.TT_MAC_LANGID_JAPANESE.json	3503	file	2c63354323e88814cbb56418205034000be936b474063e4cc470364609280237	-	keep-public-contract	R03	Executable public API parity input validated against tests/manifest.yaml.
tests/fixtures/inputs/public-api/ttnameid.TT_MAC_LANGID_JAVANESE.json	1945	file	9c82205cb9d8d50c3ba8ce4577d2b82b55c605b522677baaa0b8bb8d28488566	-	keep-public-contract	R03	Executable public API parity input validated against tests/manifest.yaml.
tests/fixtures/inputs/public-api/ttnameid.TT_MAC_LANGID_KANNADA.json	3483	file	9fcd035d69995f8033e9af61be320650da8296d308d9d07a8aed6fccb1cccfd1	-	keep-public-contract	R03	Executable public API parity input validated against tests/manifest.yaml.
tests/fixtures/inputs/public-api/ttnameid.TT_MAC_LANGID_KASHMIRI.json	1943	file	dc67e1b64dca5d28d268fb5e2d91bbcca634e2a508a0c0b0972f212b54a70853	-	keep-public-contract	R03	Executable public API parity input validated against tests/manifest.yaml.
tests/fixtures/inputs/public-api/ttnameid.TT_MAC_LANGID_KAZAKH.json	1925	file	420e0e9d224446b56708fd4d5047dce3c337a308d402b6e83d3b1fe4dc762d74	-	keep-public-contract	R03	Executable public API parity input validated against tests/manifest.yaml.
tests/fixtures/inputs/public-api/ttnameid.TT_MAC_LANGID_KHMER.json	1916	file	b02b9eab66172188f32d8090537925a0626822636a8944b4f649ca4cf31af4e9	-	keep-public-contract	R03	Executable public API parity input validated against tests/manifest.yaml.
tests/fixtures/inputs/public-api/ttnameid.TT_MAC_LANGID_KIRGHIZ.json	1934	file	7c97b1f4f4b934bf007c69a5bbde9d91958666caf40cbe89589095f33fa03ec3	-	keep-public-contract	R03	Executable public API parity input validated against tests/manifest.yaml.
tests/fixtures/inputs/public-api/ttnameid.TT_MAC_LANGID_KOREAN.json	3463	file	288a06c5fd45d0e60f090d578d87648282bf643245ddcb0744e1004159c1b287	-	keep-public-contract	R03	Executable public API parity input validated against tests/manifest.yaml.
tests/fixtures/inputs/public-api/ttnameid.TT_MAC_LANGID_KURDISH.json	1934	file	4c85cf653bcd40fa1c445539ab0e823198a0e51b6af94c3130da960f1a21c271	-	keep-public-contract	R03	Executable public API parity input validated against tests/manifest.yaml.
tests/fixtures/inputs/public-api/ttnameid.TT_MAC_LANGID_LAO.json	1898	file	2e48a36080f0cd9a0a2a07085d19042fc784c796ecd60b50f3730957879a6feb	-	keep-public-contract	R03	Executable public API parity input validated against tests/manifest.yaml.
tests/fixtures/inputs/public-api/ttnameid.TT_MAC_LANGID_LATIN.json	1918	file	8ec3419a2ccf7807b2711a89897e8063aa420d20fbdbd1d09ab65581c57464f8	-	keep-public-contract	R03	Executable public API parity input validated against tests/manifest.yaml.
tests/fixtures/inputs/public-api/ttnameid.TT_MAC_LANGID_LETTISH.json	1934	file	7dff02edd884a4074c81cab5268b717c760ab9f4900253503229c28e1f861c71	-	keep-public-contract	R03	Executable public API parity input validated against tests/manifest.yaml.
tests/fixtures/inputs/public-api/ttnameid.TT_MAC_LANGID_LITHUANIAN.json	1961	file	f8c26d1cb2740ce47bbeeff6d426bc457bcebfcd77f654d38f98a548706747fe	-	keep-public-contract	R03	Executable public API parity input validated against tests/manifest.yaml.
tests/fixtures/inputs/public-api/ttnameid.TT_MAC_LANGID_MACEDONIAN.json	1961	file	038ea89e39f9bc3f9e6aa456532384f60055f5f46224427b798bbce3db875f88	-	keep-public-contract	R03	Executable public API parity input validated against tests/manifest.yaml.
tests/fixtures/inputs/public-api/ttnameid.TT_MAC_LANGID_MALAGASY.json	1943	file	e401c042db33e5a01545164cf78923db27fc088f906ef2b16a30b41fecacd702	-	keep-public-contract	R03	Executable public API parity input validated against tests/manifest.yaml.
tests/fixtures/inputs/public-api/ttnameid.TT_MAC_LANGID_MALAYALAM.json	4042	file	20bfbdfbe91132437ae7fe1071a52d623ef338e291a695629eca15230fdc6ca7	-	keep-public-contract	R03	Executable public API parity input validated against tests/manifest.yaml.
tests/fixtures/inputs/public-api/ttnameid.TT_MAC_LANGID_MALAY_ARABIC_SCRIPT.json	4394	file	bd06118154955e50ea9bc360bf001efa363b558e3c2750762ae44f166f5018ca	-	keep-public-contract	R03	Executable public API parity input validated against tests/manifest.yaml.
tests/fixtures/inputs/public-api/ttnameid.TT_MAC_LANGID_MALAY_ROMAN_SCRIPT.json	4381	file	bb51871409cdb2d898602ed2da2f5a7bc554946bafd60a97acafffe759e41a28	-	keep-public-contract	R03	Executable public API parity input validated against tests/manifest.yaml.
tests/fixtures/inputs/public-api/ttnameid.TT_MAC_LANGID_MALTESE.json	2011	file	818931c30b07b75f795216f0f2da5b2227acbd64e7c6dac3c2a8b80c6414c5f2	-	keep-public-contract	R03	Executable public API parity input validated against tests/manifest.yaml.
tests/fixtures/inputs/public-api/ttnameid.TT_MAC_LANGID_MANX_GAELIC.json	2053	file	f34fb8f902a23633bbe79eb44d4e6dc8bbf5ebbbeda5475b06a9d4611e2f0985	-	keep-public-contract	R03	Executable public API parity input validated against tests/manifest.yaml.
tests/fixtures/inputs/public-api/ttnameid.TT_MAC_LANGID_MARATHI.json	2011	file	9e331ac1bed7c4388b10d6022b1c160a1194b78aed164bb3560108431deebabd	-	keep-public-contract	R03	Executable public API parity input validated against tests/manifest.yaml.
tests/fixtures/inputs/public-api/ttnameid.TT_MAC_LANGID_MOLDAVIAN.json	2031	file	ee8ff868100f13d03edd0ea710036ec189963f9176e0772cce14618342acef80	-	keep-public-contract	R03	Executable public API parity input validated against tests/manifest.yaml.
tests/fixtures/inputs/public-api/ttnameid.TT_MAC_LANGID_MONGOLIAN.json	2172	file	63d7678d09a3d7c9d4a9f63733e5eb23cfea384d1960a4ca313676fe0b246563	-	keep-public-contract	R03	Executable public API parity input validated against tests/manifest.yaml.
tests/fixtures/inputs/public-api/ttnameid.TT_MAC_LANGID_MONGOLIAN_CYRILLIC_SCRIPT.json	4480	file	7b3064e975ce2fd2f7c50afab7fb683ecdd3608c5453a82caecbce83793794a6	-	keep-public-contract	R03	Executable public API parity input validated against tests/manifest.yaml.
tests/fixtures/inputs/public-api/ttnameid.TT_MAC_LANGID_MONGOLIAN_MONGOLIAN_SCRIPT.json	4620	file	458d65995e4129f67f475ae3dd8b18b9ad3f256714cf05aa8da4f3a554a335fe	-	keep-public-contract	R03	Executable public API parity input validated against tests/manifest.yaml.
tests/fixtures/inputs/public-api/ttnameid.TT_MAC_LANGID_NEPALI.json	2001	file	a9e785d1181d59e7f54c9600a554503ac57e0a1e549a2278f7c4d7329af0dc1d	-	keep-public-contract	R03	Executable public API parity input validated against tests/manifest.yaml.
tests/fixtures/inputs/public-api/ttnameid.TT_MAC_LANGID_NORWEGIAN.json	2029	file	13e25853bbbe38d7eac29f7ba2166413c39ebf9ef9a666f1ace0fc2671c52220	-	keep-public-contract	R03	Executable public API parity input validated against tests/manifest.yaml.
tests/fixtures/inputs/public-api/ttnameid.TT_MAC_LANGID_ORIYA.json	1991	file	2268778e96163a939ef4c2670201ae194aeb965b78b02dbbfc2b506438627b4c	-	keep-public-contract	R03	Executable public API parity input validated against tests/manifest.yaml.
tests/fixtures/inputs/public-api/ttnameid.TT_MAC_LANGID_PASHTO.json	2001	file	17b1bd43db02b5c36f160dd313b8f1f078aafe485e4cfeda463720319cb769c6	-	keep-public-contract	R03	Executable public API parity input validated against tests/manifest.yaml.
tests/fixtures/inputs/public-api/ttnameid.TT_MAC_LANGID_POLISH.json	2001	file	f152a2a36bf88cd665e83b540db10cf000fb13a229501b5917c90a4573b76d69	-	keep-public-contract	R03	Executable public API parity input validated against tests/manifest.yaml.
tests/fixtures/inputs/public-api/ttnameid.TT_MAC_LANGID_PORTUGUESE.json	2039	file	73d4d2402c91540498e3f6510309bc264776e72dc6159953c2b248bf5dfbb0b5	-	keep-public-contract	R03	Executable public API parity input validated against tests/manifest.yaml.
tests/fixtures/inputs/public-api/ttnameid.TT_MAC_LANGID_PUNJABI.json	2011	file	e84d8a090dd188794a036d74eb01402460413cfb1e25497e1e68204e15436f26	-	keep-public-contract	R03	Executable public API parity input validated against tests/manifest.yaml.
tests/fixtures/inputs/public-api/ttnameid.TT_MAC_LANGID_QUECHUA.json	2013	file	47348a60f940b28b6bb65d89fbd8c6945396a82720b9d3be83e342890a1a49ce	-	keep-public-contract	R03	Executable public API parity input validated against tests/manifest.yaml.
tests/fixtures/inputs/public-api/ttnameid.TT_MAC_LANGID_ROMANIAN.json	2021	file	6e6bbd957c7dc8eebcbe85aa5307315cece50244df1d606cae97483e7ee57097	-	keep-public-contract	R03	Executable public API parity input validated against tests/manifest.yaml.
tests/fixtures/inputs/public-api/ttnameid.TT_MAC_LANGID_RUANDA.json	2001	file	efa806a14b5a4f9761db55ecf9426e8f53439445017bd8ead117872f01c83b57	-	keep-public-contract	R03	Executable public API parity input validated against tests/manifest.yaml.
tests/fixtures/inputs/public-api/ttnameid.TT_MAC_LANGID_RUNDI.json	2126	file	be1e6c607329b41e8b0c44db9ad433b8fe8f4d37f0e0b84bb7219e6e4e93a881	-	keep-public-contract	R03	Executable public API parity input validated against tests/manifest.yaml.
tests/fixtures/inputs/public-api/ttnameid.TT_MAC_LANGID_RUSSIAN.json	4016	file	fcfea19c41ba2b6ac8d18055963d936acecbc645cf560c1451bfa55d6ce71dd6	-	keep-public-contract	R03	Executable public API parity input validated against tests/manifest.yaml.
tests/fixtures/inputs/public-api/ttnameid.TT_MAC_LANGID_SAAMISK.json	2146	file	339a3940df0573719c61abc32d0a766f94436dafd6b4cedb07a12dfb1aeefdd0	-	keep-public-contract	R03	Executable public API parity input validated against tests/manifest.yaml.
tests/fixtures/inputs/public-api/ttnameid.TT_MAC_LANGID_SANSKRIT.json	2156	file	7323c09e5e0956197a78efdf93b057119ba70419f814b78b0d52b68859a00490	-	keep-public-contract	R03	Executable public API parity input validated against tests/manifest.yaml.
tests/fixtures/inputs/public-api/ttnameid.TT_MAC_LANGID_SCOTTISH_GAELIC.json	2228	file	c5bab17c58573f73f28f3df5d76e52d8bdd3a52937b2cccabdfe78aadfa55ed1	-	keep-public-contract	R03	Executable public API parity input validated against tests/manifest.yaml.
tests/fixtures/inputs/public-api/ttnameid.TT_MAC_LANGID_SERBIAN.json	2146	file	f44ff037f185c22cc3c978565c471a6f9965fbaa8f65a2a440e6eac02aa2310e	-	keep-public-contract	R03	Executable public API parity input validated against tests/manifest.yaml.
tests/fixtures/inputs/public-api/ttnameid.TT_MAC_LANGID_SINDHI.json	2136	file	d460e7f6f30d589105da2b61c83f93d9cdd259336e698748d154f359f19003e5	-	keep-public-contract	R03	Executable public API parity input validated against tests/manifest.yaml.
tests/fixtures/inputs/public-api/ttnameid.TT_MAC_LANGID_SINHALESE.json	2166	file	68834f86ff9de82ebcfda78f1219e2e48e834fbfbb5d5201a9458d6086a8dddc	-	keep-public-contract	R03	Executable public API parity input validated against tests/manifest.yaml.
tests/fixtures/inputs/public-api/ttnameid.TT_MAC_LANGID_SLOVAK.json	2136	file	53c3edaea044afe4902be8a0cbb28c9c4bd82574999357c43a74ca12453052d8	-	keep-public-contract	R03	Executable public API parity input validated against tests/manifest.yaml.
tests/fixtures/inputs/public-api/ttnameid.TT_MAC_LANGID_SLOVENIAN.json	2166	file	bc8f7476c1b71908b18795d11be10186648eacaabdcd75d044d75375bf4a8d8b	-	keep-public-contract	R03	Executable public API parity input validated against tests/manifest.yaml.
tests/fixtures/inputs/public-api/ttnameid.TT_MAC_LANGID_SOMALI.json	2136	file	8112cf67c4ee03d3a20ca0dd4e7af28b77f4d4fa5aeeb297e1d340167e5f7763	-	keep-public-contract	R03	Executable public API parity input validated against tests/manifest.yaml.
tests/fixtures/inputs/public-api/ttnameid.TT_MAC_LANGID_SPANISH.json	2144	file	083002ec6db47efa10d4d08e4ac25765ee7e30d0b80bea3b042815065d13d849	-	keep-public-contract	R03	Executable public API parity input validated against tests/manifest.yaml.
tests/fixtures/inputs/public-api/ttnameid.TT_MAC_LANGID_SUNDANESE.json	2168	file	f43c9af04e8e16ee43146065ac36f4be14ab650e86825b84748584974bd18d82	-	keep-public-contract	R03	Executable public API parity input validated against tests/manifest.yaml.
tests/fixtures/inputs/public-api/ttnameid.TT_MAC_LANGID_SWAHILI.json	2146	file	057cda5e2afc14d4281bd3ed1b1ac0b83bfb18959e0da3afef5ffa84987f4b3d	-	keep-public-contract	R03	Executable public API parity input validated against tests/manifest.yaml.
tests/fixtures/inputs/public-api/ttnameid.TT_MAC_LANGID_SWEDISH.json	2144	file	4ee4255a0960cd4e30446098428bab1175bc92f15221673723f06e7d1784da9b	-	keep-public-contract	R03	Executable public API parity input validated against tests/manifest.yaml.
tests/fixtures/inputs/public-api/ttnameid.TT_MAC_LANGID_TAGALOG.json	4565	file	69540c5a2faa720ccc0bc62584acc45155bb5b609f1a9e8fe268cbb67f88e685	-	keep-public-contract	R03	Executable public API parity input validated against tests/manifest.yaml.
tests/fixtures/inputs/public-api/ttnameid.TT_MAC_LANGID_TAJIKI.json	2136	file	5af3323f7717f88dc64f46adca046a7162cc36f5049e593b34d5cd6d18ce8d74	-	keep-public-contract	R03	Executable public API parity input validated against tests/manifest.yaml.
tests/fixtures/inputs/public-api/ttnameid.TT_MAC_LANGID_TAMIL.json	2126	file	af3f4a2345429b9d3586b23a8a5443eb5473460c96d4f2e980e24ed76a910c25	-	keep-public-contract	R03	Executable public API parity input validated against tests/manifest.yaml.
tests/fixtures/inputs/public-api/ttnameid.TT_MAC_LANGID_TATAR.json	2128	file	eef92e6ff464d7088dc3e6ed02d2591b0e4d17e006aea2eeb5e12abeb9d5161e	-	keep-public-contract	R03	Executable public API parity input validated against tests/manifest.yaml.
tests/fixtures/inputs/public-api/ttnameid.TT_MAC_LANGID_TELUGU.json	2136	file	78300fe89461a274828622ed05e76395729078181f46a80b8d17458c21c73941	-	keep-public-contract	R03	Executable public API parity input validated against tests/manifest.yaml.
tests/fixtures/inputs/public-api/ttnameid.TT_MAC_LANGID_THAI.json	3971	file	23f47a6cbe785dd1bfd4fa6ff4bb35063f43181219e68a271079980255707638	-	keep-public-contract	R03	Executable public API parity input validated against tests/manifest.yaml.
tests/fixtures/inputs/public-api/ttnameid.TT_MAC_LANGID_TIBETAN.json	4170	file	353cd737c7eca38bf2c9ad79a82e5a532c68deae549fa56460cf1741d23cf15f	-	keep-public-contract	R03	Executable public API parity input validated against tests/manifest.yaml.
tests/fixtures/inputs/public-api/ttnameid.TT_MAC_LANGID_TIGRINYA.json	4185	file	fe8f71a5779bb44865272ac8ef74b73896a538e8d23592703689fd4f1b9605b5	-	keep-public-contract	R03	Executable public API parity input validated against tests/manifest.yaml.
tests/fixtures/inputs/public-api/ttnameid.TT_MAC_LANGID_TONGAN.json	2260	file	7c9cc599ae7ebbc94b02462acb0baa7544a2e90b0f2327331e6ad7f9bc7a6c79	-	keep-public-contract	R03	Executable public API parity input validated against tests/manifest.yaml.
tests/fixtures/inputs/public-api/ttnameid.TT_MAC_LANGID_TURKISH.json	4170	file	b94722661db34fb9388da0d0e9863b0466a0297b3765d76061d62a9d5c4423d1	-	keep-public-contract	R03	Executable public API parity input validated against tests/manifest.yaml.
tests/fixtures/inputs/public-api/ttnameid.TT_MAC_LANGID_TURKMEN.json	2269	file	8ee695a8da8882d6238a5401ee005a091483fae679c69111e7b7054510542424	-	keep-public-contract	R03	Executable public API parity input validated against tests/manifest.yaml.
tests/fixtures/inputs/public-api/ttnameid.TT_MAC_LANGID_UIGHUR.json	2260	file	9819051174f929c5e108a070cc27a5878d4d955b7b339484c35c16426af509e3	-	keep-public-contract	R03	Executable public API parity input validated against tests/manifest.yaml.
tests/fixtures/inputs/public-api/ttnameid.TT_MAC_LANGID_UKRAINIAN.json	4207	file	0d9f5067733aaa5458e0da260d8262d7413e041c97394264ff749fbd092514ec	-	keep-public-contract	R03	Executable public API parity input validated against tests/manifest.yaml.
tests/fixtures/inputs/public-api/ttnameid.TT_MAC_LANGID_URDU.json	4125	file	8342fbacf1d965546137eae2d5a0470bed555319a21044688b489f5d35fd32c1	-	keep-public-contract	R03	Executable public API parity input validated against tests/manifest.yaml.
tests/fixtures/inputs/public-api/ttnameid.TT_MAC_LANGID_UZBEK.json	2247	file	d0ffc01f2bcacb9c102d9372840424fcfae6ec8b2b7538b6b6ddb354d4526f31	-	keep-public-contract	R03	Executable public API parity input validated against tests/manifest.yaml.
tests/fixtures/inputs/public-api/ttnameid.TT_MAC_LANGID_VIETNAMESE.json	4224	file	52fe430e75b71c8b9d838245e534cb1113ff0bc759ecb166cc0f0d8b107a4374	-	keep-public-contract	R03	Executable public API parity input validated against tests/manifest.yaml.
tests/fixtures/inputs/public-api/ttnameid.TT_MAC_LANGID_WELSH.json	2249	file	63e14417e7e0bb7cd81163dc28d446f8821f15b01fa17e63c6cee09d573cdb32	-	keep-public-contract	R03	Executable public API parity input validated against tests/manifest.yaml.
tests/fixtures/inputs/public-api/ttnameid.TT_MAC_LANGID_YIDDISH.json	2269	file	048aad36042a6af1b1ceca4a96a376f93ca8137e2f494a31a67f206a784c93f3	-	keep-public-contract	R03	Executable public API parity input validated against tests/manifest.yaml.
tests/fixtures/inputs/public-api/ttnameid.TT_MS_ID_BIG_5.json	2539	file	9b75c2c0d5c4f43ecb84ce5269446f869c6aa9cc99a09f3e86815a77989f921e	-	keep-public-contract	R03	Executable public API parity input validated against tests/manifest.yaml.
tests/fixtures/inputs/public-api/ttnameid.TT_MS_ID_GB2312.json	5183	file	9eec2a5429d3e9a79955892b640c510c541cb290fe5ccd38334d0e596e12ed73	-	keep-public-contract	R03	Executable public API parity input validated against tests/manifest.yaml.
tests/fixtures/inputs/public-api/ttnameid.TT_MS_ID_JOHAB.json	2527	file	43b5ff9aca3830acfa06b8282711c8fd36a4f26757b93fd4e97a60e87a6ebd8b	-	keep-public-contract	R03	Executable public API parity input validated against tests/manifest.yaml.
tests/fixtures/inputs/public-api/ttnameid.TT_MS_ID_PRC.json	2387	file	9acda789ee7c5f6316e74039b60843060b2e89cc9198d8a5077748abafe67a3a	-	keep-public-contract	R03	Executable public API parity input validated against tests/manifest.yaml.
tests/fixtures/inputs/public-api/ttnameid.TT_MS_ID_SJIS.json	2392	file	1185ffbbb2786e6c0e8f73661dd49786880489d58525cf7e108498e8777313c6	-	keep-public-contract	R03	Executable public API parity input validated against tests/manifest.yaml.
tests/fixtures/inputs/public-api/ttnameid.TT_MS_ID_SYMBOL_CS.json	2449	file	2faa2ae6287db0c3a458bb85c58d2f9b886e169049912f89f2e12fb8fa54bfc0	-	keep-public-contract	R03	Executable public API parity input validated against tests/manifest.yaml.
tests/fixtures/inputs/public-api/ttnameid.TT_MS_ID_UCS_4.json	2401	file	ea9b63156a6798936eaf3d05ba678961d2aa4033f1b1cc5f32f58863aa22503a	-	keep-public-contract	R03	Executable public API parity input validated against tests/manifest.yaml.
tests/fixtures/inputs/public-api/ttnameid.TT_MS_ID_UNICODE_CS.json	2440	file	d64eaade125fa812be49548175138bad632b7d1ba310b1ca881461d97a724da5	-	keep-public-contract	R03	Executable public API parity input validated against tests/manifest.yaml.
tests/fixtures/inputs/public-api/ttnameid.TT_MS_ID_WANSUNG.json	2424	file	180f0a128a9393344b2c1317af9c29cde8db53633a8b9510365b3dfe791bbffe	-	keep-public-contract	R03	Executable public API parity input validated against tests/manifest.yaml.
tests/fixtures/inputs/public-api/ttnameid.TT_MS_LANGID_AFRIKAANS_SOUTH_AFRICA.json	4417	file	904f0b3263580b674ab3afe405e4a23c5c013071f943b0c4b1210d9d7842fec3	-	keep-public-contract	R03	Executable public API parity input validated against tests/manifest.yaml.
tests/fixtures/inputs/public-api/ttnameid.TT_MS_LANGID_ALBANIAN_ALBANIA.json	2485	file	14cea732d05a0f96b6072b534cd30514f3d546dc2013dbf80d48e3c127f50bfe	-	keep-public-contract	R03	Executable public API parity input validated against tests/manifest.yaml.
tests/fixtures/inputs/public-api/ttnameid.TT_MS_LANGID_ALSATIAN_FRANCE.json	2475	file	1a8fa9625f7c467e49b7c51831bf496b8e66a03c7e83db7f3e4b6b52925216da	-	keep-public-contract	R03	Executable public API parity input validated against tests/manifest.yaml.
tests/fixtures/inputs/public-api/ttnameid.TT_MS_LANGID_AMHARIC_ETHIOPIA.json	4333	file	eeaa51bc8a13fcf2cf5cedc093bd4dd8433e5f2e0a93388e05ed74f0b84c87ef	-	keep-public-contract	R03	Executable public API parity input validated against tests/manifest.yaml.
tests/fixtures/inputs/public-api/ttnameid.TT_MS_LANGID_ARABIC_ALGERIA.json	2465	file	837fae291aa5e684afb389120e8aa42421ed861f0769dea054fdce820f8417ee	-	keep-public-contract	R03	Executable public API parity input validated against tests/manifest.yaml.
tests/fixtures/inputs/public-api/ttnameid.TT_MS_LANGID_ARABIC_BAHRAIN.json	2467	file	9da1639b40350ff58ea70822430344d8a9c953175b8432448e0b0608c5f0aa53	-	keep-public-contract	R03	Executable public API parity input validated against tests/manifest.yaml.
tests/fixtures/inputs/public-api/ttnameid.TT_MS_LANGID_ARABIC_EGYPT.json	4296	file	7de245c798292b9c369f12fef5566ed9cfa0f1b321a1969ed529f4a86d6ac03d	-	keep-public-contract	R03	Executable public API parity input validated against tests/manifest.yaml.
tests/fixtures/inputs/public-api/ttnameid.TT_MS_LANGID_ARABIC_GENERAL.json	4511	file	b54ac0116c52b374726045f9fb71c80d060da8013aa5e7261181042ca7a067e2	-	keep-public-contract	R03	Executable public API parity input validated against tests/manifest.yaml.
tests/fixtures/inputs/public-api/ttnameid.TT_MS_LANGID_ARABIC_IRAQ.json	3692	file	06ea513259c7d58d58a8df3b81b5494c5ff364b64b55e9892a86c4ec520961fe	-	keep-public-contract	R03	Executable public API parity input validated against tests/manifest.yaml.
tests/fixtures/inputs/public-api/ttnameid.TT_MS_LANGID_ARABIC_JORDAN.json	2047	file	0e62d678ade8f173e540e206df0957dba1d28417441df9dab2b317358fe92f1e	-	keep-public-contract	R03	Executable public API parity input validated against tests/manifest.yaml.
tests/fixtures/inputs/public-api/ttnameid.TT_MS_LANGID_ARABIC_KUWAIT.json	2047	file	3287901a96306c2990a03def69121f05b7493b7ef47af9528460578d622556a2	-	keep-public-contract	R03	Executable public API parity input validated against tests/manifest.yaml.
tests/fixtures/inputs/public-api/ttnameid.TT_MS_LANGID_ARABIC_LEBANON.json	2057	file	3203009ff914173ad501eba0532148ed15f36dc7dad2baa9dce2e97f6998ff9f	-	keep-public-contract	R03	Executable public API parity input validated against tests/manifest.yaml.
tests/fixtures/inputs/public-api/ttnameid.TT_MS_LANGID_ARABIC_LIBYA.json	2035	file	3fcf2aaafa07f4b9a5bbe33c0f826a0d73321639b0c48d73a336790db25d3408	-	keep-public-contract	R03	Executable public API parity input validated against tests/manifest.yaml.
tests/fixtures/inputs/public-api/ttnameid.TT_MS_LANGID_ARABIC_MOROCCO.json	2055	file	81ee6811dffcb76e6dfa2fdf7bca77d949221a056b33f7d79e0595eea30a4369	-	keep-public-contract	R03	Executable public API parity input validated against tests/manifest.yaml.
tests/fixtures/inputs/public-api/ttnameid.TT_MS_LANGID_ARABIC_OMAN.json	2025	file	da4dceb3f962d707bff5876fae7636ef47f525810496167f232cb80f65ada64b	-	keep-public-contract	R03	Executable public API parity input validated against tests/manifest.yaml.
tests/fixtures/inputs/public-api/ttnameid.TT_MS_LANGID_ARABIC_QATAR.json	2037	file	84653b2183a75c4fb356bbb278ca39d201f48c828625d4b0567df49de6c3a9d1	-	keep-public-contract	R03	Executable public API parity input validated against tests/manifest.yaml.
tests/fixtures/inputs/public-api/ttnameid.TT_MS_LANGID_ARABIC_SAUDI_ARABIA.json	2105	file	458bbd3721443e80367fd42f47850a399ac7968e599fa9a4a5129e663a737a87	-	keep-public-contract	R03	Executable public API parity input validated against tests/manifest.yaml.
tests/fixtures/inputs/public-api/ttnameid.TT_MS_LANGID_ARABIC_SYRIA.json	2037	file	04e0f00615c1a8df3d417ed95f46f16f7aad86e55134d0c221628480aced74f1	-	keep-public-contract	R03	Executable public API parity input validated against tests/manifest.yaml.
tests/fixtures/inputs/public-api/ttnameid.TT_MS_LANGID_ARABIC_TUNISIA.json	2055	file	93a2aea634b2e795ca84bf82beca38f4cfb41f8627fce8a7bb79ffb75a54bb0e	-	keep-public-contract	R03	Executable public API parity input validated against tests/manifest.yaml.
tests/fixtures/inputs/public-api/ttnameid.TT_MS_LANGID_ARABIC_UAE.json	2017	file	8ee9b8ba16e71246a464143624138551be6aa48c05eb1b6d3a29868e8ef6b4d1	-	keep-public-contract	R03	Executable public API parity input validated against tests/manifest.yaml.
tests/fixtures/inputs/public-api/ttnameid.TT_MS_LANGID_ARABIC_YEMEN.json	2035	file	8144f3bcfe2d3d55b7de6b903e5138961bef814748dccdc2ac40108dc1270710	-	keep-public-contract	R03	Executable public API parity input validated against tests/manifest.yaml.
tests/fixtures/inputs/public-api/ttnameid.TT_MS_LANGID_ARMENIAN_ARMENIA.json	3735	file	58f6eba5b0992d8b10176ece8731a5e5fc8ba6c8d4dc44472d205dea350714f3	-	keep-public-contract	R03	Executable public API parity input validated against tests/manifest.yaml.
tests/fixtures/inputs/public-api/ttnameid.TT_MS_LANGID_ASSAMESE_INDIA.json	2037	file	e72d65b656481193acf6c339cef531408cf4f72445ea4583ff2807d65d713b56	-	keep-public-contract	R03	Executable public API parity input validated against tests/manifest.yaml.
tests/fixtures/inputs/public-api/ttnameid.TT_MS_LANGID_AZERI_AZERBAIJAN_CYRILLIC.json	3958	file	9a131434d82f83e5c7cdb5b289da57c6339e3044f3f61fa0cfeccf516a38ee49	-	keep-public-contract	R03	Executable public API parity input validated against tests/manifest.yaml.
tests/fixtures/inputs/public-api/ttnameid.TT_MS_LANGID_AZERI_AZERBAIJAN_LATIN.json	3919	file	9930e2af4c85b669a6e80be62214c4494bfd8f8a62df26bfd5d80e377627b666	-	keep-public-contract	R03	Executable public API parity input validated against tests/manifest.yaml.
tests/fixtures/inputs/public-api/ttnameid.TT_MS_LANGID_BASHKIR_RUSSIA.json	2037	file	b512dca4c902902543138d33b187739adb278afe70f265b628e523a3fe90a4c4	-	keep-public-contract	R03	Executable public API parity input validated against tests/manifest.yaml.
tests/fixtures/inputs/public-api/ttnameid.TT_MS_LANGID_BASQUE_BASQUE.json	3705	file	08be796ec17f9b5e4de87782f46d67b5bc17003d96239d5ab5b68d39db2a0f88	-	keep-public-contract	R03	Executable public API parity input validated against tests/manifest.yaml.
tests/fixtures/inputs/public-api/ttnameid.TT_MS_LANGID_BASQUE_SPAIN.json	3256	file	845d9f5a69c089905297d4349ffa934c31ec5c86f7882387fffc4852c2acaba6	-	keep-public-contract	R03	Executable public API parity input validated against tests/manifest.yaml.
tests/fixtures/inputs/public-api/ttnameid.TT_MS_LANGID_BELARUSIAN_BELARUS.json	3809	file	6fa3dd49b144a237708f0493d5ef00c4eb20a2d4de0558a94ff6de645d0410a7	-	keep-public-contract	R03	Executable public API parity input validated against tests/manifest.yaml.
tests/fixtures/inputs/public-api/ttnameid.TT_MS_LANGID_BENGALI_BANGLADESH.json	7223	file	226d7079726106826895abced4309a82c2d992b94b806efc7f763e59c2205152	-	keep-public-contract	R03	Executable public API parity input validated against tests/manifest.yaml.
tests/fixtures/inputs/public-api/ttnameid.TT_MS_LANGID_BENGALI_INDIA.json	7148	file	1ad16ca4cca7e0e0de8838c215798ff8ed1058c5b5aaf9c28241876419a66477	-	keep-public-contract	R03	Executable public API parity input validated against tests/manifest.yaml.
tests/fixtures/inputs/public-api/ttnameid.TT_MS_LANGID_BOSNIAN_BOSNIA_HERZEGOVINA.json	7343	file	bc75cba292e2a2e20acf7d702db2d025425633666a7fea4cb1f93d7146f0341b	-	keep-public-contract	R03	Executable public API parity input validated against tests/manifest.yaml.
tests/fixtures/inputs/public-api/ttnameid.TT_MS_LANGID_BOSNIAN_BOSNIA_HERZ_CYRILLIC.json	7373	file	a37d6ea3705a3e1814aec74ecbf5a7533963757934abb4d30b1e6dc19940db10	-	keep-public-contract	R03	Executable public API parity input validated against tests/manifest.yaml.
tests/fixtures/inputs/public-api/ttnameid.TT_MS_LANGID_BRETON_FRANCE.json	3754	file	7b1c68efb491d895ee4e37b4a6f82295b91b3739d5adadc799274ff4c9b247dc	-	keep-public-contract	R03	Executable public API parity input validated against tests/manifest.yaml.
tests/fixtures/inputs/public-api/ttnameid.TT_MS_LANGID_BULGARIAN_BULGARIA.json	7223	file	2f683cd1de10fdb965e0285dbe6f600ecc3224c2320aa55483e7ea5eb489ce69	-	keep-public-contract	R03	Executable public API parity input validated against tests/manifest.yaml.
tests/fixtures/inputs/public-api/ttnameid.TT_MS_LANGID_BURMESE_MYANMAR.json	3776	file	16b46767cd4432d898c998154758b26ff83eaa0ecef08b76dfa0fd97e8f4f82e	-	keep-public-contract	R03	Executable public API parity input validated against tests/manifest.yaml.
tests/fixtures/inputs/public-api/ttnameid.TT_MS_LANGID_CATALAN_CATALAN.json	3776	file	7f7c4b2c30c4bd4065334ecd17b206cdcc5631b2b6927bbcf76f4bb9a04c2e0b	-	keep-public-contract	R03	Executable public API parity input validated against tests/manifest.yaml.
tests/fixtures/inputs/public-api/ttnameid.TT_MS_LANGID_CATALAN_SPAIN.json	6030	file	05940aa8b933ccb58aecea8874713ccaad41bb35a397110677d54be2e4f7a3eb	-	keep-public-contract	R03	Executable public API parity input validated against tests/manifest.yaml.
tests/fixtures/inputs/public-api/ttnameid.TT_MS_LANGID_CHEROKEE_UNITED_STATES.json	3853	file	abf7cf7796d4bed151c87e8d39bd06c4cd53fe9f9535441802ec190d0d922dfe	-	keep-public-contract	R03	Executable public API parity input validated against tests/manifest.yaml.
tests/fixtures/inputs/public-api/ttnameid.TT_MS_LANGID_CHINESE_GENERAL.json	3767	file	508e715aaf44e1f5c6baa9d6dea1d51c857975b8208facb7a6d887a54dac6c32	-	keep-public-contract	R03	Executable public API parity input validated against tests/manifest.yaml.
tests/fixtures/inputs/public-api/ttnameid.TT_MS_LANGID_CHINESE_HONG_KONG.json	7208	file	9c0c3fdc74d143710d3147758ff29bc85a46eb0d05ad85ddfb1b3231efbc6ad4	-	keep-public-contract	R03	Executable public API parity input validated against tests/manifest.yaml.
tests/fixtures/inputs/public-api/ttnameid.TT_MS_LANGID_CHINESE_MACAO.json	7148	file	bd152cb54d24f6ee8a27ceb821b47c25317492c6af7af20811f6120c75a78971	-	keep-public-contract	R03	Executable public API parity input validated against tests/manifest.yaml.
tests/fixtures/inputs/public-api/ttnameid.TT_MS_LANGID_CHINESE_MACAU.json	6014	file	9c239c14a3268c7896c1669c1bef5c312228a8cde11401056c0a381368937064	-	keep-public-contract	R03	Executable public API parity input validated against tests/manifest.yaml.
tests/fixtures/inputs/public-api/ttnameid.TT_MS_LANGID_CHINESE_PRC.json	7118	file	6914baa32d493b8f9204387b1a1196f92664f729064c5ffb51cd817cb3918a4d	-	keep-public-contract	R03	Executable public API parity input validated against tests/manifest.yaml.
tests/fixtures/inputs/public-api/ttnameid.TT_MS_LANGID_CHINESE_SINGAPORE.json	3798	file	82943565abafe259aefd66da0c5f8cec0c431e9d6c23cc67dcbcc741b193a4a6	-	keep-public-contract	R03	Executable public API parity input validated against tests/manifest.yaml.
tests/fixtures/inputs/public-api/ttnameid.TT_MS_LANGID_CHINESE_TAIWAN.json	7163	file	0c60ffa01955e095b26fc391098322e4bed7c52b2f2a3cd4b0964d3f36f600b3	-	keep-public-contract	R03	Executable public API parity input validated against tests/manifest.yaml.
tests/fixtures/inputs/public-api/ttnameid.TT_MS_LANGID_CLASSIC_LITHUANIAN_LITHUANIA.json	3919	file	43173f4682aa7396067f02aa3392e5aa7be62586268b68dfcaa8d3023cbb1650	-	keep-public-contract	R03	Executable public API parity input validated against tests/manifest.yaml.
tests/fixtures/inputs/public-api/ttnameid.TT_MS_LANGID_CORSICAN_FRANCE.json	3776	file	981dbba2696f69746e3551c840404e1fd6b0716b6a7ca049281c4364784bf7d3	-	keep-public-contract	R03	Executable public API parity input validated against tests/manifest.yaml.
tests/fixtures/inputs/public-api/ttnameid.TT_MS_LANGID_CROATIAN_BOSNIA_HERZEGOVINA.json	4850	file	a296b04384063fe765a68d7eea974ac2e95ecd6caeaf4c68a9c264cf6ea7617e	-	keep-public-contract	R03	Executable public API parity input validated against tests/manifest.yaml.
tests/fixtures/inputs/public-api/ttnameid.TT_MS_LANGID_CROATIAN_CROATIA.json	4621	file	8f2dc49d4e3aee24c58013aef7ba380ff5a480f443845a51c55325ca6279d3aa	-	keep-public-contract	R03	Executable public API parity input validated against tests/manifest.yaml.
tests/fixtures/inputs/public-api/ttnameid.TT_MS_LANGID_CZECH_CZECH_REPUBLIC.json	4722	file	2f6ee8e3f15e368a2666963123c830406effab6aff62c65716a8cbdc1c64cbae	-	keep-public-contract	R03	Executable public API parity input validated against tests/manifest.yaml.
tests/fixtures/inputs/public-api/ttnameid.TT_MS_LANGID_DANISH_DENMARK.json	4598	file	32fba1985c19022cd5583d9827d40bd2e51141bb3086087381c88f972190e8cd	-	keep-public-contract	R03	Executable public API parity input validated against tests/manifest.yaml.
tests/fixtures/inputs/public-api/ttnameid.TT_MS_LANGID_DARI_AFGHANISTAN.json	2567	file	5963f7f9fe30250cc9f5d7bf0a7a4366791e2a84f95f189091bc99efa1602a3d	-	keep-public-contract	R03	Executable public API parity input validated against tests/manifest.yaml.
tests/fixtures/inputs/public-api/ttnameid.TT_MS_LANGID_DHIVEHI_MALDIVES.json	4613	file	12dd953c98eab6940197281adb7e1fe0b99c9ab462fdfab9c846f79d060ad2fa	-	keep-public-contract	R03	Executable public API parity input validated against tests/manifest.yaml.
tests/fixtures/inputs/public-api/ttnameid.TT_MS_LANGID_DIVEHI_MALDIVES.json	3882	file	a71d9a6366b2d5e048359108db4598f2cff3facfc3cdc46047df72b0c945a7e1	-	keep-public-contract	R03	Executable public API parity input validated against tests/manifest.yaml.
tests/fixtures/inputs/public-api/ttnameid.TT_MS_LANGID_DUTCH_BELGIUM.json	4557	file	7ed24e9a3387f75f110d273f86b91aac8fc67228cd9d168c21cad485818d78fc	-	keep-public-contract	R03	Executable public API parity input validated against tests/manifest.yaml.
tests/fixtures/inputs/public-api/ttnameid.TT_MS_LANGID_DUTCH_NETHERLANDS.json	4575	file	5e3d66de236967fb0b89b13d089e9d33459ab42b27299689b1ebfe30833655a3	-	keep-public-contract	R03	Executable public API parity input validated against tests/manifest.yaml.
tests/fixtures/inputs/public-api/ttnameid.TT_MS_LANGID_DZONGHKA_BHUTAN.json	2578	file	f13f4cea2e4344fd572766689c86eaf24ea1b9d9e2812a974717825fccae02b8	-	keep-public-contract	R03	Executable public API parity input validated against tests/manifest.yaml.
tests/fixtures/inputs/public-api/ttnameid.TT_MS_LANGID_EDO_NIGERIA.json	2518	file	ced18e3cb879657bcdf0e402813eae73603291b6da213a51d6074e205f968694	-	keep-public-contract	R03	Executable public API parity input validated against tests/manifest.yaml.
tests/fixtures/inputs/public-api/ttnameid.TT_MS_LANGID_ENGLISH_AUSTRALIA.json	4623	file	ed2b870adfb659498275248cf3b83ce5aeeb0e26a73614eaaa7713baf6a9eeb8	-	keep-public-contract	R03	Executable public API parity input validated against tests/manifest.yaml.
tests/fixtures/inputs/public-api/ttnameid.TT_MS_LANGID_ENGLISH_BELIZE.json	2548	file	bf31ab1d9fb63394c9fbef0bc3c2d01dbfebe77e399224a124e630452aa24fdc	-	keep-public-contract	R03	Executable public API parity input validated against tests/manifest.yaml.
tests/fixtures/inputs/public-api/ttnameid.TT_MS_LANGID_ENGLISH_CANADA.json	4550	file	135362c032d1eda642152413dc2e4cca31d12be5c59cfacfe2ee324f7ece762f	-	keep-public-contract	R03	Executable public API parity input validated against tests/manifest.yaml.
tests/fixtures/inputs/public-api/ttnameid.TT_MS_LANGID_ENGLISH_CARIBBEAN.json	2575	file	feee9ab3f3cb21804cac96b6a43c2014c6264ea836c486d8357ae3a5c56b9510	-	keep-public-contract	R03	Executable public API parity input validated against tests/manifest.yaml.
tests/fixtures/inputs/public-api/ttnameid.TT_MS_LANGID_ENGLISH_GENERAL.json	4580	file	7157756c6aca0f66db83af624c654602aafbaf38dbceeb562deea6e34a378c44	-	keep-public-contract	R03	Executable public API parity input validated against tests/manifest.yaml.
tests/fixtures/inputs/public-api/ttnameid.TT_MS_LANGID_ENGLISH_HONG_KONG.json	2585	file	e15b661af0b6de72857714f2579e229e47c9e66ead56bf6008352a3c70873d88	-	keep-public-contract	R03	Executable public API parity input validated against tests/manifest.yaml.
tests/fixtures/inputs/public-api/ttnameid.TT_MS_LANGID_ENGLISH_INDIA.json	4577	file	aa4f3edbf39f0b263eb450db5a58595a97d7a87ea9d8cc8619b911f7184d013a	-	keep-public-contract	R03	Executable public API parity input validated against tests/manifest.yaml.
tests/fixtures/inputs/public-api/ttnameid.TT_MS_LANGID_ENGLISH_INDONESIA.json	2588	file	78f7f13f4e56160c40dcc2687f8a9eca8122f73b6d1df795cea58fcd80401ced	-	keep-public-contract	R03	Executable public API parity input validated against tests/manifest.yaml.
tests/fixtures/inputs/public-api/ttnameid.TT_MS_LANGID_ENGLISH_IRELAND.json	4594	file	813599bece24604c61bbbe0cae01f67d5a3c51fac07a4a3d2446a6136aa674d2	-	keep-public-contract	R03	Executable public API parity input validated against tests/manifest.yaml.
tests/fixtures/inputs/public-api/ttnameid.TT_MS_LANGID_ENGLISH_JAMAICA.json	2545	file	884ec8d05445af21011a1a2368dabbba4be3b7ca4a7aafa71c374ce4f105e6fa	-	keep-public-contract	R03	Executable public API parity input validated against tests/manifest.yaml.
tests/fixtures/inputs/public-api/ttnameid.TT_MS_LANGID_ENGLISH_MALAYSIA.json	2558	file	9a847ee6661411b4cd7fde299f9334a6621d0cb7adaf2b51fe0416de5f95e7ea	-	keep-public-contract	R03	Executable public API parity input validated against tests/manifest.yaml.
tests/fixtures/inputs/public-api/ttnameid.TT_MS_LANGID_ENGLISH_NEW_ZEALAND.json	2589	file	439bdfd051054ec9da87f2c94a229fa486d4cc13f0f2f1456d3dede425de4468	-	keep-public-contract	R03	Executable public API parity input validated against tests/manifest.yaml.
tests/fixtures/inputs/public-api/ttnameid.TT_MS_LANGID_ENGLISH_PHILIPPINES.json	2591	file	cb8a2d1b3db23fccb8e089063157984592f589a420dfeaa15ec989b2a44e15b1	-	keep-public-contract	R03	Executable public API parity input validated against tests/manifest.yaml.
tests/fixtures/inputs/public-api/ttnameid.TT_MS_LANGID_ENGLISH_SINGAPORE.json	2569	file	0e04e5274ee98d723bcbf0a646f3b1d4a4d790405364b8b112124d682273f5f8	-	keep-public-contract	R03	Executable public API parity input validated against tests/manifest.yaml.
tests/fixtures/inputs/public-api/ttnameid.TT_MS_LANGID_ENGLISH_SOUTH_AFRICA.json	2600	file	456224f8ebf460237b6c1df812369fd8b7ff92bdaf3045c3e92925b105b9b760	-	keep-public-contract	R03	Executable public API parity input validated against tests/manifest.yaml.
tests/fixtures/inputs/public-api/ttnameid.TT_MS_LANGID_ENGLISH_TRINIDAD.json	2558	file	a9670ec8b95b32dd3e3f77fa702dfcac0b709b960a520c945983ae978e7c9636	-	keep-public-contract	R03	Executable public API parity input validated against tests/manifest.yaml.
tests/fixtures/inputs/public-api/ttnameid.TT_MS_LANGID_ENGLISH_UNITED_KINGDOM.json	2622	file	20a0fe4ad54bec397ce4505cf3f2a79bfaeeca90942cb8201544e2310cc0ab00	-	keep-public-contract	R03	Executable public API parity input validated against tests/manifest.yaml.
tests/fixtures/inputs/public-api/ttnameid.TT_MS_LANGID_ENGLISH_UNITED_STATES.json	4890	file	cf022f36f98748d96131baede911c9d0ec0f1047bc1f3e64f3e86523f637461d	-	keep-public-contract	R03	Executable public API parity input validated against tests/manifest.yaml.
tests/fixtures/inputs/public-api/ttnameid.TT_MS_LANGID_ENGLISH_ZIMBABWE.json	2558	file	1a601ede173dfbd0f1e97ae6095fd731512aa8b8670b3581ec558884e5f88388	-	keep-public-contract	R03	Executable public API parity input validated against tests/manifest.yaml.
tests/fixtures/inputs/public-api/ttnameid.TT_MS_LANGID_ESTONIAN_ESTONIA.json	4812	file	c50c3d315c5a4dec65bc3a462c22dffea66b3d8b317ecf2ee3388c18d0062448	-	keep-public-contract	R03	Executable public API parity input validated against tests/manifest.yaml.
tests/fixtures/inputs/public-api/ttnameid.TT_MS_LANGID_FAEROESE_FAEROE_ISLANDS.json	2633	file	f2846ae76d0e6a6484243f7aa90c0a5da9d3e657cd40ab1130fa61a6b2ab8053	-	keep-public-contract	R03	Executable public API parity input validated against tests/manifest.yaml.
tests/fixtures/inputs/public-api/ttnameid.TT_MS_LANGID_FARSI_IRAN.json	4832	file	f881f9ec57c6c51584e67a0ffed5ab63b08fceefd72d923cbc55b694103b1cdb	-	keep-public-contract	R03	Executable public API parity input validated against tests/manifest.yaml.
tests/fixtures/inputs/public-api/ttnameid.TT_MS_LANGID_FILIPINO_PHILIPPINES.json	2600	file	1db04feb209e2a0ca08ccbaaeb9f087bfd5fefdb83be351ba07acea2494e39c9	-	keep-public-contract	R03	Executable public API parity input validated against tests/manifest.yaml.
tests/fixtures/inputs/public-api/ttnameid.TT_MS_LANGID_FINNISH_FINLAND.json	2545	file	2079a203cd045c0cc752d577f17625bb7e1274daeb91aa7fd990c0be252135ca	-	keep-public-contract	R03	Executable public API parity input validated against tests/manifest.yaml.
tests/fixtures/inputs/public-api/ttnameid.TT_MS_LANGID_FRENCH_BELGIUM.json	2534	file	3aed82bc577d85dacfe583690db5f77da5c52e5d480ac70cd0d9f82a12ab7012	-	keep-public-contract	R03	Executable public API parity input validated against tests/manifest.yaml.
tests/fixtures/inputs/public-api/ttnameid.TT_MS_LANGID_FRENCH_CAMEROON.json	2636	file	7c39cd1fe938fcafdf94dbf785e1e45a48b7a3b2dadd687e0bb6cd4bd2fd29fa	-	keep-public-contract	R03	Executable public API parity input validated against tests/manifest.yaml.
tests/fixtures/inputs/public-api/ttnameid.TT_MS_LANGID_FRENCH_CANADA.json	4790	file	6f435b8a68035c324a946463607325195b69dc796c2012f0f5ccc22ef92843a3	-	keep-public-contract	R03	Executable public API parity input validated against tests/manifest.yaml.
tests/fixtures/inputs/public-api/ttnameid.TT_MS_LANGID_FRENCH_CONGO.json	2601	file	bd1d3a1b5ea16d83339ae4cedd9ad4f99fbb72ebcc2be3a9cee5ac5a66879208	-	keep-public-contract	R03	Executable public API parity input validated against tests/manifest.yaml.
tests/fixtures/inputs/public-api/ttnameid.TT_MS_LANGID_FRENCH_COTE_D_IVOIRE.json	5008	file	6c79a543d9d746c2fe350cf5f4dff66ec12b20d5619a84def8d477942040f006	-	keep-public-contract	R03	Executable public API parity input validated against tests/manifest.yaml.
tests/fixtures/inputs/public-api/ttnameid.TT_MS_LANGID_FRENCH_FRANCE.json	5001	file	f06335d349ad59c3a77ac6c4a56bbcc7a6a4390b66d07d004dc4b30005b23635	-	keep-public-contract	R03	Executable public API parity input validated against tests/manifest.yaml.
tests/fixtures/inputs/public-api/ttnameid.TT_MS_LANGID_FRENCH_HAITI.json	2634	file	eed6939688b8923e6d9b2ed0a1619cbc393d16f6dae2b547d593dac1f8736b98	-	keep-public-contract	R03	Executable public API parity input validated against tests/manifest.yaml.
tests/fixtures/inputs/public-api/ttnameid.TT_MS_LANGID_FRENCH_LUXEMBOURG.json	2682	file	9378004112df6903476f40c45b7a3bcf8f6432d5cae39af244954137dfc1dc4e	-	keep-public-contract	R03	Executable public API parity input validated against tests/manifest.yaml.
tests/fixtures/inputs/public-api/ttnameid.TT_MS_LANGID_FRENCH_MALI.json	2624	file	0e5239c6f2e075f1dc00874c9f72c0a7834bf6af6174e4c927b8b8d2fbc05dfb	-	keep-public-contract	R03	Executable public API parity input validated against tests/manifest.yaml.
tests/fixtures/inputs/public-api/ttnameid.TT_MS_LANGID_FRENCH_MONACO.json	2642	file	8419cd7e0bab532598364139bf5298bcf18c38d700600c4aa7227fb4b06d809e	-	keep-public-contract	R03	Executable public API parity input validated against tests/manifest.yaml.
tests/fixtures/inputs/public-api/ttnameid.TT_MS_LANGID_FRENCH_MOROCCO.json	2654	file	04d77346c43c6af6b223e87cbe4dbc3d227814e50ae185b1b0b907d1d29eb492	-	keep-public-contract	R03	Executable public API parity input validated against tests/manifest.yaml.
tests/fixtures/inputs/public-api/ttnameid.TT_MS_LANGID_FRENCH_NORTH_AFRICA.json	2844	file	9cbc347c45040fc80b850f38b893404603d6f43a2b66331aa93254cf55fc619b	-	keep-public-contract	R03	Executable public API parity input validated against tests/manifest.yaml.
tests/fixtures/inputs/public-api/ttnameid.TT_MS_LANGID_FRENCH_REUNION.json	2704	file	9c2e1a9b2df0bee756a8860e3fe0c315adf2aaec77a84cf4bfb2a05425566e99	-	keep-public-contract	R03	Executable public API parity input validated against tests/manifest.yaml.
tests/fixtures/inputs/public-api/ttnameid.TT_MS_LANGID_FRENCH_SENEGAL.json	5029	file	f483fffd4b6fe8f42489f2bb1de5d626bd53f747bf73737054cf821824e387e8	-	keep-public-contract	R03	Executable public API parity input validated against tests/manifest.yaml.
tests/fixtures/inputs/public-api/ttnameid.TT_MS_LANGID_FRENCH_SWITZERLAND.json	5038	file	7ed389ce0f891f8fa921de4031203ab90dbb9355c4efced97dd69d3360ae6940	-	keep-public-contract	R03	Executable public API parity input validated against tests/manifest.yaml.
tests/fixtures/inputs/public-api/ttnameid.TT_MS_LANGID_FRENCH_WEST_INDIES.json	2744	file	090a28fe41faee4a74e25fc704497612c01154d94d11187a668478b5c95befa1	-	keep-public-contract	R03	Executable public API parity input validated against tests/manifest.yaml.
tests/fixtures/inputs/public-api/ttnameid.TT_MS_LANGID_FRENCH_ZAIRE.json	3988	file	4f22a39af045350f4ea6c163624adee3c28f6498e1e1dc547c1d72f3c1b3c32c	-	keep-public-contract	R03	Executable public API parity input validated against tests/manifest.yaml.
tests/fixtures/inputs/public-api/ttnameid.TT_MS_LANGID_FRISIAN_NETHERLANDS.json	2698	file	a7325b7d8c75cd913bd5b3824fdea29b10064e83af667fa4ff016a191ec9cdc2	-	keep-public-contract	R03	Executable public API parity input validated against tests/manifest.yaml.
tests/fixtures/inputs/public-api/ttnameid.TT_MS_LANGID_FULFULDE_NIGERIA.json	2668	file	11bb27f6067ecc24a1af781ab0873a0653fbc991fb37fd437522b18eb92dba7d	-	keep-public-contract	R03	Executable public API parity input validated against tests/manifest.yaml.
tests/fixtures/inputs/public-api/ttnameid.TT_MS_LANGID_GALICIAN_GALICIAN.json	4993	file	89a2e68ca263091258f85bfbb346be6d64eda6db198d3f7fb8c4b3935f9b8200	-	keep-public-contract	R03	Executable public API parity input validated against tests/manifest.yaml.
tests/fixtures/inputs/public-api/ttnameid.TT_MS_LANGID_GALICIAN_SPAIN.json	4147	file	c70c1222d876a0b1f7d52cd809ad657844b675eaffbc76d1b1c23144ae3af817	-	keep-public-contract	R03	Executable public API parity input validated against tests/manifest.yaml.
tests/fixtures/inputs/public-api/ttnameid.TT_MS_LANGID_GEORGIAN_GEORGIA.json	4980	file	723e071177dca904cbfcc5fdb06deebf4db7fded6f42f5e47d128605836a945d	-	keep-public-contract	R03	Executable public API parity input validated against tests/manifest.yaml.
tests/fixtures/inputs/public-api/ttnameid.TT_MS_LANGID_GERMAN_AUSTRIA.json	4974	file	71b0838bb7f066ba43c423551ed7f357a8e813cd924661ce01d7d919bb387fb1	-	keep-public-contract	R03	Executable public API parity input validated against tests/manifest.yaml.
tests/fixtures/inputs/public-api/ttnameid.TT_MS_LANGID_GERMAN_GERMANY.json	4974	file	229dd7b48fd02d6b10485afeb9838b01b484604e625ed603d35827dffedf7554	-	keep-public-contract	R03	Executable public API parity input validated against tests/manifest.yaml.
tests/fixtures/inputs/public-api/ttnameid.TT_MS_LANGID_GERMAN_LIECHTENSTEI.json	4243	file	5da6693d8919b0ae72f0b993d8b65f7f0ac910d9d345b6771da11f6238b796f0	-	keep-public-contract	R03	Executable public API parity input validated against tests/manifest.yaml.
tests/fixtures/inputs/public-api/ttnameid.TT_MS_LANGID_GERMAN_LIECHTENSTEIN.json	2675	file	0cc3693192ab862c16278ce40130a681a40d728fa7780dc318951b393ed9887b	-	keep-public-contract	R03	Executable public API parity input validated against tests/manifest.yaml.
tests/fixtures/inputs/public-api/ttnameid.TT_MS_LANGID_GERMAN_LUXEMBOURG.json	2642	file	8fd20095422a4e6d1fcac97a8a2b39eadbb626ef9b5a800070c34c1cd470d5e0	-	keep-public-contract	R03	Executable public API parity input validated against tests/manifest.yaml.
tests/fixtures/inputs/public-api/ttnameid.TT_MS_LANGID_GERMAN_SWITZERLAND.json	4706	file	3596f1483789f8337bec1c05868fcd1da86d063d2b7668d0d0b99bf27739264c	-	keep-public-contract	R03	Executable public API parity input validated against tests/manifest.yaml.
tests/fixtures/inputs/public-api/ttnameid.TT_MS_LANGID_GREEK_GREECE.json	4486	file	08c4123b9fceac5189746d5ec4a400e4373cc01d2894b50ccab3945504937686	-	keep-public-contract	R03	Executable public API parity input validated against tests/manifest.yaml.
tests/fixtures/inputs/public-api/ttnameid.TT_MS_LANGID_GREENLANDIC_GREENLAND.json	2686	file	2528d740b0e9d7a941405f7578e233bc3b5d4c1c72a2bd17b050dfe7ace0d60c	-	keep-public-contract	R03	Executable public API parity input validated against tests/manifest.yaml.
tests/fixtures/inputs/public-api/ttnameid.TT_MS_LANGID_GUARANI_PARAGUAY.json	2605	file	edbe279080db7c654c0ac39e21726265db7747c4302e9716310a365162ad6c7d	-	keep-public-contract	R03	Executable public API parity input validated against tests/manifest.yaml.
tests/fixtures/inputs/public-api/ttnameid.TT_MS_LANGID_GUJARATI_INDIA.json	4526	file	cfac971ce0e634483305b8d8088155f2a851cadd7f340d481d90be72f94e4221	-	keep-public-contract	R03	Executable public API parity input validated against tests/manifest.yaml.
tests/fixtures/inputs/public-api/ttnameid.TT_MS_LANGID_HAUSA_NIGERIA.json	2598	file	f0dd15868ff6dc9577be1faf80b02890ce83a51ef99be8fc31bca5f0b9e9f231	-	keep-public-contract	R03	Executable public API parity input validated against tests/manifest.yaml.
tests/fixtures/inputs/public-api/ttnameid.TT_MS_LANGID_HAWAIIAN_UNITED_STATES.json	2671	file	decfca23338a9f431e26788bc15932a08dbc9ca26ab72bcc91fc44d8fb527a02	-	keep-public-contract	R03	Executable public API parity input validated against tests/manifest.yaml.
tests/fixtures/inputs/public-api/ttnameid.TT_MS_LANGID_HEBREW_ISRAEL.json	4532	file	0479c02fca86ab876f2ec71a4b329350e218f71e92f5c9239e14306802a49c03	-	keep-public-contract	R03	Executable public API parity input validated against tests/manifest.yaml.
tests/fixtures/inputs/public-api/ttnameid.TT_MS_LANGID_HINDI_INDIA.json	4936	file	f54da3ceb6c5a219c937ee8d033d3630e9086c0ea0347eed8ce347cad25c7588	-	keep-public-contract	R03	Executable public API parity input validated against tests/manifest.yaml.
tests/fixtures/inputs/public-api/ttnameid.TT_MS_LANGID_HUNGARIAN_HUNGARY.json	2732	file	a81dc0ef537dfdff8799da622849cd90c6ddd6df9676de5a41c55cf8aeb8e2ce	-	keep-public-contract	R03	Executable public API parity input validated against tests/manifest.yaml.
tests/fixtures/inputs/public-api/ttnameid.TT_MS_LANGID_IBIBIO_NIGERIA.json	2709	file	9b5450777aec38f9aa2fab6a480af1e15e445d38ce2f992a199e2ee22d477c1f	-	keep-public-contract	R03	Executable public API parity input validated against tests/manifest.yaml.
tests/fixtures/inputs/public-api/ttnameid.TT_MS_LANGID_ICELANDIC_ICELAND.json	2732	file	46d17507f5b246a928cc57505fd5eaa95ea2bf3b16ebd6a2d5f9387085234fc1	-	keep-public-contract	R03	Executable public API parity input validated against tests/manifest.yaml.
tests/fixtures/inputs/public-api/ttnameid.TT_MS_LANGID_IGBO_NIGERIA.json	2672	file	515e7b05bdd07565beebaeed93f0ae6d4f10d3803b9f72011eacd04afbe586e8	-	keep-public-contract	R03	Executable public API parity input validated against tests/manifest.yaml.
tests/fixtures/inputs/public-api/ttnameid.TT_MS_LANGID_INDONESIAN_INDONESIA.json	2768	file	994ae6f82aa4d8218a2002dfa514003783afff81123c08a6a84dffffce78a3a6	-	keep-public-contract	R03	Executable public API parity input validated against tests/manifest.yaml.
tests/fixtures/inputs/public-api/ttnameid.TT_MS_LANGID_INUKTITUT_CANADA.json	5142	file	8d305f666e1c388e7efbdccb13b706b534cf16b86353848255f2f3e169c15942	-	keep-public-contract	R03	Executable public API parity input validated against tests/manifest.yaml.
tests/fixtures/inputs/public-api/ttnameid.TT_MS_LANGID_INUKTITUT_CANADA_LATIN.json	5203	file	6545001b3cb6508be9ccbf544d5cb7ab9fdc96f99eba2dec4c1d6bdf565f85de	-	keep-public-contract	R03	Executable public API parity input validated against tests/manifest.yaml.
tests/fixtures/inputs/public-api/ttnameid.TT_MS_LANGID_IRISH_GAELIC_IRELAND.json	6137	file	3e1e180bb015f6be03ce62e2d343df08af3af083e1a5ad63c213960bc64ad685	-	keep-public-contract	R03	Executable public API parity input validated against tests/manifest.yaml.
tests/fixtures/inputs/public-api/ttnameid.TT_MS_LANGID_IRISH_IRELAND.json	5169	file	14451c2dfd80071496ce4988ec87d1307d69120bc97b60f7e983be33f1ec203e	-	keep-public-contract	R03	Executable public API parity input validated against tests/manifest.yaml.
tests/fixtures/inputs/public-api/ttnameid.TT_MS_LANGID_ISIXHOSA_SOUTH_AFRICA.json	7363	file	db7058a9ec9e50c7f85024523a36780ea32a1ecd717e5532abe1d6988833d8a8	-	keep-public-contract	R03	Executable public API parity input validated against tests/manifest.yaml.
tests/fixtures/inputs/public-api/ttnameid.TT_MS_LANGID_ISIZULU_SOUTH_AFRICA.json	7350	file	7382afe60b902b47b7d3ca6bbd2612406bd3ec020509674057e5ebb5cdb6ba97	-	keep-public-contract	R03	Executable public API parity input validated against tests/manifest.yaml.
tests/fixtures/inputs/public-api/ttnameid.TT_MS_LANGID_ITALIAN_ITALY.json	7259	file	81d172bb4417752071803540b00361c362f5bfbfc744dff92d9109b9b0a236b3	-	keep-public-contract	R03	Executable public API parity input validated against tests/manifest.yaml.
tests/fixtures/inputs/public-api/ttnameid.TT_MS_LANGID_ITALIAN_SWITZERLAND.json	4098	file	bf1f6bf78c02ed3d01e29ebc4bb3b1642c22c39bc5cfb724e9946bd8bae912c5	-	keep-public-contract	R03	Executable public API parity input validated against tests/manifest.yaml.
tests/fixtures/inputs/public-api/ttnameid.TT_MS_LANGID_JAPANESE_JAPAN.json	7272	file	62797d640cde91197226d5fa4f2338b0f9a1ad47d316ad482d070ed1c5fef987	-	keep-public-contract	R03	Executable public API parity input validated against tests/manifest.yaml.
tests/fixtures/inputs/public-api/ttnameid.TT_MS_LANGID_KANNADA_INDIA.json	7259	file	67a0a0d3ee86a533c48b1bd8864a60f44826a97f5b457c2fe1e45094cf1b3449	-	keep-public-contract	R03	Executable public API parity input validated against tests/manifest.yaml.
tests/fixtures/inputs/public-api/ttnameid.TT_MS_LANGID_KANURI_NIGERIA.json	4048	file	0613171f39d8fd2b751be185e1b6a2cf72d25e17c600c11b13abd1d2f81cd822	-	keep-public-contract	R03	Executable public API parity input validated against tests/manifest.yaml.
tests/fixtures/inputs/public-api/ttnameid.TT_MS_LANGID_KASHMIRI_INDIA.json	5954	file	5325c652be7ea3331ba0566fa0aaf8dd9e2dc62b51626bbd357dfba0871fbfff	-	keep-public-contract	R03	Executable public API parity input validated against tests/manifest.yaml.
tests/fixtures/inputs/public-api/ttnameid.TT_MS_LANGID_KASHMIRI_PAKISTAN.json	7311	file	1de017b45fc896518b9d3dd206e1bc8455983c0d82be662f30bd63364e5f4019	-	keep-public-contract	R03	Executable public API parity input validated against tests/manifest.yaml.
tests/fixtures/inputs/public-api/ttnameid.TT_MS_LANGID_KASHMIRI_SASIA.json	4048	file	07f476449d5cd4ffc13f9a273edf0a884f06f547ceff2bf3bcd9e7288dbbe6e5	-	keep-public-contract	R03	Executable public API parity input validated against tests/manifest.yaml.
tests/fixtures/inputs/public-api/ttnameid.TT_MS_LANGID_KAZAKH_KAZAKHSTAN.json	7311	file	b6fb3a01e8401360f30897d6de7b429b1f2aa863384794f11858aca563fc3604	-	keep-public-contract	R03	Executable public API parity input validated against tests/manifest.yaml.
tests/fixtures/inputs/public-api/ttnameid.TT_MS_LANGID_KAZAK_KAZAKSTAN.json	5983	file	8b89f87316906c7c4fb2405db43438230146e47f92fd7e6c196a10ce65717d22	-	keep-public-contract	R03	Executable public API parity input validated against tests/manifest.yaml.
tests/fixtures/inputs/public-api/ttnameid.TT_MS_LANGID_KHMER_CAMBODIA.json	7272	file	363a008e8e31abffcfe155f79a727872d6bcc424f2cac1332a81749b81bbbdef	-	keep-public-contract	R03	Executable public API parity input validated against tests/manifest.yaml.
tests/fixtures/inputs/public-api/ttnameid.TT_MS_LANGID_KICHE_GUATEMALA.json	4058	file	465b6e47d936e9f8b5354a1b531907cc6ac873ec2d9929c617828b255daa7e1f	-	keep-public-contract	R03	Executable public API parity input validated against tests/manifest.yaml.
tests/fixtures/inputs/public-api/ttnameid.TT_MS_LANGID_KINYARWANDA_RWANDA.json	4088	file	5829d78a8a71b13bab25e748736022b1f6ea8a58b5c0f9516de5908de2ae154e	-	keep-public-contract	R03	Executable public API parity input validated against tests/manifest.yaml.
tests/fixtures/inputs/public-api/ttnameid.TT_MS_LANGID_KIRGHIZ_KIRGHIZSTAN.json	6039	file	83b0da605887cd777653a1e0d351fa4416042bec224b3b5483caa109b0c9a333	-	keep-public-contract	R03	Executable public API parity input validated against tests/manifest.yaml.
tests/fixtures/inputs/public-api/ttnameid.TT_MS_LANGID_KIRGHIZ_KIRGHIZ_REPUBLIC.json	6109	file	1fa1bd384c40d4757d5d0f128a157ca0bdd439d667443042128d4e226d5f3347	-	keep-public-contract	R03	Executable public API parity input validated against tests/manifest.yaml.
tests/fixtures/inputs/public-api/ttnameid.TT_MS_LANGID_KISWAHILI_KENYA.json	4058	file	29d39a1d1c20aba9873c067d084e5e78e0b7fec3a2a2df6a2634acfd5f827371	-	keep-public-contract	R03	Executable public API parity input validated against tests/manifest.yaml.
tests/fixtures/inputs/public-api/ttnameid.TT_MS_LANGID_KONKANI_INDIA.json	4038	file	9cd3e77f06fbb0c3f8c1d6e1c4ed6d5e16da816cb11a3e9288a999787df1e278	-	keep-public-contract	R03	Executable public API parity input validated against tests/manifest.yaml.
tests/fixtures/inputs/public-api/ttnameid.TT_MS_LANGID_KOREAN_EXTENDED_WANSUNG_KOREA.json	6154	file	13f5799dad5271c8778733756725c2d3083821e766853da0210ab57263a3e0f4	-	keep-public-contract	R03	Executable public API parity input validated against tests/manifest.yaml.
tests/fixtures/inputs/public-api/ttnameid.TT_MS_LANGID_KOREAN_JOHAB_KOREA.json	4119	file	8f8d2ee579a351b4861818936175edcd79ad8d205ff67fc4e61d414cd9bf8772	-	keep-public-contract	R03	Executable public API parity input validated against tests/manifest.yaml.
tests/fixtures/inputs/public-api/ttnameid.TT_MS_LANGID_KOREAN_KOREA.json	7564	file	f7fa2752c6ba95df59a65bbf0e0231a819ea8240cca7c8f39147fe103b87d5e8	-	keep-public-contract	R03	Executable public API parity input validated against tests/manifest.yaml.
tests/fixtures/inputs/public-api/ttnameid.TT_MS_LANGID_KYRGYZ_KYRGYZSTAN.json	4109	file	4c93bc351b16ae1e42a11ba344fa8cc0066eb552e0d2bddd032aa9f17b250bd2	-	keep-public-contract	R03	Executable public API parity input validated against tests/manifest.yaml.
tests/fixtures/inputs/public-api/ttnameid.TT_MS_LANGID_LAO_LAOS.json	4001	file	5142b853a6fa68422546004672f86f6dee5f188b545f06607312fdb945a9b65f	-	keep-public-contract	R03	Executable public API parity input validated against tests/manifest.yaml.
tests/fixtures/inputs/public-api/ttnameid.TT_MS_LANGID_LATIN.json	3963	file	ad9a6f5dad3c3aefea0aa2c90ee9adb279b7b355f6e64964a8ce6de73c2bd7f7	-	keep-public-contract	R03	Executable public API parity input validated against tests/manifest.yaml.
tests/fixtures/inputs/public-api/ttnameid.TT_MS_LANGID_LATVIAN_LATVIA.json	7599	file	30c25b0c43da8a2d0c5f67acf2ba49a063216561a404b579b3d038e49c646d71	-	keep-public-contract	R03	Executable public API parity input validated against tests/manifest.yaml.
tests/fixtures/inputs/public-api/ttnameid.TT_MS_LANGID_LITHUANIAN_LITHUANIA.json	7704	file	3015bcee1c8ca596ff30f64f0286126fc51cad16478163be1b53e7e3000227ec	-	keep-public-contract	R03	Executable public API parity input validated against tests/manifest.yaml.
tests/fixtures/inputs/public-api/ttnameid.TT_MS_LANGID_LOWER_SORBIAN_GERMANY.json	4157	file	a9b18f5de690b988169ecce8e9cfe1a91aea166ca167ca24dfd5333181914e85	-	keep-public-contract	R03	Executable public API parity input validated against tests/manifest.yaml.
tests/fixtures/inputs/public-api/ttnameid.TT_MS_LANGID_LUXEMBOURGISH_LUXEMBOURG.json	4193	file	2226682c62a107bc5bcb7391afa1092c48651bdc03948ebac6007d1be7b6b9bb	-	keep-public-contract	R03	Executable public API parity input validated against tests/manifest.yaml.
tests/fixtures/inputs/public-api/ttnameid.TT_MS_LANGID_MACEDONIAN_MACEDONIA.json	4145	file	56f5505a0423af2891b133c309f508ed032689fafa3baa4bd53400f94f1b8872	-	keep-public-contract	R03	Executable public API parity input validated against tests/manifest.yaml.
tests/fixtures/inputs/public-api/ttnameid.TT_MS_LANGID_MALAYALAM_INDIA.json	7621	file	d3a29e8ee31d5925b8e358e1ee2cedab787f1a81e455e1ee168dc579b4477f0f	-	keep-public-contract	R03	Executable public API parity input validated against tests/manifest.yaml.
tests/fixtures/inputs/public-api/ttnameid.TT_MS_LANGID_MALAY_BRUNEI_DARUSSALAM.json	4181	file	95506a207979fc85b93a246770c48756b68eabe2b6d5a5cacda6bc4e9b288c0b	-	keep-public-contract	R03	Executable public API parity input validated against tests/manifest.yaml.
tests/fixtures/inputs/public-api/ttnameid.TT_MS_LANGID_MALAY_MALAYSIA.json	7593	file	d1b425d146f31c077d38590ba5081a90ad07cbc3cb26264911f899c62e0d07e1	-	keep-public-contract	R03	Executable public API parity input validated against tests/manifest.yaml.
tests/fixtures/inputs/public-api/ttnameid.TT_MS_LANGID_MALTESE_MALTA.json	4061	file	9b684dc34e1aceb6ec973c40f51300f3e24039a352e71d1651aac1b75309b31a	-	keep-public-contract	R03	Executable public API parity input validated against tests/manifest.yaml.
tests/fixtures/inputs/public-api/ttnameid.TT_MS_LANGID_MANIPURI_INDIA.json	7600	file	d213f908972c34689c36bf12f7949bbb7010076a2cb36c7f7a1955f134a99559	-	keep-public-contract	R03	Executable public API parity input validated against tests/manifest.yaml.
tests/fixtures/inputs/public-api/ttnameid.TT_MS_LANGID_MAORI_NEW_ZEALAND.json	4109	file	5d088e75196e44733a774e4f1f2f5ff9a17ecd2b0922d9e6ea3779b383f84dd6	-	keep-public-contract	R03	Executable public API parity input validated against tests/manifest.yaml.
tests/fixtures/inputs/public-api/ttnameid.TT_MS_LANGID_MAPUDUNGUN_CHILE.json	4097	file	afbab6910b08bb5ef453e98e9f9e1a800aff983b7af29292d208a9310bf28c14	-	keep-public-contract	R03	Executable public API parity input validated against tests/manifest.yaml.
tests/fixtures/inputs/public-api/ttnameid.TT_MS_LANGID_MARATHI_INDIA.json	7583	file	55ebaede6f8bb8e34a2a88c4098e566e5cc68e145a16ec6368043055da1f2a88	-	keep-public-contract	R03	Executable public API parity input validated against tests/manifest.yaml.
tests/fixtures/inputs/public-api/ttnameid.TT_MS_LANGID_MOHAWK_MOHAWK.json	4061	file	26dfda2b812287a572aeb35ebac70c974165632698b21eea7ab262e89974f329	-	keep-public-contract	R03	Executable public API parity input validated against tests/manifest.yaml.
tests/fixtures/inputs/public-api/ttnameid.TT_MS_LANGID_MOLDAVIAN_MOLDAVIA.json	7667	file	3ca5dd665061c6f37347747dae1ebb5a707fadb513b1bba3310e827f72bc6170	-	keep-public-contract	R03	Executable public API parity input validated against tests/manifest.yaml.
tests/fixtures/inputs/public-api/ttnameid.TT_MS_LANGID_MONGOLIAN_MONGOLIA.json	8367	file	3f54e3005d123302c007c096afb0f4d59b56f0210c473435023df44b67f6553c	-	keep-public-contract	R03	Executable public API parity input validated against tests/manifest.yaml.
tests/fixtures/inputs/public-api/ttnameid.TT_MS_LANGID_MONGOLIAN_MONGOLIA_MONGOLIAN.json	7064	file	12e7a70358f31dcf6dcd456e1ca63e87e06c07d83e13222b055632e7ae41bf20	-	keep-public-contract	R03	Executable public API parity input validated against tests/manifest.yaml.
tests/fixtures/inputs/public-api/ttnameid.TT_MS_LANGID_MONGOLIAN_PRC.json	8277	file	6a95db9d179ad69ac162d49585f2c57ba2ea615ff989cbfa4aa53724b5f183c1	-	keep-public-contract	R03	Executable public API parity input validated against tests/manifest.yaml.
tests/fixtures/inputs/public-api/ttnameid.TT_MS_LANGID_NEPALI_INDIA.json	8235	file	a621aa9759283bb1f950409146c2ff9d0d8059e9b491478512fc307c8dcdc6b5	-	keep-public-contract	R03	Executable public API parity input validated against tests/manifest.yaml.
tests/fixtures/inputs/public-api/ttnameid.TT_MS_LANGID_NEPALI_NEPAL.json	8235	file	db544c2a48f3f0476b77bbad2aa38731236f54600ef427889bf8dbb475afa787	-	keep-public-contract	R03	Executable public API parity input validated against tests/manifest.yaml.
tests/fixtures/inputs/public-api/ttnameid.TT_MS_LANGID_NORWEGIAN_NORWAY_BOKMAL.json	8363	file	4b1dc6fe2391d0b039bf194ab24995f04cc4cc5a2752e2b1c7beb99fde2a2f3c	-	keep-public-contract	R03	Executable public API parity input validated against tests/manifest.yaml.
tests/fixtures/inputs/public-api/ttnameid.TT_MS_LANGID_NORWEGIAN_NORWAY_NYNORSK.json	4746	file	9da92e918334aaa49c9ceaf98a6909f84a0735dfa434ccebf2157c64fc2995b1	-	keep-public-contract	R03	Executable public API parity input validated against tests/manifest.yaml.
tests/fixtures/inputs/public-api/ttnameid.TT_MS_LANGID_OCCITAN_FRANCE.json	4626	file	f990fb5d3c0395118209f2298424f52a4e185f60951ccbee61dffba691f00857	-	keep-public-contract	R03	Executable public API parity input validated against tests/manifest.yaml.
tests/fixtures/inputs/public-api/ttnameid.TT_MS_LANGID_ODIA_INDIA.json	8147	file	767f9065f1de55c380f247986922f9988a96006721079328a4ef405e478a3381	-	keep-public-contract	R03	Executable public API parity input validated against tests/manifest.yaml.
tests/fixtures/inputs/public-api/ttnameid.TT_MS_LANGID_ORIYA_INDIA.json	6761	file	0750b88d6cbf90a4e444b4a00ff4ab1da30a6ea9e619f737ea3a260b78c10829	-	keep-public-contract	R03	Executable public API parity input validated against tests/manifest.yaml.
tests/fixtures/inputs/public-api/ttnameid.TT_MS_LANGID_OROMO_ETHIOPIA.json	4626	file	9166d060bba24aa52bbf67296be07c038233c47c3b4f428fe541786ee00a458b	-	keep-public-contract	R03	Executable public API parity input validated against tests/manifest.yaml.
tests/fixtures/inputs/public-api/ttnameid.TT_MS_LANGID_PAPIAMENTU_NETHERLANDS_ANTILLES.json	4830	file	e7e4d35677bf74328ec493c607c294e67ad9a4029d148f5a97bc8209be7e0a6f	-	keep-public-contract	R03	Executable public API parity input validated against tests/manifest.yaml.
tests/fixtures/inputs/public-api/ttnameid.TT_MS_LANGID_PASHTO_AFGHANISTAN.json	8305	file	841871310468f1c62fcaee3ae69711cac569c666baab85fb79be2e4d615d8761	-	keep-public-contract	R03	Executable public API parity input validated against tests/manifest.yaml.
tests/fixtures/inputs/public-api/ttnameid.TT_MS_LANGID_POLISH_POLAND.json	8243	file	eeedbbdbf92f24ab1db08707697ec735f75862d7e111d8af516e7f2bfc074e7a	-	keep-public-contract	R03	Executable public API parity input validated against tests/manifest.yaml.
tests/fixtures/inputs/public-api/ttnameid.TT_MS_LANGID_PORTUGUESE_BRAZIL.json	8271	file	23cc2869f751adeffa590ef50a627208cc70eb0b78e928607c30b51df394d679	-	keep-public-contract	R03	Executable public API parity input validated against tests/manifest.yaml.
tests/fixtures/inputs/public-api/ttnameid.TT_MS_LANGID_PORTUGUESE_PORTUGAL.json	8311	file	17bcce2aa0f127cfd542f7ca26a25bb835bc61952f7a80993f9fe1e7f106c600	-	keep-public-contract	R03	Executable public API parity input validated against tests/manifest.yaml.
tests/fixtures/inputs/public-api/ttnameid.TT_MS_LANGID_PUNJABI_ARABIC_PAKISTAN.json	8403	file	4c5b4588fdb12f51c244e51f343d56b53faaa3a01e5835f989affd36ee197221	-	keep-public-contract	R03	Executable public API parity input validated against tests/manifest.yaml.
tests/fixtures/inputs/public-api/ttnameid.TT_MS_LANGID_PUNJABI_INDIA.json	8259	file	0dc75ea63a4b159954306426b60c0e305b3f9e8a10266547a27143d04aa99e51	-	keep-public-contract	R03	Executable public API parity input validated against tests/manifest.yaml.
tests/fixtures/inputs/public-api/ttnameid.TT_MS_LANGID_QUECHUA_BOLIVIA.json	8231	file	3fed9451cb19797935f3a2a25115cced1f6b0df8c548f16274f0d701461a97da	-	keep-public-contract	R03	Executable public API parity input validated against tests/manifest.yaml.
tests/fixtures/inputs/public-api/ttnameid.TT_MS_LANGID_QUECHUA_ECUADOR.json	4638	file	d1eecb4869e9dc8672f553f9e5d9e02bafa142f7e753b41b5a8a0f2a01ec231a	-	keep-public-contract	R03	Executable public API parity input validated against tests/manifest.yaml.
tests/fixtures/inputs/public-api/ttnameid.TT_MS_LANGID_QUECHUA_PERU.json	5163	file	54f57a60b4d6282f257a40e564babae667f172daf9b0f6be28207448e26878dd	-	keep-public-contract	R03	Executable public API parity input validated against tests/manifest.yaml.
tests/fixtures/inputs/public-api/ttnameid.TT_MS_LANGID_RHAETO_ROMANIC_SWITZERLAND.json	3864	file	264be0e9ef68f364b5a077591df63d001d039a080c02fb8677a5bc188d838cf7	-	keep-public-contract	R03	Executable public API parity input validated against tests/manifest.yaml.
tests/fixtures/inputs/public-api/ttnameid.TT_MS_LANGID_ROMANIAN_ROMANIA.json	5106	file	195351f0393e4422859dc66b252f18448129623342ac86227a9214fcccaf7494	-	keep-public-contract	R03	Executable public API parity input validated against tests/manifest.yaml.
tests/fixtures/inputs/public-api/ttnameid.TT_MS_LANGID_ROMANSH_SWITZERLAND.json	5143	file	0a861f581a2677f3a1f1d8b05ab39f7b7665bf41fb98a7a15ffeef506632c625	-	keep-public-contract	R03	Executable public API parity input validated against tests/manifest.yaml.
tests/fixtures/inputs/public-api/ttnameid.TT_MS_LANGID_RUSSIAN_MOLDAVIA.json	2957	file	f2b6031b1f9f9ef5a523ab862de89a102f657e6196783efcbfc499976352a797	-	keep-public-contract	R03	Executable public API parity input validated against tests/manifest.yaml.
tests/fixtures/inputs/public-api/ttnameid.TT_MS_LANGID_RUSSIAN_RUSSIA.json	5073	file	ea875596d4e71843cb929f75ff17450d62b8490973833049706edd0dc1ff6e6b	-	keep-public-contract	R03	Executable public API parity input validated against tests/manifest.yaml.
tests/fixtures/inputs/public-api/ttnameid.TT_MS_LANGID_SAAMI_LAPONIA.json	5449	file	324dc202421542f7fc94e92709c59b2a22283e46471d29dc157418bd77f74261	-	keep-public-contract	R03	Executable public API parity input validated against tests/manifest.yaml.
tests/fixtures/inputs/public-api/ttnameid.TT_MS_LANGID_SAMI_INARI_FINLAND.json	2812	file	765dd59b9fc2601e5e973aef4f003c9689b74e9c5caef3db8222a7b122387be9	-	keep-public-contract	R03	Executable public API parity input validated against tests/manifest.yaml.
tests/fixtures/inputs/public-api/ttnameid.TT_MS_LANGID_SAMI_LULE_NORWAY.json	2792	file	ae3308fdd3eeb816518912f23b193194d71a63feeb0cb3f9b6c04377e6a47851	-	keep-public-contract	R03	Executable public API parity input validated against tests/manifest.yaml.
tests/fixtures/inputs/public-api/ttnameid.TT_MS_LANGID_SAMI_LULE_SWEDEN.json	2792	file	a3e8978c6d769c8f9ece7b845d3f0d8616ce93a5ea9773eb82a5e29151a6f873	-	keep-public-contract	R03	Executable public API parity input validated against tests/manifest.yaml.
tests/fixtures/inputs/public-api/ttnameid.TT_MS_LANGID_SAMI_NORTHERN_FINLAND.json	2842	file	f92e4006265245d26b93ad1dff63ad73b18161f69de8705224efe73776977d91	-	keep-public-contract	R03	Executable public API parity input validated against tests/manifest.yaml.
tests/fixtures/inputs/public-api/ttnameid.TT_MS_LANGID_SAMI_NORTHERN_NORWAY.json	5187	file	cb7be05507571991a2f972ef15c32bd030e10874812c725d2dfbbfedca64b758	-	keep-public-contract	R03	Executable public API parity input validated against tests/manifest.yaml.
tests/fixtures/inputs/public-api/ttnameid.TT_MS_LANGID_SAMI_NORTHERN_SWEDEN.json	2832	file	b4de361fca88339d0d295f8535ef358681482560e9bc2a5931747dbec8dc4958	-	keep-public-contract	R03	Executable public API parity input validated against tests/manifest.yaml.
tests/fixtures/inputs/public-api/ttnameid.TT_MS_LANGID_SAMI_SKOLT_FINLAND.json	2812	file	3b84b1bc8a2cbaf7d73cca8c165e568a4c9126bd240e3796117eda4924845f51	-	keep-public-contract	R03	Executable public API parity input validated against tests/manifest.yaml.
tests/fixtures/inputs/public-api/ttnameid.TT_MS_LANGID_SAMI_SOUTHERN_NORWAY.json	2832	file	5804cafc39675f1020bf52f01cbcfe40ee692f3e328931651bf49270af42f646	-	keep-public-contract	R03	Executable public API parity input validated against tests/manifest.yaml.
tests/fixtures/inputs/public-api/ttnameid.TT_MS_LANGID_SAMI_SOUTHERN_SWEDEN.json	2832	file	e261f6c33e9f2e4c72e71e35da2ae0cc7de00bd0c46b8775ed881d8913847245	-	keep-public-contract	R03	Executable public API parity input validated against tests/manifest.yaml.
tests/fixtures/inputs/public-api/ttnameid.TT_MS_LANGID_SANSKRIT_INDIA.json	5078	file	67eecc5aa410cf21c57d24b7a71d4b20ca64964608fb7caba5ec7cad0458a35b	-	keep-public-contract	R03	Executable public API parity input validated against tests/manifest.yaml.
tests/fixtures/inputs/public-api/ttnameid.TT_MS_LANGID_SCOTTISH_GAELIC_UNITED_KINGDOM.json	5345	file	6d4924f77071f9d70de3d8803e4295f9ee595ec8189d5bbee1ae7916780f9cd1	-	keep-public-contract	R03	Executable public API parity input validated against tests/manifest.yaml.
tests/fixtures/inputs/public-api/ttnameid.TT_MS_LANGID_SEPEDI_SOUTH_AFRICA.json	3835	file	cadb3462272153726511b23377c7431be041cc25b46915898b65dd2fdea145f2	-	keep-public-contract	R03	Executable public API parity input validated against tests/manifest.yaml.
tests/fixtures/inputs/public-api/ttnameid.TT_MS_LANGID_SERBIAN_BOSNIA_HERZ_CYRILLIC.json	5344	file	1e52b941115e04a6e77ff40e8051d3f042ff2aa2e8eb4fdb3190e9d628de99f0	-	keep-public-contract	R03	Executable public API parity input validated against tests/manifest.yaml.
tests/fixtures/inputs/public-api/ttnameid.TT_MS_LANGID_SERBIAN_BOSNIA_HERZ_LATIN.json	5450	file	dfc098fab00ed12d61c250d35e0dcd4b60e07d0864db8d16110ec91d2b658f1a	-	keep-public-contract	R03	Executable public API parity input validated against tests/manifest.yaml.
tests/fixtures/inputs/public-api/ttnameid.TT_MS_LANGID_SERBIAN_SERBIA_CYRILLIC.json	5251	file	47577d416d7e4ae076a9bc2f20daae81c7bc8aee98617100ea1500ca4211a9a4	-	keep-public-contract	R03	Executable public API parity input validated against tests/manifest.yaml.
tests/fixtures/inputs/public-api/ttnameid.TT_MS_LANGID_SERBIAN_SERBIA_LATIN.json	5192	file	194c326a4838c551cf0c1ba566248c93d0b79aeb7074e2e74501e2893002d424	-	keep-public-contract	R03	Executable public API parity input validated against tests/manifest.yaml.
tests/fixtures/inputs/public-api/ttnameid.TT_MS_LANGID_SESOTHO_SA_LEBOA_SOUTH_AFRICA.json	5312	file	5d7a0fd56ddc0f3aec822aa2f5cfa835c34d95b3a73cca5336634b2c3d71365a	-	keep-public-contract	R03	Executable public API parity input validated against tests/manifest.yaml.
tests/fixtures/inputs/public-api/ttnameid.TT_MS_LANGID_SETSWANA_SOUTH_AFRICA.json	2593	file	4563c8a0c163e1d58210aba59800494b27f8edc139d1de706b2cb9ac1ea10be7	-	keep-public-contract	R03	Executable public API parity input validated against tests/manifest.yaml.
tests/fixtures/inputs/public-api/ttnameid.TT_MS_LANGID_SINDHI_INDIA.json	5086	file	d3cf109a6d6c6766cee2019b61d1be00dbf1dacfde7156f9b94c6ccc9cd13790	-	keep-public-contract	R03	Executable public API parity input validated against tests/manifest.yaml.
tests/fixtures/inputs/public-api/ttnameid.TT_MS_LANGID_SINDHI_PAKISTAN.json	5110	file	0451487faf0acfc99c68f6344772a87458b135b935074c6794e312114384043c	-	keep-public-contract	R03	Executable public API parity input validated against tests/manifest.yaml.
tests/fixtures/inputs/public-api/ttnameid.TT_MS_LANGID_SINHALA_SRI_LANKA.json	5166	file	90abaf5f94824dd005a8dc60b6cf6023c98cabefd66292bd40dd6d35fd8665f4	-	keep-public-contract	R03	Executable public API parity input validated against tests/manifest.yaml.
tests/fixtures/inputs/public-api/ttnameid.TT_MS_LANGID_SINHALESE_SRI_LANKA.json	3850	file	c9c9bdf487958732112a05d5cad1312a8e42593275622c50230f33636c90a6a8	-	keep-public-contract	R03	Executable public API parity input validated against tests/manifest.yaml.
tests/fixtures/inputs/public-api/ttnameid.TT_MS_LANGID_SLOVAK_SLOVAKIA.json	2533	file	a99720ec016f9ae826a5261a3cbe67ad1c65087b86a118d0947b8ec234c68bab	-	keep-public-contract	R03	Executable public API parity input validated against tests/manifest.yaml.
tests/fixtures/inputs/public-api/ttnameid.TT_MS_LANGID_SLOVENE_SLOVENIA.json	3817	file	3f17f64c0b639a330d27ddce2a584c534155df76f81f101a1e3f6c79b3963b4e	-	keep-public-contract	R03	Executable public API parity input validated against tests/manifest.yaml.
tests/fixtures/inputs/public-api/ttnameid.TT_MS_LANGID_SLOVENIAN_SLOVENIA.json	5155	file	217a8d5208222630d0e10fc09c7b501c2dcf59b507019d3e1c6d55245e0822bb	-	keep-public-contract	R03	Executable public API parity input validated against tests/manifest.yaml.
tests/fixtures/inputs/public-api/ttnameid.TT_MS_LANGID_SOMALI_SOMALIA.json	2523	file	9df719ebcd0076a17a7142d3738822f8de27594a03fb81a8a9442cfa42c6b913	-	keep-public-contract	R03	Executable public API parity input validated against tests/manifest.yaml.
tests/fixtures/inputs/public-api/ttnameid.TT_MS_LANGID_SORBIAN_GERMANY.json	3822	file	777aa8658d3bec3e80e2b448a504b9d9c62c4d6632a512495ed1a8aa527a6483	-	keep-public-contract	R03	Executable public API parity input validated against tests/manifest.yaml.
tests/fixtures/inputs/public-api/ttnameid.TT_MS_LANGID_SOTHO_SOUTHERN_SOUTH_AFRICA.json	4026	file	c6ba3df11d61fbf513e2878d04e587b349551612a9379bfd5ec174e173d7755f	-	keep-public-contract	R03	Executable public API parity input validated against tests/manifest.yaml.
tests/fixtures/inputs/public-api/ttnameid.TT_MS_LANGID_SPANISH_ARGENTINA.json	5142	file	012b3dbfa987f44d6650bbe04458ea3e1c656c7a0161ea664271c1bdef514780	-	keep-public-contract	R03	Executable public API parity input validated against tests/manifest.yaml.
tests/fixtures/inputs/public-api/ttnameid.TT_MS_LANGID_SPANISH_BOLIVIA.json	2535	file	ea51e22041ee357df40667dcc19496803698cccf9a85f1ec2aee3e255dc82422	-	keep-public-contract	R03	Executable public API parity input validated against tests/manifest.yaml.
tests/fixtures/inputs/public-api/ttnameid.TT_MS_LANGID_SPANISH_CHILE.json	2515	file	ea3a7ed8e40e9eafa283f6fa1e07a2b2904d580b654657514fce0b7a03d0578a	-	keep-public-contract	R03	Executable public API parity input validated against tests/manifest.yaml.
tests/fixtures/inputs/public-api/ttnameid.TT_MS_LANGID_SPANISH_COLOMBIA.json	2543	file	d85b313c71511a06e05bb062f26a4461165045f3a464582dc1e2560ee31cba90	-	keep-public-contract	R03	Executable public API parity input validated against tests/manifest.yaml.
tests/fixtures/inputs/public-api/ttnameid.TT_MS_LANGID_SPANISH_COSTA_RICA.json	5153	file	ce1d23266f4a26fda7753e52637e34903619f7c18f5cbdad559e0661bd7b8ce1	-	keep-public-contract	R03	Executable public API parity input validated against tests/manifest.yaml.
tests/fixtures/inputs/public-api/ttnameid.TT_MS_LANGID_SPANISH_DOMINICAN_REPUBLIC.json	4675	file	ba2adcc3079377007e51ca023688b794375cc3eefdcc3259c6f66d56603f2876	-	keep-public-contract	R03	Executable public API parity input validated against tests/manifest.yaml.
tests/fixtures/inputs/public-api/ttnameid.TT_MS_LANGID_SPANISH_ECUADOR.json	4535	file	30c2894d350bec934ebee9347ae01bd0d48cb242bb1d4ee03c095ff0d2936a11	-	keep-public-contract	R03	Executable public API parity input validated against tests/manifest.yaml.
tests/fixtures/inputs/public-api/ttnameid.TT_MS_LANGID_SPANISH_EL_SALVADOR.json	4587	file	f1c887b09e660896d9ed35f6bd99200f19ef8463aaf99eb73912ef4cf3c4ce04	-	keep-public-contract	R03	Executable public API parity input validated against tests/manifest.yaml.
tests/fixtures/inputs/public-api/ttnameid.TT_MS_LANGID_SPANISH_GUATEMALA.json	4558	file	7e135cf3784e59650f61e9064505228652a8df5d0931eb58a9e66c81cc031115	-	keep-public-contract	R03	Executable public API parity input validated against tests/manifest.yaml.
tests/fixtures/inputs/public-api/ttnameid.TT_MS_LANGID_SPANISH_HONDURAS.json	4548	file	d92bc9ccb1974c039a4f47e7f9d0e48b28d543b666ccb11a7e7eb3ecde2d223b	-	keep-public-contract	R03	Executable public API parity input validated against tests/manifest.yaml.
tests/fixtures/inputs/public-api/ttnameid.TT_MS_LANGID_SPANISH_LATIN_AMERICA.json	8279	file	34d87e183fb985dbc918cdfc31f0fb39a42b78338693f7d99ecef4d20848bd8e	-	keep-public-contract	R03	Executable public API parity input validated against tests/manifest.yaml.
tests/fixtures/inputs/public-api/ttnameid.TT_MS_LANGID_SPANISH_MEXICO.json	8140	file	5532a851827d7883142b0695b6b5b4c63311d466f47f65be677c16e8a54724a0	-	keep-public-contract	R03	Executable public API parity input validated against tests/manifest.yaml.
tests/fixtures/inputs/public-api/ttnameid.TT_MS_LANGID_SPANISH_NICARAGUA.json	4561	file	21ae7ee9104f9f65ccfd4aa7c1077d940fcac7645ae54cda18933295b4c0c5e9	-	keep-public-contract	R03	Executable public API parity input validated against tests/manifest.yaml.
tests/fixtures/inputs/public-api/ttnameid.TT_MS_LANGID_SPANISH_PANAMA.json	4519	file	bd16a7f823c58052a1695d1e0fdc90d8d854463dbf97ace63c53484bf79db2eb	-	keep-public-contract	R03	Executable public API parity input validated against tests/manifest.yaml.
tests/fixtures/inputs/public-api/ttnameid.TT_MS_LANGID_SPANISH_PARAGUAY.json	4548	file	57e11ab232392a083597cef2ef581d4abcf7f68eecdd2e307cd4175e03c1034b	-	keep-public-contract	R03	Executable public API parity input validated against tests/manifest.yaml.
tests/fixtures/inputs/public-api/ttnameid.TT_MS_LANGID_SPANISH_PERU.json	4496	file	14c6a3f10e28827ba6cc91a6ab90761b976f61f5244512863ed86370ddc60f9c	-	keep-public-contract	R03	Executable public API parity input validated against tests/manifest.yaml.
tests/fixtures/inputs/public-api/ttnameid.TT_MS_LANGID_SPANISH_PUERTO_RICO.json	8239	file	f516bb4ed321d4a4eac4a4e54d44cd3b19b32bb145b44d3a2660b305fd13aed8	-	keep-public-contract	R03	Executable public API parity input validated against tests/manifest.yaml.
tests/fixtures/inputs/public-api/ttnameid.TT_MS_LANGID_SPANISH_SPAIN_INTERNATIONAL_SORT.json	6864	file	c344b392849099a1ed9a0b1f4b0994e45b53452c71f3fb9ec88213f3affb2c22	-	keep-public-contract	R03	Executable public API parity input validated against tests/manifest.yaml.
tests/fixtures/inputs/public-api/ttnameid.TT_MS_LANGID_SPANISH_SPAIN_MODERN_SORT.json	8356	file	c51a841297b05fad45e69e9a8c1ab95938112a2797d2e73bce01f287b950a9b9	-	keep-public-contract	R03	Executable public API parity input validated against tests/manifest.yaml.
tests/fixtures/inputs/public-api/ttnameid.TT_MS_LANGID_SPANISH_SPAIN_TRADITIONAL_SORT.json	8456	file	c561718ef84af0b87059051fc229a783364ac52c4eb18c74550356db0e42805a	-	keep-public-contract	R03	Executable public API parity input validated against tests/manifest.yaml.
tests/fixtures/inputs/public-api/ttnameid.TT_MS_LANGID_SPANISH_UNITED_STATES.json	4613	file	8939fea80f9e76e11d48c8b465f2d5a2b8eab9ac8c496d306892a1308f53d606	-	keep-public-contract	R03	Executable public API parity input validated against tests/manifest.yaml.
tests/fixtures/inputs/public-api/ttnameid.TT_MS_LANGID_SPANISH_URUGUAY.json	4535	file	b05878951b381c9abdfc1b8e49444e04a86a34ea72d4c8aedc6bf0ae64d89009	-	keep-public-contract	R03	Executable public API parity input validated against tests/manifest.yaml.
tests/fixtures/inputs/public-api/ttnameid.TT_MS_LANGID_SPANISH_VENEZUELA.json	4558	file	e77a0244c77b3956ebc800bbe2f299b3d22a62b1e86e878de79f69956b06dcdb	-	keep-public-contract	R03	Executable public API parity input validated against tests/manifest.yaml.
tests/fixtures/inputs/public-api/ttnameid.TT_MS_LANGID_SUTU_SOUTH_AFRICA.json	4558	file	458fcbb59a3de7cb5e5ed8000b4da2caa45a29223e74618ede86e702e46abc86	-	keep-public-contract	R03	Executable public API parity input validated against tests/manifest.yaml.
tests/fixtures/inputs/public-api/ttnameid.TT_MS_LANGID_SWAHILI_KENYA.json	10132	file	f94d4f8c293e0e71e5dcf90d42e6325e978176b558f50c9631c6a9c8496f0a9d	-	keep-public-contract	R03	Executable public API parity input validated against tests/manifest.yaml.
tests/fixtures/inputs/public-api/ttnameid.TT_MS_LANGID_SWEDISH_FINLAND.json	4142	file	c0d97bfabb7a7cbad48c90b3605e4ca7f5ab7ec61f398143edea591835b2977e	-	keep-public-contract	R03	Executable public API parity input validated against tests/manifest.yaml.
tests/fixtures/inputs/public-api/ttnameid.TT_MS_LANGID_SWEDISH_SWEDEN.json	4126	file	2cd4d8855df53ff9f564a69d2005fc46a78878e6b383bc1b8f203e26aa94ea2d	-	keep-public-contract	R03	Executable public API parity input validated against tests/manifest.yaml.
tests/fixtures/inputs/public-api/ttnameid.TT_MS_LANGID_SYRIAC_SYRIA.json	4076	file	fefd669094a32d46caea0fd15e7ad45ce9168070a2541bbb6132bacd970fc3c9	-	keep-public-contract	R03	Executable public API parity input validated against tests/manifest.yaml.
tests/fixtures/inputs/public-api/ttnameid.TT_MS_LANGID_TAJIK_TAJIKISTAN.json	2350	file	2f6d78222483a238d01c430118a9f7c268b74ee510f8cef98d0a3bb1bf770eb6	-	keep-public-contract	R03	Executable public API parity input validated against tests/manifest.yaml.
tests/fixtures/inputs/public-api/ttnameid.TT_MS_LANGID_TAMAZIGHT_ALGERIA.json	4185	file	68e5bdb74f4149c3f94ab1bed63e74beff7a18761e69b616bd83adbf3fd9d5df	-	keep-public-contract	R03	Executable public API parity input validated against tests/manifest.yaml.
tests/fixtures/inputs/public-api/ttnameid.TT_MS_LANGID_TAMAZIGHT_MOROCCO.json	4189	file	a1f282b89c70a1600efc4cf1a53a860cc3078a2d646f1f53961db8173dc64e95	-	keep-public-contract	R03	Executable public API parity input validated against tests/manifest.yaml.
tests/fixtures/inputs/public-api/ttnameid.TT_MS_LANGID_TAMAZIGHT_MOROCCO_LATIN.json	3796	file	ed90e5b8a5fa27186f85fe04eb571475fbaa829ad56cb0a575f46d3066b23ab4	-	keep-public-contract	R03	Executable public API parity input validated against tests/manifest.yaml.
tests/fixtures/inputs/public-api/ttnameid.TT_MS_LANGID_TAMIL_INDIA.json	4060	file	83fb5780b31a075783a0ddb1c201fc491c2359d48df3428133cb3d908c575b1f	-	keep-public-contract	R03	Executable public API parity input validated against tests/manifest.yaml.
tests/fixtures/inputs/public-api/ttnameid.TT_MS_LANGID_TATAR_RUSSIA.json	4073	file	e91485965f028b3cd82b4a0bf9ae370d1b429a5fb812d1c9f6bafae0c3cc5c17	-	keep-public-contract	R03	Executable public API parity input validated against tests/manifest.yaml.
tests/fixtures/inputs/public-api/ttnameid.TT_MS_LANGID_TATAR_TATARSTAN.json	3648	file	2e73012e09a24765f29c513d7dc404844de8b6d07031731cea20881f423381e4	-	keep-public-contract	R03	Executable public API parity input validated against tests/manifest.yaml.
tests/fixtures/inputs/public-api/ttnameid.TT_MS_LANGID_TELUGU_INDIA.json	4076	file	0906125b2583c3cb0776dbf4e0b39c5b6734f7d68192e0c556adfce1626bbfc1	-	keep-public-contract	R03	Executable public API parity input validated against tests/manifest.yaml.
tests/fixtures/inputs/public-api/ttnameid.TT_MS_LANGID_THAI_THAILAND.json	4083	file	87a364ec099ca55cca7b7697c49d79b5d9fdb9042a0dc2f534c70f80994d8320	-	keep-public-contract	R03	Executable public API parity input validated against tests/manifest.yaml.
tests/fixtures/inputs/public-api/ttnameid.TT_MS_LANGID_TIBETAN_BHUTAN.json	3658	file	2f4235ed27da4a0484768a01b867964708ccdf71ed2394c5e18df77659c1d429	-	keep-public-contract	R03	Executable public API parity input validated against tests/manifest.yaml.
tests/fixtures/inputs/public-api/ttnameid.TT_MS_LANGID_TIBETAN_CHINA.json	3615	file	49ce1ad9c65c77628164db12c24dac1c1e8c38bd7355b70f50a12d9acf28c862	-	keep-public-contract	R03	Executable public API parity input validated against tests/manifest.yaml.
tests/fixtures/inputs/public-api/ttnameid.TT_MS_LANGID_TIBETAN_PRC.json	4089	file	6c047cd848dc6693e1051d9462d67268edf25265d4f464ac0f09291fc0d0b125	-	keep-public-contract	R03	Executable public API parity input validated against tests/manifest.yaml.
tests/fixtures/inputs/public-api/ttnameid.TT_MS_LANGID_TIGRIGNA_ERYTHREA.json	4170	file	a10cdd1997ffeac567d0f81a715f684690cb49049a2cb08e7841911eba00413f	-	keep-public-contract	R03	Executable public API parity input validated against tests/manifest.yaml.
tests/fixtures/inputs/public-api/ttnameid.TT_MS_LANGID_TIGRIGNA_ERYTREA.json	3726	file	28712ec1f712607c286e52ec210cc83ec309a7b1f7ff8fab9206dc7b72c1a7d4	-	keep-public-contract	R03	Executable public API parity input validated against tests/manifest.yaml.
tests/fixtures/inputs/public-api/ttnameid.TT_MS_LANGID_TIGRIGNA_ETHIOPIA.json	4174	file	ab04fcefca2144e00f6067d56b3c2f751306361822ab70bf58332d59aa848b6c	-	keep-public-contract	R03	Executable public API parity input validated against tests/manifest.yaml.
tests/fixtures/inputs/public-api/ttnameid.TT_MS_LANGID_TSONGA_SOUTH_AFRICA.json	2394	file	d6c4649d7e64b81d240b7ae9ba36c0dfd44dcbfa487845d0abfffaeedce83934	-	keep-public-contract	R03	Executable public API parity input validated against tests/manifest.yaml.
tests/fixtures/inputs/public-api/ttnameid.TT_MS_LANGID_TSWANA_SOUTH_AFRICA.json	3758	file	89bed5a3846e4ccf8fca52d3f8d4f0692217926a3008317559113646a6103ab3	-	keep-public-contract	R03	Executable public API parity input validated against tests/manifest.yaml.
tests/fixtures/inputs/public-api/ttnameid.TT_MS_LANGID_TURKISH_TURKEY.json	7382	file	650e5b751834d44a65e14e6cea28f965151380446d2f6b310869483797473160	-	keep-public-contract	R03	Executable public API parity input validated against tests/manifest.yaml.
tests/fixtures/inputs/public-api/ttnameid.TT_MS_LANGID_TURKMEN_TURKMENISTAN.json	4256	file	2bedc2cda6bd4b96b25bd3cdebd713e3768f4f70c4784b86438b9fac7d672006	-	keep-public-contract	R03	Executable public API parity input validated against tests/manifest.yaml.
tests/fixtures/inputs/public-api/ttnameid.TT_MS_LANGID_UIGHUR_CHINA.json	9555	file	35331c17f62598937f00fb0503e6715ff0e64ab66e44dbd764622c1857a78847	-	keep-public-contract	R03	Executable public API parity input validated against tests/manifest.yaml.
tests/fixtures/inputs/public-api/ttnameid.TT_MS_LANGID_UIGHUR_PRC.json	4146	file	75c2db702ea03b2a125327214d86c4480f522e178fac3e28ed5a7c645b70928a	-	keep-public-contract	R03	Executable public API parity input validated against tests/manifest.yaml.
tests/fixtures/inputs/public-api/ttnameid.TT_MS_LANGID_UKRAINIAN_UKRAINE.json	7437	file	71e4d9ebd3d7e8d196815aa3ba4e304f2fc2da37f72c675c813401453665af99	-	keep-public-contract	R03	Executable public API parity input validated against tests/manifest.yaml.
tests/fixtures/inputs/public-api/ttnameid.TT_MS_LANGID_UPPER_SORBIAN_GERMANY.json	4267	file	fea4e5e787c464d12eb0b86c3a1f6fb669a0b41d73a3e0094e64392475102065	-	keep-public-contract	R03	Executable public API parity input validated against tests/manifest.yaml.
tests/fixtures/inputs/public-api/ttnameid.TT_MS_LANGID_URDU_INDIA.json	7324	file	02b0d0f46181a1c099b02f8c2a13cd90874a967c1c9e4ccf6c7062b35b5b7b86	-	keep-public-contract	R03	Executable public API parity input validated against tests/manifest.yaml.
tests/fixtures/inputs/public-api/ttnameid.TT_MS_LANGID_URDU_PAKISTAN.json	7381	file	4a44ef739438a825bdc8febfd64c6fa4eff27331e8adce0dcb45b64712699460	-	keep-public-contract	R03	Executable public API parity input validated against tests/manifest.yaml.
tests/fixtures/inputs/public-api/ttnameid.TT_MS_LANGID_UZBEK_UZBEKISTAN_CYRILLIC.json	7585	file	b13e4605eb493b84ffcdb73dba9f2eac53d96a8d6892f0624462d8c870d2038d	-	keep-public-contract	R03	Executable public API parity input validated against tests/manifest.yaml.
tests/fixtures/inputs/public-api/ttnameid.TT_MS_LANGID_UZBEK_UZBEKISTAN_LATIN.json	7538	file	18157bf2d2e8f444917afc87d0fe8d86584c96fada13460321a9fb0ede525322	-	keep-public-contract	R03	Executable public API parity input validated against tests/manifest.yaml.
tests/fixtures/inputs/public-api/ttnameid.TT_MS_LANGID_VENDA_SOUTH_AFRICA.json	4234	file	2f0bb6124d053a1f00a256a2315abb091e5f420f6307f74daf387a74fb85cb21	-	keep-public-contract	R03	Executable public API parity input validated against tests/manifest.yaml.
tests/fixtures/inputs/public-api/ttnameid.TT_MS_LANGID_VIETNAMESE_VIET_NAM.json	7474	file	5ac3a1e6be421dbe8bfe9004ac4ce5172b9b2596966212ce1725c4a45bc4ebb6	-	keep-public-contract	R03	Executable public API parity input validated against tests/manifest.yaml.
tests/fixtures/inputs/public-api/ttnameid.TT_MS_LANGID_WELSH_UNITED_KINGDOM.json	7470	file	c4b72adef62b0de6184e012a83af3a1907dc0690dea443ff84af3222ac86b221	-	keep-public-contract	R03	Executable public API parity input validated against tests/manifest.yaml.
tests/fixtures/inputs/public-api/ttnameid.TT_MS_LANGID_WELSH_WALES.json	6198	file	38558b88617ff15dc5a6bb7d5a87f9c7c9385b68c46a67770cc8bff1e47dad2e	-	keep-public-contract	R03	Executable public API parity input validated against tests/manifest.yaml.
tests/fixtures/inputs/public-api/ttnameid.TT_MS_LANGID_WOLOF_SENEGAL.json	4179	file	5a7e11da18f8ebef1ef392f9b5a0c128bf26d9141b75db0aa90783fedae4f5ff	-	keep-public-contract	R03	Executable public API parity input validated against tests/manifest.yaml.
tests/fixtures/inputs/public-api/ttnameid.TT_MS_LANGID_XHOSA_SOUTH_AFRICA.json	6306	file	ef70ccf8de6a59d073005ed81f2844c2a386e43ef7106c155cf5b39c6bb8c6db	-	keep-public-contract	R03	Executable public API parity input validated against tests/manifest.yaml.
tests/fixtures/inputs/public-api/ttnameid.TT_MS_LANGID_YAKUT_RUSSIA.json	4168	file	9af4340e906a12f05a389f82dd80d94399e20ef34ea5ff1080561c7e425c60c9	-	keep-public-contract	R03	Executable public API parity input validated against tests/manifest.yaml.
tests/fixtures/inputs/public-api/ttnameid.TT_MS_LANGID_YIDDISH_GERMANY.json	7404	file	19f0b9232a975feb7f27c3514404d3d44dd1b3175c96f244beae7383080a2390	-	keep-public-contract	R03	Executable public API parity input validated against tests/manifest.yaml.
tests/fixtures/inputs/public-api/ttnameid.TT_MS_LANGID_YI_CHINA.json	9439	file	7b012ca595bd326366964c65fdba2ad5c65ee01332c92f9b0c0c96e3997c55e4	-	keep-public-contract	R03	Executable public API parity input validated against tests/manifest.yaml.
tests/fixtures/inputs/public-api/ttnameid.TT_MS_LANGID_YI_PRC.json	4102	file	f2161b37217f5bbad84365b49d2da4e63061c3c3a8322b5ab24b370a26b9a433	-	keep-public-contract	R03	Executable public API parity input validated against tests/manifest.yaml.
tests/fixtures/inputs/public-api/ttnameid.TT_MS_LANGID_YORUBA_NIGERIA.json	4467	file	17da890b33efc25f5b16069d840215437c70bd1602c98a90191df3e1a41319a0	-	keep-public-contract	R03	Executable public API parity input validated against tests/manifest.yaml.
tests/fixtures/inputs/public-api/ttnameid.TT_MS_LANGID_ZULU_SOUTH_AFRICA.json	5591	file	1b0ae9ae22616881b9d03a1e7d8b79f5bda9368ac2516963c5b0cc8fcec92f15	-	keep-public-contract	R03	Executable public API parity input validated against tests/manifest.yaml.
tests/fixtures/inputs/public-api/ttnameid.TT_NAME_ID_CID_FINDFONT_NAME.json	2208	file	3376ea72d79001c7b2a52196eed5c2c55e905140014a90e5443f137556bbf7aa	-	keep-public-contract	R03	Executable public API parity input validated against tests/manifest.yaml.
tests/fixtures/inputs/public-api/ttnameid.TT_NAME_ID_COPYRIGHT.json	3716	file	737c3a78c5c892e46f6aa1ab11f7184749ab7a2888862f16590e8a23dda94590	-	keep-public-contract	R03	Executable public API parity input validated against tests/manifest.yaml.
tests/fixtures/inputs/public-api/ttnameid.TT_NAME_ID_DARK_BACKGROUND.json	2186	file	e17351be0f659876ec3986cbb36abae0488d517db5a2558ad204894149023d60	-	keep-public-contract	R03	Executable public API parity input validated against tests/manifest.yaml.
tests/fixtures/inputs/public-api/ttnameid.TT_NAME_ID_DESCRIPTION.json	2142	file	e7226935bc9a7deb97a8c9c2339cf066fcc32defd0a69f5a45162d00f1bcbd71	-	keep-public-contract	R03	Executable public API parity input validated against tests/manifest.yaml.
tests/fixtures/inputs/public-api/ttnameid.TT_NAME_ID_DESIGNER.json	2107	file	6f2f2288eeb9cf715ad105e566ba9c740deb7fe4bbd2e96578fda73f6d2a62e0	-	keep-public-contract	R03	Executable public API parity input validated against tests/manifest.yaml.
tests/fixtures/inputs/public-api/ttnameid.TT_NAME_ID_DESIGNER_URL.json	2153	file	f4408f7651019c1fec57dc76fb2a20116fd2ed4fbc8800834367026b5220700c	-	keep-public-contract	R03	Executable public API parity input validated against tests/manifest.yaml.
tests/fixtures/inputs/public-api/ttnameid.TT_NAME_ID_FONT_FAMILY.json	3748	file	0757f950dc9238371a1bf0f68923b18b3995570764813168a8e97fcdb2173c47	-	keep-public-contract	R03	Executable public API parity input validated against tests/manifest.yaml.
tests/fixtures/inputs/public-api/ttnameid.TT_NAME_ID_FONT_SUBFAMILY.json	3796	file	4b9860344e522d431fd66fa266f1d7befd891d749e1b05a70ded639d54ff0930	-	keep-public-contract	R03	Executable public API parity input validated against tests/manifest.yaml.
tests/fixtures/inputs/public-api/ttnameid.TT_NAME_ID_FULL_NAME.json	3683	file	381f9e6499640fa5647c4d3366bcd483a5d4f14a3ddad3f149c5ea3d3fa814f5	-	keep-public-contract	R03	Executable public API parity input validated against tests/manifest.yaml.
tests/fixtures/inputs/public-api/ttnameid.TT_NAME_ID_LICENSE.json	3547	file	cbea9664ff7533781f756f72e0b56724fbcf092186518098f44ea2efcac712e0	-	keep-public-contract	R03	Executable public API parity input validated against tests/manifest.yaml.
tests/fixtures/inputs/public-api/ttnameid.TT_NAME_ID_LICENSE_URL.json	3562	file	265f228a62778883893e94aa9e228926bbc0c174341052b8446382bb05fe2263	-	keep-public-contract	R03	Executable public API parity input validated against tests/manifest.yaml.
tests/fixtures/inputs/public-api/ttnameid.TT_NAME_ID_LIGHT_BACKGROUND.json	3663	file	41736a305018f1235ba9299afc744e3ea60d55294604db549129ce95b50a200d	-	keep-public-contract	R03	Executable public API parity input validated against tests/manifest.yaml.
tests/fixtures/inputs/public-api/ttnameid.TT_NAME_ID_MAC_FULL_NAME.json	3697	file	2a9112d701d16a1d1aed04d3e694ee8f880dfccc06d48b562cba8bf4152ffdbb	-	keep-public-contract	R03	Executable public API parity input validated against tests/manifest.yaml.
tests/fixtures/inputs/public-api/ttnameid.TT_NAME_ID_MANUFACTURER.json	2128	file	5df5fd2273494dd9d4cc7be15a94a57622300c192516a3d9be7a5363cc22e2c3	-	keep-public-contract	R03	Executable public API parity input validated against tests/manifest.yaml.
tests/fixtures/inputs/public-api/ttnameid.TT_NAME_ID_PREFERRED_FAMILY.json	4849	file	575a2fd452b09ed23b692f0e2b237641eb04a3fe82821a521d5210fd6f040508	-	keep-public-contract	R03	Executable public API parity input validated against tests/manifest.yaml.
tests/fixtures/inputs/public-api/ttnameid.TT_NAME_ID_PREFERRED_SUBFAMILY.json	4915	file	5a434accbeefca3a51d7bed24e7da16650f33b222b38a207c5a101231296a05d	-	keep-public-contract	R03	Executable public API parity input validated against tests/manifest.yaml.
tests/fixtures/inputs/public-api/ttnameid.TT_NAME_ID_PS_NAME.json	3541	file	0dfc37abf5fd8ad3dbd57a4477d7b8629b83be017449c0bb4279111408b08e42	-	keep-public-contract	R03	Executable public API parity input validated against tests/manifest.yaml.
tests/fixtures/inputs/public-api/ttnameid.TT_NAME_ID_SAMPLE_TEXT.json	3576	file	3c69a7d176b7e71128ba07bf68bdf770309a8a64e20dbe4aeb66f115e2861293	-	keep-public-contract	R03	Executable public API parity input validated against tests/manifest.yaml.
tests/fixtures/inputs/public-api/ttnameid.TT_NAME_ID_TRADEMARK.json	2101	file	99a8064fef3e21d54180b7dcff6ac0ff1611769aef5d2dd96a8ba260f7991784	-	keep-public-contract	R03	Executable public API parity input validated against tests/manifest.yaml.
tests/fixtures/inputs/public-api/ttnameid.TT_NAME_ID_TYPOGRAPHIC_FAMILY.json	3688	file	253faab7e192818d52a8a1d940f680b21fa4e5493efc3530f9dc09bd9f8991e6	-	keep-public-contract	R03	Executable public API parity input validated against tests/manifest.yaml.
tests/fixtures/inputs/public-api/ttnameid.TT_NAME_ID_TYPOGRAPHIC_SUBFAMILY.json	3733	file	0cb5f0447411560346c6476f0b5fffa7f1dbb301c4d5969752be4f1fa722b044	-	keep-public-contract	R03	Executable public API parity input validated against tests/manifest.yaml.
tests/fixtures/inputs/public-api/ttnameid.TT_NAME_ID_UNIQUE_ID.json	2101	file	bdd22a7c42e3c87915e09b2394bfcdb36b17d7edc96e0b7bf04a6ba789f6707e	-	keep-public-contract	R03	Executable public API parity input validated against tests/manifest.yaml.
tests/fixtures/inputs/public-api/ttnameid.TT_NAME_ID_VARIATIONS_PREFIX.json	3727	file	7e81fcd17b87ae5e1abb7807b93b7d0d6d11381517fe12a79afcb4d56f36bddd	-	keep-public-contract	R03	Executable public API parity input validated against tests/manifest.yaml.
tests/fixtures/inputs/public-api/ttnameid.TT_NAME_ID_VENDOR_URL.json	2112	file	200b844930e8f731c5fcafc6765e5ddc3512a5523a1ef3953030056049cabde7	-	keep-public-contract	R03	Executable public API parity input validated against tests/manifest.yaml.
tests/fixtures/inputs/public-api/ttnameid.TT_NAME_ID_VERSION_STRING.json	3622	file	c4c1f65686dc453496716bc1989880e97fe2dbc157a5c120e7286eff64de9b44	-	keep-public-contract	R03	Executable public API parity input validated against tests/manifest.yaml.
tests/fixtures/inputs/public-api/ttnameid.TT_NAME_ID_WWS_FAMILY.json	3568	file	da08fc655fd1c9fe8ba8b70ea1c0c12ac3fd47b52a73adb56a327aea9116d48c	-	keep-public-contract	R03	Executable public API parity input validated against tests/manifest.yaml.
tests/fixtures/inputs/public-api/ttnameid.TT_NAME_ID_WWS_SUBFAMILY.json	3610	file	94b912781cae1043d0db1f6c79de99fe827c8a5757b958d98cf3f625d613869b	-	keep-public-contract	R03	Executable public API parity input validated against tests/manifest.yaml.
tests/fixtures/inputs/public-api/ttnameid.TT_PLATFORM_ADOBE.json	4173	file	0e6b2775e2e7689b0881e4ab5e5aff90668a4866823a752d2bfbe2ce0851e124	-	keep-public-contract	R03	Executable public API parity input validated against tests/manifest.yaml.
tests/fixtures/inputs/public-api/ttnameid.TT_PLATFORM_APPLE_UNICODE.json	5743	file	8b5bbbbfcb904f290fa2b70cf89d05d549f271f01323a1bd718fd80cac91ab5a	-	keep-public-contract	R03	Executable public API parity input validated against tests/manifest.yaml.
tests/fixtures/inputs/public-api/ttnameid.TT_PLATFORM_CUSTOM.json	5080	file	92fdae8fcd4be663eb64a1f77b895a23be09335d3e12aa6dd83d01d5096544e5	-	keep-public-contract	R03	Executable public API parity input validated against tests/manifest.yaml.
tests/fixtures/inputs/public-api/ttnameid.TT_PLATFORM_ISO.json	5537	file	ec28d4135847c8d6eab730375bcf658286f0e89ba29afd7adf67ff1232ecf8ff	-	keep-public-contract	R03	Executable public API parity input validated against tests/manifest.yaml.
tests/fixtures/inputs/public-api/ttnameid.TT_PLATFORM_MACINTOSH.json	3861	file	05d82cc2b3c5ab04f14b9151a95689bd75dd224a817f266385ea866a922f0acc	-	keep-public-contract	R03	Executable public API parity input validated against tests/manifest.yaml.
tests/fixtures/inputs/public-api/ttnameid.TT_PLATFORM_MICROSOFT.json	5720	file	4da2c977137e8526603e19c383f98e84117e3d19c6bcd1ce822dbcf1a2d0884d	-	keep-public-contract	R03	Executable public API parity input validated against tests/manifest.yaml.
tests/fixtures/inputs/public-api/ttnameid.TT_UCR_ALPHABETIC_PRESENTATION_FORMS.json	3921	file	3bd3324134c61af87e53a1194c820e1776b2f575b7c0896b7942d33ae2d9466c	-	keep-public-contract	R03	Executable public API parity input validated against tests/manifest.yaml.
tests/fixtures/inputs/public-api/ttnameid.TT_UCR_ANCIENT_GREEK_NUMBERS.json	2144	file	7ad445603010ab4c68390ac4cebf909cc71bce5b922c221b924ca8bd3e6caee4	-	keep-public-contract	R03	Executable public API parity input validated against tests/manifest.yaml.
tests/fixtures/inputs/public-api/ttnameid.TT_UCR_ANCIENT_SYMBOLS.json	2096	file	540d30385631861bb1ae27324dcd795b53575e4442d8efe36f00f4a1feaf4abc	-	keep-public-contract	R03	Executable public API parity input validated against tests/manifest.yaml.
tests/fixtures/inputs/public-api/ttnameid.TT_UCR_ARABIC.json	3562	file	193efbb7b3225dbc0b740b571e19adbecd9f69bcba958ff6c860ed9bde0a6bea	-	keep-public-contract	R03	Executable public API parity input validated against tests/manifest.yaml.
tests/fixtures/inputs/public-api/ttnameid.TT_UCR_ARABIC_PRESENTATION_A.json	4633	file	ea271d8e26f79f677e5c4052271ef1395be809c6de19ba58ca779eb9b8d95b86	-	keep-public-contract	R03	Executable public API parity input validated against tests/manifest.yaml.
tests/fixtures/inputs/public-api/ttnameid.TT_UCR_ARABIC_PRESENTATION_B.json	4605	file	08ac7e11552ef2112ed2409ab4e2d5366299a6824baf53498261103a521bdc81	-	keep-public-contract	R03	Executable public API parity input validated against tests/manifest.yaml.
tests/fixtures/inputs/public-api/ttnameid.TT_UCR_ARABIC_PRESENTATION_FORMS_A.json	3861	file	8fcdd859b51476c1e217bf337fd5339740962fbce90a22d7fca984b1651d12fb	-	keep-public-contract	R03	Executable public API parity input validated against tests/manifest.yaml.
tests/fixtures/inputs/public-api/ttnameid.TT_UCR_ARABIC_PRESENTATION_FORMS_B.json	3831	file	6360c7c268e6faed0d055c87173d74fa3097f8c253cffd2a867ca7b4ad4f1cb0	-	keep-public-contract	R03	Executable public API parity input validated against tests/manifest.yaml.
tests/fixtures/inputs/public-api/ttnameid.TT_UCR_ARMENIAN.json	2014	file	3c269a232cde4b8dbc3afa812525062c4af4f04e28cd5ca773151c340aa90710	-	keep-public-contract	R03	Executable public API parity input validated against tests/manifest.yaml.
tests/fixtures/inputs/public-api/ttnameid.TT_UCR_ARROWS.json	3573	file	4cb788cab608834a31d6fe4d45f8c7251f204c2137a26967773826eff67a28ff	-	keep-public-contract	R03	Executable public API parity input validated against tests/manifest.yaml.
tests/fixtures/inputs/public-api/ttnameid.TT_UCR_BALINESE.json	2024	file	dd58d7c956617371c0c5b761d5b3f75e4225dd03695613e7e5116a8da8491952	-	keep-public-contract	R03	Executable public API parity input validated against tests/manifest.yaml.
tests/fixtures/inputs/public-api/ttnameid.TT_UCR_BASIC_LATIN.json	3654	file	9c742262b63b41b689975790f955c1b2e055dc05323d36f471663ea2af7cb950	-	keep-public-contract	R03	Executable public API parity input validated against tests/manifest.yaml.
tests/fixtures/inputs/public-api/ttnameid.TT_UCR_BENGALI.json	2006	file	95f02b431b411f069a2faa7abac7ce6c2d2b1e71d796478336e48211c984caab	-	keep-public-contract	R03	Executable public API parity input validated against tests/manifest.yaml.
tests/fixtures/inputs/public-api/ttnameid.TT_UCR_BLOCK_ELEMENTS.json	2074	file	dc1d0d5d8858657d996c339cfec469fb9edb47cb039aa4cd6a8faf92df89c9ff	-	keep-public-contract	R03	Executable public API parity input validated against tests/manifest.yaml.
tests/fixtures/inputs/public-api/ttnameid.TT_UCR_BOPOMOFO.json	3632	file	822ca7041f01332525cd11c7f5e1b011630bff17bc6723f77d60eb97609c4eb0	-	keep-public-contract	R03	Executable public API parity input validated against tests/manifest.yaml.
tests/fixtures/inputs/public-api/ttnameid.TT_UCR_BOX_DRAWING.json	3153	file	79d34500bd2c418605fd2aed9379071f98a8798d2cdd3e0796c9917dc1d68a33	-	keep-public-contract	R03	Executable public API parity input validated against tests/manifest.yaml.
tests/fixtures/inputs/public-api/ttnameid.TT_UCR_BRAILLE.json	3118	file	f0bbda32976ff59d7f23959d7f12ec1720d073e9b9082f028d7d40b884b133a3	-	keep-public-contract	R03	Executable public API parity input validated against tests/manifest.yaml.
tests/fixtures/inputs/public-api/ttnameid.TT_UCR_BUGINESE.json	1751	file	6c7b07fa828276aed2cb44f31a93ab98ac660f6f9bdbec8768179fd41b4b48f3	-	keep-public-contract	R03	Executable public API parity input validated against tests/manifest.yaml.
tests/fixtures/inputs/public-api/ttnameid.TT_UCR_CANADIAN_ABORIGINAL_SYLLABICS.json	1927	file	c4fec810379a660ff167fe60815c77b8663ec52b4556f95c758ef11ae7ae2b0e	-	keep-public-contract	R03	Executable public API parity input validated against tests/manifest.yaml.
tests/fixtures/inputs/public-api/ttnameid.TT_UCR_CHAM.json	3089	file	28608fd980e866a55360b2da65d8e347cfb21462cdbdfe3167421d83a88d0dfc	-	keep-public-contract	R03	Executable public API parity input validated against tests/manifest.yaml.
tests/fixtures/inputs/public-api/ttnameid.TT_UCR_CHEROKEE.json	1759	file	35d85f5d65c9fbf95fbf95f107af47053ae0b52b1812129f8bfe487b18c57672	-	keep-public-contract	R03	Executable public API parity input validated against tests/manifest.yaml.
tests/fixtures/inputs/public-api/ttnameid.TT_UCR_CJK_COMPATIBILITY.json	1835	file	04cd9888ee8560b24a2f56b57a16b6cbef6b315529e52f17f0ded175f2c92b71	-	keep-public-contract	R03	Executable public API parity input validated against tests/manifest.yaml.
tests/fixtures/inputs/public-api/ttnameid.TT_UCR_CJK_COMPATIBILITY_FORMS.json	1887	file	cda541735aca8023a9b7b554614a3699b2c32586462fa105320eaed54ea715e1	-	keep-public-contract	R03	Executable public API parity input validated against tests/manifest.yaml.
tests/fixtures/inputs/public-api/ttnameid.TT_UCR_CJK_COMPATIBILITY_IDEOGRAPHS.json	1963	file	a5b1678863d84ab871f3b78028c4903a733a7b500e78b9d64a45493307110de7	-	keep-public-contract	R03	Executable public API parity input validated against tests/manifest.yaml.
tests/fixtures/inputs/public-api/ttnameid.TT_UCR_CJK_MISC.json	1829	file	8fa9cacef76a297686bdcc0aa7467fe43d407d5beaa592713d79f5482860594a	-	keep-public-contract	R03	Executable public API parity input validated against tests/manifest.yaml.
tests/fixtures/inputs/public-api/ttnameid.TT_UCR_CJK_SYMBOLS.json	1783	file	2139c010c393557ed951ad920da1527805906f9d6b51d21739b3aa20ae302dcd	-	keep-public-contract	R03	Executable public API parity input validated against tests/manifest.yaml.
tests/fixtures/inputs/public-api/ttnameid.TT_UCR_CJK_UNIFIED_IDEOGRAPHS.json	3399	file	866a390e4c7b1d63a3e0519489f5c7fe1285cf77097282c5221a103ca14e55d7	-	keep-public-contract	R03	Executable public API parity input validated against tests/manifest.yaml.
tests/fixtures/inputs/public-api/ttnameid.TT_UCR_COMBINING_DIACRITICAL_MARKS.json	2018	file	06eb4835a6abd3f9293b1958d743b68eee9387856e9c03de36e49f281e9c0fd0	-	keep-public-contract	R03	Executable public API parity input validated against tests/manifest.yaml.
tests/fixtures/inputs/public-api/ttnameid.TT_UCR_COMBINING_DIACRITICAL_MARKS_SYMB.json	2048	file	14a3edd3961830f5315639a669439156d0193b8b45018890310c90355c0fe343	-	keep-public-contract	R03	Executable public API parity input validated against tests/manifest.yaml.
tests/fixtures/inputs/public-api/ttnameid.TT_UCR_COMBINING_DIACRITICS.json	2068	file	da0a7d1c4a1ea8a3d03a18961155254b80be9f3d74980e794c946cb49d6ab0fc	-	keep-public-contract	R03	Executable public API parity input validated against tests/manifest.yaml.
tests/fixtures/inputs/public-api/ttnameid.TT_UCR_COMBINING_DIACRITICS_SYMB.json	2102	file	d89cfc77f67902a8096822bc8cd3dd7d2c4ea6cdbe4a0ad0901c191c359bb7d0	-	keep-public-contract	R03	Executable public API parity input validated against tests/manifest.yaml.
tests/fixtures/inputs/public-api/ttnameid.TT_UCR_COMBINING_HALF_MARKS.json	1847	file	a58e9ae2b0130f09dae19f467dbab2c59038b04d71ad1ffd3dffa416a547393f	-	keep-public-contract	R03	Executable public API parity input validated against tests/manifest.yaml.
tests/fixtures/inputs/public-api/ttnameid.TT_UCR_CONTROL_PICTURES.json	1817	file	3cbc1c8c08478fc9b88ef844d86a9a857bf9fdff48f4e21fceed6d7b6f7cc917	-	keep-public-contract	R03	Executable public API parity input validated against tests/manifest.yaml.
tests/fixtures/inputs/public-api/ttnameid.TT_UCR_COPTIC.json	1734	file	ccc1a888f4cbcfdfdaac9c026ac8ae024b1fba5fdbf2bfabdaa65deb8cc0d6cc	-	keep-public-contract	R03	Executable public API parity input validated against tests/manifest.yaml.
tests/fixtures/inputs/public-api/ttnameid.TT_UCR_COUNTING_ROD_NUMERALS.json	3273	file	f6b7279b648dcbd497f371636d2b300155080ff46f6ab7ba2714726466d26248	-	keep-public-contract	R03	Executable public API parity input validated against tests/manifest.yaml.
tests/fixtures/inputs/public-api/ttnameid.TT_UCR_CUNEIFORM.json	4151	file	220526b3110b006d0f0a22d69f2dddaae0dd13acee3f7461f1d04b94db05556a	-	keep-public-contract	R03	Executable public API parity input validated against tests/manifest.yaml.
tests/fixtures/inputs/public-api/ttnameid.TT_UCR_CURRENCY_SYMBOLS.json	2593	file	8b933467af13d869fb1b161f55aff23986e5a5b61d71f04a24e9bcaa263b6a3b	-	keep-public-contract	R03	Executable public API parity input validated against tests/manifest.yaml.
tests/fixtures/inputs/public-api/ttnameid.TT_UCR_CYPRIOT_SYLLABARY.json	2621	file	eb615d4c0c39acca253e52552b479a609a3413be41a7a01e6123f50ece9dc742	-	keep-public-contract	R03	Executable public API parity input validated against tests/manifest.yaml.
tests/fixtures/inputs/public-api/ttnameid.TT_UCR_CYRILLIC.json	4133	file	99cd8584d5b2364a95587e3336e118e54d6a7fcb97ce08085074d43f3d572ef0	-	keep-public-contract	R03	Executable public API parity input validated against tests/manifest.yaml.
tests/fixtures/inputs/public-api/ttnameid.TT_UCR_DESERET.json	2525	file	26da905c48caa34bfd5512258ddec0ed1dbd5bdfbbf96ba01f4975b51d9dc78d	-	keep-public-contract	R03	Executable public API parity input validated against tests/manifest.yaml.
tests/fixtures/inputs/public-api/ttnameid.TT_UCR_DEVANAGARI.json	4124	file	00b1ea35c6ba7560807d1e245d3db66c60e86df73cf016fb12e73700d3333789	-	keep-public-contract	R03	Executable public API parity input validated against tests/manifest.yaml.
tests/fixtures/inputs/public-api/ttnameid.TT_UCR_DINGBATS.json	2523	file	2970702a9df49c67e04acf878a3af681088cfb3a51412676bbe9110ae68eacb4	-	keep-public-contract	R03	Executable public API parity input validated against tests/manifest.yaml.
tests/fixtures/inputs/public-api/ttnameid.TT_UCR_ENCLOSED_ALPHANUMERICS.json	2661	file	054d2957563fbf9899dce300989db7a4e07eae8a6e6a3815c55221f0361708d2	-	keep-public-contract	R03	Executable public API parity input validated against tests/manifest.yaml.
tests/fixtures/inputs/public-api/ttnameid.TT_UCR_ENCLOSED_CJK_LETTERS_MONTHS.json	2727	file	b742372c25c3aba6a31bb12cda7140f9e1eee16977ad458fa661081d56fb09f1	-	keep-public-contract	R03	Executable public API parity input validated against tests/manifest.yaml.
tests/fixtures/inputs/public-api/ttnameid.TT_UCR_ETHIOPIC.json	4121	file	c963dad03631cda9e5e8477ffc9811ec64dd410231bf34ba60ebeb758da2ef17	-	keep-public-contract	R03	Executable public API parity input validated against tests/manifest.yaml.
tests/fixtures/inputs/public-api/ttnameid.TT_UCR_GAME_TILES.json	2591	file	0289e1d81fe78a778af31f50dbb1e18d00a3e83e4d8d020c1e84ac2542528252	-	keep-public-contract	R03	Executable public API parity input validated against tests/manifest.yaml.
tests/fixtures/inputs/public-api/ttnameid.TT_UCR_GENERAL_PUNCTUATION.json	4325	file	c85756d93048694d59e34ac0c460cffb0c31b9c6d0ca4c3c59e41bdd5937eb79	-	keep-public-contract	R03	Executable public API parity input validated against tests/manifest.yaml.
tests/fixtures/inputs/public-api/ttnameid.TT_UCR_GEOMETRIC_SHAPES.json	2601	file	db83230b4972f5622f5328687061a6463bd07d658817f08a7f9edb48d6a4c0dc	-	keep-public-contract	R03	Executable public API parity input validated against tests/manifest.yaml.
tests/fixtures/inputs/public-api/ttnameid.TT_UCR_GEORGIAN.json	2551	file	ab7265f13b4b82c57522c270142e3f9dd0f2c616bcfb6e1357bce197e3842538	-	keep-public-contract	R03	Executable public API parity input validated against tests/manifest.yaml.
tests/fixtures/inputs/public-api/ttnameid.TT_UCR_GLAGOLITIC.json	2540	file	14cb6129526bc4686093c171bded57cc26c01d306867f000dd11d134fd871b0b	-	keep-public-contract	R03	Executable public API parity input validated against tests/manifest.yaml.
tests/fixtures/inputs/public-api/ttnameid.TT_UCR_GOTHIC.json	2515	file	2867c58a508dc7f8feb8083fc12e8cb80ce17f50143cebf3a2efc8b2e3c3af1b	-	keep-public-contract	R03	Executable public API parity input validated against tests/manifest.yaml.
tests/fixtures/inputs/public-api/ttnameid.TT_UCR_GREEK.json	4041	file	8dc07e33763459636197dd8cb34c193110b16aa7d48b11987220cae927083553	-	keep-public-contract	R03	Executable public API parity input validated against tests/manifest.yaml.
tests/fixtures/inputs/public-api/ttnameid.TT_UCR_GREEK_EXTENDED.json	2592	file	834f4c85049c772e2bf3bb894a28b2250a980e083a953a863ab14b360647b0ca	-	keep-public-contract	R03	Executable public API parity input validated against tests/manifest.yaml.
tests/fixtures/inputs/public-api/ttnameid.TT_UCR_GUJARATI.json	2544	file	1eebce6981f2959fc6e7e80a5f2c0647d5a3e3c0d1c1efe818e3010bfd16c732	-	keep-public-contract	R03	Executable public API parity input validated against tests/manifest.yaml.
tests/fixtures/inputs/public-api/ttnameid.TT_UCR_GURMUKHI.json	2544	file	78e29e231f222802ae65bfa49dc7b9e28430deb6dd79f90dd01bf2bb603f83ee	-	keep-public-contract	R03	Executable public API parity input validated against tests/manifest.yaml.
tests/fixtures/inputs/public-api/ttnameid.TT_UCR_HALFWIDTH_FULLWIDTH_FORMS.json	3863	file	2847dd41115aae3c7a095d527169c9b7ece8be9392b06b3cb3a0e5a63e23b72c	-	keep-public-contract	R03	Executable public API parity input validated against tests/manifest.yaml.
tests/fixtures/inputs/public-api/ttnameid.TT_UCR_HANGUL.json	3638	file	559cd043b42e2b3e90fc510b687e9b5b5234256af9c417eb4826644232fd80e9	-	keep-public-contract	R03	Executable public API parity input validated against tests/manifest.yaml.
tests/fixtures/inputs/public-api/ttnameid.TT_UCR_HANGUL_COMPATIBILITY_JAMO.json	3854	file	69dcfb314a0af02034596df90655b15f862ff167ef9b54fd7ad46e7c7bfc602b	-	keep-public-contract	R03	Executable public API parity input validated against tests/manifest.yaml.
tests/fixtures/inputs/public-api/ttnameid.TT_UCR_HANGUL_JAMO.json	3676	file	eccf9e84854b441bcc34d770edb03d617506684e568f2ced11f4609254710bac	-	keep-public-contract	R03	Executable public API parity input validated against tests/manifest.yaml.
tests/fixtures/inputs/public-api/ttnameid.TT_UCR_HEBREW.json	3601	file	507cc58cf8a9ef2cfbe4d4f61e060a629ab44f7dd80e3688c2530642379ffc2d	-	keep-public-contract	R03	Executable public API parity input validated against tests/manifest.yaml.
tests/fixtures/inputs/public-api/ttnameid.TT_UCR_HIRAGANA.json	3631	file	ca0bf52dea639f02d5522523e0b20c37c5f45823f7fe075f4dbb86f30fc63efb	-	keep-public-contract	R03	Executable public API parity input validated against tests/manifest.yaml.
tests/fixtures/inputs/public-api/ttnameid.TT_UCR_IPA_EXTENSIONS.json	2052	file	9326c21185d7525f97e714324d0ea1191f650f7471857454f289d80fc5829f8f	-	keep-public-contract	R03	Executable public API parity input validated against tests/manifest.yaml.
tests/fixtures/inputs/public-api/ttnameid.TT_UCR_KANBUN.json	3110	file	05fee163abd0b7ab951089e0318b25782d597cf746bd80f2653a4725f952923d	-	keep-public-contract	R03	Executable public API parity input validated against tests/manifest.yaml.
tests/fixtures/inputs/public-api/ttnameid.TT_UCR_KANNADA.json	3620	file	320c2a4227dc118648de9a6be114542137194be9b8b05594d5aab7513e960f7b	-	keep-public-contract	R03	Executable public API parity input validated against tests/manifest.yaml.
tests/fixtures/inputs/public-api/ttnameid.TT_UCR_KATAKANA.json	3647	file	575e0c8951a3eedc10ad5f481f8a09476e694cf9cfdc3f484ca23e74168fd9cb	-	keep-public-contract	R03	Executable public API parity input validated against tests/manifest.yaml.
tests/fixtures/inputs/public-api/ttnameid.TT_UCR_KAYAH_LI.json	1977	file	98566df8abe256f1c265677766113b8b30dd388b115b03cd4b78404634fa0c88	-	keep-public-contract	R03	Executable public API parity input validated against tests/manifest.yaml.
tests/fixtures/inputs/public-api/ttnameid.TT_UCR_KHAROSHTHI.json	1994	file	8b696d24d359e4fdb9c9f7c3fad393c7e7b29d338f96f617d871bbe5bcff7721	-	keep-public-contract	R03	Executable public API parity input validated against tests/manifest.yaml.
tests/fixtures/inputs/public-api/ttnameid.TT_UCR_KHMER.json	3608	file	3a5d37434bdf66993d6fd3eddf9c9dfa71ab2a7fb92acb63191b2712752a8915	-	keep-public-contract	R03	Executable public API parity input validated against tests/manifest.yaml.
tests/fixtures/inputs/public-api/ttnameid.TT_UCR_LAO.json	3570	file	e7af77aea3040389a3f8149758ed63db7b45cc52ba98e2949bfc06fd7dc2e63f	-	keep-public-contract	R03	Executable public API parity input validated against tests/manifest.yaml.
tests/fixtures/inputs/public-api/ttnameid.TT_UCR_LATIN1_SUPPLEMENT.json	3750	file	b3704c20b7e2a1430d704843f2f0a4b3cf3a7c887292befde846b207fe4535bd	-	keep-public-contract	R03	Executable public API parity input validated against tests/manifest.yaml.
tests/fixtures/inputs/public-api/ttnameid.TT_UCR_LATIN_EXTENDED_A.json	3736	file	7a41d1ce7a77a4f399026c3a9395c2f8208c0f20f38867d9066d363784759532	-	keep-public-contract	R03	Executable public API parity input validated against tests/manifest.yaml.
tests/fixtures/inputs/public-api/ttnameid.TT_UCR_LATIN_EXTENDED_ADDITIONAL.json	3890	file	c9df1b824ed9818fb33ec40700453affc0aa3259c68673996df3c546f1867296	-	keep-public-contract	R03	Executable public API parity input validated against tests/manifest.yaml.
tests/fixtures/inputs/public-api/ttnameid.TT_UCR_LATIN_EXTENDED_B.json	3736	file	45be9a7c30ef5bfeab77bcd8801ee986241aace4415ae83a4ab544b1c69115f1	-	keep-public-contract	R03	Executable public API parity input validated against tests/manifest.yaml.
tests/fixtures/inputs/public-api/ttnameid.TT_UCR_LEPCHA.json	1958	file	8732b21f00d85bd237ce9000cf8f36e5adc6c526e07f036bafd28ed9facb36a2	-	keep-public-contract	R03	Executable public API parity input validated against tests/manifest.yaml.
tests/fixtures/inputs/public-api/ttnameid.TT_UCR_LETTERLIKE_SYMBOLS.json	3764	file	ce69df9b543ef0f64c42d9aa0627ffe133cf3a7f7bb01c6338cb04f0471dae54	-	keep-public-contract	R03	Executable public API parity input validated against tests/manifest.yaml.
tests/fixtures/inputs/public-api/ttnameid.TT_UCR_LIMBU.json	2023	file	e21cc50e04dcfe922dce3cc3ff7da6c85f887ef7218cb6e8e3888781128d4899	-	keep-public-contract	R03	Executable public API parity input validated against tests/manifest.yaml.
tests/fixtures/inputs/public-api/ttnameid.TT_UCR_LINEAR_B.json	3656	file	3c1c6ca9bfa01fac43f0116e9fba05b34f781f93d8f465b1604afd846e96cf92	-	keep-public-contract	R03	Executable public API parity input validated against tests/manifest.yaml.
tests/fixtures/inputs/public-api/ttnameid.TT_UCR_MALAYALAM.json	3630	file	f6f0467c7bc665661b7d3bd5cd5e77f9cb6d6759d2305f663e635b62e4eff50d	-	keep-public-contract	R03	Executable public API parity input validated against tests/manifest.yaml.
tests/fixtures/inputs/public-api/ttnameid.TT_UCR_MATHEMATICAL_OPERATORS.json	3845	file	a6b46f62df280abf5b5df5e9df4c29ba0a8c4d1984aa5e2609fd424974cad96a	-	keep-public-contract	R03	Executable public API parity input validated against tests/manifest.yaml.
tests/fixtures/inputs/public-api/ttnameid.TT_UCR_MATH_ALPHANUMERIC_SYMBOLS.json	3873	file	563991fdf2eefabde6211c1bbaef65ee8fd4b46629ad05638ef7345091c79080	-	keep-public-contract	R03	Executable public API parity input validated against tests/manifest.yaml.
tests/fixtures/inputs/public-api/ttnameid.TT_UCR_MISCELLANEOUS_SYMBOLS.json	3792	file	cb858a5eeec10ddc469d90e29809da21322574f1f7cf01004637e2a2e9fc9dc2	-	keep-public-contract	R03	Executable public API parity input validated against tests/manifest.yaml.
tests/fixtures/inputs/public-api/ttnameid.TT_UCR_MISCELLANEOUS_TECHNICAL.json	2185	file	dfaa29895faad4ddf6a34f87e7bd04d2447d2daf8598520ea147bff52962e049	-	keep-public-contract	R03	Executable public API parity input validated against tests/manifest.yaml.
tests/fixtures/inputs/public-api/ttnameid.TT_UCR_MONGOLIAN.json	3631	file	02822081c6e2b67daae42289ad287136188d7de269408a045cb90ec0929a3352	-	keep-public-contract	R03	Executable public API parity input validated against tests/manifest.yaml.
tests/fixtures/inputs/public-api/ttnameid.TT_UCR_MUSICAL_SYMBOLS.json	3763	file	46efc6414feb0b45422a44b8ccc4f50f68bfe09256af2176617f3818f992bcdf	-	keep-public-contract	R03	Executable public API parity input validated against tests/manifest.yaml.
tests/fixtures/inputs/public-api/ttnameid.TT_UCR_MYANMAR.json	3597	file	a38344016085d58136684aec2bd939ee0ede14e996063d67771e12dac8b719b3	-	keep-public-contract	R03	Executable public API parity input validated against tests/manifest.yaml.
tests/fixtures/inputs/public-api/ttnameid.TT_UCR_NEW_TAI_LUE.json	2085	file	d0bcea282f32c571f50d5f557816b38ec69788131b10a63c352258e333240217	-	keep-public-contract	R03	Executable public API parity input validated against tests/manifest.yaml.
tests/fixtures/inputs/public-api/ttnameid.TT_UCR_NKO.json	3540	file	c79cad33e510a4288978b85a49f50143ea8186cf433046175c32bd14194b9743	-	keep-public-contract	R03	Executable public API parity input validated against tests/manifest.yaml.
tests/fixtures/inputs/public-api/ttnameid.TT_UCR_NON_PLANE_0.json	7299	file	8966d20bc37ad1ea60c9ed755b3832a05da19b7ae97a47908e205aa674904a69	-	keep-public-contract	R03	Executable public API parity input validated against tests/manifest.yaml.
tests/fixtures/inputs/public-api/ttnameid.TT_UCR_NUMBER_FORMS.json	2073	file	af28a2174014c4fd7cdf6ee87e1e2bf45a43aab215d2dbbfaacf7c36076c2097	-	keep-public-contract	R03	Executable public API parity input validated against tests/manifest.yaml.
tests/fixtures/inputs/public-api/ttnameid.TT_UCR_OCR.json	1985	file	3fa7fd6e739454ca00e55706cfc70b96d7bf58fc9231038b7a23ec7a55834745	-	keep-public-contract	R03	Executable public API parity input validated against tests/manifest.yaml.
tests/fixtures/inputs/public-api/ttnameid.TT_UCR_OGHAM.json	3572	file	781e22d006291e472ad106dc1c4bc9b6d857eaf43490a7d8566cfd99ba735c41	-	keep-public-contract	R03	Executable public API parity input validated against tests/manifest.yaml.
tests/fixtures/inputs/public-api/ttnameid.TT_UCR_OLD_ANATOLIAN.json	3736	file	ca83844e753b93b9a271c7d4127214a53e86bc611f44267fefb9dd613398a3c8	-	keep-public-contract	R03	Executable public API parity input validated against tests/manifest.yaml.
tests/fixtures/inputs/public-api/ttnameid.TT_UCR_OLD_ITALIC.json	3652	file	a578bd05e3ff991ad011c261bdd015f59b693c6e83e2f2b25a0fbf58e0e2e6dd	-	keep-public-contract	R03	Executable public API parity input validated against tests/manifest.yaml.
tests/fixtures/inputs/public-api/ttnameid.TT_UCR_OLD_PERSIAN.json	3652	file	7befb24d978f3a1eaa06ed5a973f4859f6486d606acc2f0a35fe41e50c28b04d	-	keep-public-contract	R03	Executable public API parity input validated against tests/manifest.yaml.
tests/fixtures/inputs/public-api/ttnameid.TT_UCR_OL_CHIKI.json	3618	file	36838856227dd77c8ce1713ded210cedff7087ce562baa7b334fb40dc346c34c	-	keep-public-contract	R03	Executable public API parity input validated against tests/manifest.yaml.
tests/fixtures/inputs/public-api/ttnameid.TT_UCR_ORIYA.json	5161	file	94a10e30fde68b121cd1c88df5aecc977f1c61f1265060bbefe5ede6491d814d	-	keep-public-contract	R03	Executable public API parity input validated against tests/manifest.yaml.
tests/fixtures/inputs/public-api/ttnameid.TT_UCR_OSMANYA.json	5187	file	58991539fe75d81e3ca946606fcd1bacfc2d4bd21818f2f47b71b70b1d7cf507	-	keep-public-contract	R03	Executable public API parity input validated against tests/manifest.yaml.
tests/fixtures/inputs/public-api/ttnameid.TT_UCR_PHAGSPA.json	5197	file	637724df2d307529586aeebc510aefb66ec7fe1556dc155239df59231017a3c4	-	keep-public-contract	R03	Executable public API parity input validated against tests/manifest.yaml.
tests/fixtures/inputs/public-api/ttnameid.TT_UCR_PHAISTOS_DISC.json	2964	file	a549ba38ca437cea37ca20ef123901a421ac1d6ea8beacd6ce29c18c96c1b43f	-	keep-public-contract	R03	Executable public API parity input validated against tests/manifest.yaml.
tests/fixtures/inputs/public-api/ttnameid.TT_UCR_PHILIPPINE.json	5388	file	b9b8eb6d3c5c1a9e1f03af591ffd66237782e7569fe658b05c999cbe86c449ab	-	keep-public-contract	R03	Executable public API parity input validated against tests/manifest.yaml.
tests/fixtures/inputs/public-api/ttnameid.TT_UCR_PHOENICIAN.json	5249	file	e510eabf9af6762dba8f28c3be27ff8136807072f8e5686106a4acd5e1ca3c14	-	keep-public-contract	R03	Executable public API parity input validated against tests/manifest.yaml.
tests/fixtures/inputs/public-api/ttnameid.TT_UCR_PRIVATE_USE.json	5274	file	a091e6a87f19c477b3419b718079b850a50145ea2eceb61335c4a1551dfc0734	-	keep-public-contract	R03	Executable public API parity input validated against tests/manifest.yaml.
tests/fixtures/inputs/public-api/ttnameid.TT_UCR_PRIVATE_USE_SUPPLEMENTARY.json	5511	file	32a950d6a5b036239070dd4d7b8cd61c88d3f295b9610dae7aba0e9353a5f5e6	-	keep-public-contract	R03	Executable public API parity input validated against tests/manifest.yaml.
tests/fixtures/inputs/public-api/ttnameid.TT_UCR_REJANG.json	5180	file	81efab18e2848148fc89c63497930d8bfb7cd3e9a03c7a19b8dff41c7ee43dff	-	keep-public-contract	R03	Executable public API parity input validated against tests/manifest.yaml.
tests/fixtures/inputs/public-api/ttnameid.TT_UCR_RUNIC.json	5156	file	5064104793a0dbede0bc656b18f1368346f0d5f1e8ea11f886d64a23129bee72	-	keep-public-contract	R03	Executable public API parity input validated against tests/manifest.yaml.
tests/fixtures/inputs/public-api/ttnameid.TT_UCR_SAURASHTRA.json	5245	file	d798a27e8262fc54c45f0020b2a79341082550ba7f9a537cd5db7e7cfc4c4b42	-	keep-public-contract	R03	Executable public API parity input validated against tests/manifest.yaml.
tests/fixtures/inputs/public-api/ttnameid.TT_UCR_SHAVIAN.json	5181	file	70d3750ee4bf7a5938015d8ddfb018f3b88f16de91b15243b2c4e2a1cb801689	-	keep-public-contract	R03	Executable public API parity input validated against tests/manifest.yaml.
tests/fixtures/inputs/public-api/ttnameid.TT_UCR_SINHALA.json	5181	file	3221f564c14f3ed06f02da221cdb872f802cc03891f9e7eecb56df3134ee286e	-	keep-public-contract	R03	Executable public API parity input validated against tests/manifest.yaml.
tests/fixtures/inputs/public-api/ttnameid.TT_UCR_SMALL_FORM_VARIANTS.json	3005	file	5de9af10fcd6961f20f4b6a3aaaf351e37f11922986611fbe9f0fa81ad4a42d4	-	keep-public-contract	R03	Executable public API parity input validated against tests/manifest.yaml.
tests/fixtures/inputs/public-api/ttnameid.TT_UCR_SPACING_MODIFIER.json	5372	file	69b729343b57a45274bce951ecf1f19d97ea5a177deaba1122f13261a058bcc5	-	keep-public-contract	R03	Executable public API parity input validated against tests/manifest.yaml.
tests/fixtures/inputs/public-api/ttnameid.TT_UCR_SPECIALS.json	2897	file	67c79309e10c3c7de33d99f866bb3718751de2e47a2ef00254c8936caef52bec	-	keep-public-contract	R03	Executable public API parity input validated against tests/manifest.yaml.
tests/fixtures/inputs/public-api/ttnameid.TT_UCR_SUNDANESE.json	5225	file	e546824a7e1f96bbdb20d0af75b227c1501146f4effe0f1eaf7afe78bf59aeb4	-	keep-public-contract	R03	Executable public API parity input validated against tests/manifest.yaml.
tests/fixtures/inputs/public-api/ttnameid.TT_UCR_SUPERSCRIPTS_SUBSCRIPTS.json	5430	file	759c3f522923c3f43b8428cde33d8d277bce28fcb21a038aa001cead45864aea	-	keep-public-contract	R03	Executable public API parity input validated against tests/manifest.yaml.
tests/fixtures/inputs/public-api/ttnameid.TT_UCR_SURROGATES.json	5413	file	b8a8818d936d3cf2e3d274bc4e9128690b5ab42e7afbbd37801eeea51cb35ff7	-	keep-public-contract	R03	Executable public API parity input validated against tests/manifest.yaml.
tests/fixtures/inputs/public-api/ttnameid.TT_UCR_SYLOTI_NAGRI.json	5264	file	8d94c3408bb860e6a8c378f18070d2f79780007b1d7d2368441477a2d20d5b2e	-	keep-public-contract	R03	Executable public API parity input validated against tests/manifest.yaml.
tests/fixtures/inputs/public-api/ttnameid.TT_UCR_SYRIAC.json	3891	file	45392f6f97a3e61eae67680edf1ac644f4d6a6df9f00cc0b4c2bd6bec35a79f8	-	keep-public-contract	R03	Executable public API parity input validated against tests/manifest.yaml.
tests/fixtures/inputs/public-api/ttnameid.TT_UCR_TAGS.json	4251	file	c0a3227f830f08272a2cb2ea480a04284d735aea4094155f27cfa19e05b7dd73	-	keep-public-contract	R03	Executable public API parity input validated against tests/manifest.yaml.
tests/fixtures/inputs/public-api/ttnameid.TT_UCR_TAI_LE.json	2394	file	85a680d6b398c96298919e9424faafa45c85f16c8d44d1063546108704af1417	-	keep-public-contract	R03	Executable public API parity input validated against tests/manifest.yaml.
tests/fixtures/inputs/public-api/ttnameid.TT_UCR_TAI_XUAN_JING.json	2463	file	dd0f4536bd1f10697252d950b4db57f9801a4f75bfbd10d5c87322b4d577064c	-	keep-public-contract	R03	Executable public API parity input validated against tests/manifest.yaml.
tests/fixtures/inputs/public-api/ttnameid.TT_UCR_TAMIL.json	3888	file	53df8914fe43491203cb1c2a6e60da9b5b8f3de36323b007158eef3d757d1d23	-	keep-public-contract	R03	Executable public API parity input validated against tests/manifest.yaml.
tests/fixtures/inputs/public-api/ttnameid.TT_UCR_TELUGU.json	3901	file	afac709c5286c3392ef08486a707c08308e4b5766ded70a0eefb0572225e9cca	-	keep-public-contract	R03	Executable public API parity input validated against tests/manifest.yaml.
tests/fixtures/inputs/public-api/ttnameid.TT_UCR_THAANA.json	2378	file	ee4682f66ebb638209ed528103872595f81621ddea149eba174f436b5fb9099a	-	keep-public-contract	R03	Executable public API parity input validated against tests/manifest.yaml.
tests/fixtures/inputs/public-api/ttnameid.TT_UCR_THAI.json	3878	file	0548b2bd5a00810a0d91fb4ae74bd08601aafe8076f5e1b601d5ae554dad4e99	-	keep-public-contract	R03	Executable public API parity input validated against tests/manifest.yaml.
tests/fixtures/inputs/public-api/ttnameid.TT_UCR_TIBETAN.json	3901	file	d4c5916aa730510481840e3bb69306bee01b13240e2b88a69e50dca6372ed807	-	keep-public-contract	R03	Executable public API parity input validated against tests/manifest.yaml.
tests/fixtures/inputs/public-api/ttnameid.TT_UCR_TIFINAGH.json	2394	file	9d09679921df5d43554c351d94b74f7a0f6945726d6414aa489423de4345a93f	-	keep-public-contract	R03	Executable public API parity input validated against tests/manifest.yaml.
tests/fixtures/inputs/public-api/ttnameid.TT_UCR_UGARITIC.json	2401	file	cfb0a1ee6b5f9679f693ced5e4d9ea7d7687de3a1c082261d1c3cd08c174c54e	-	keep-public-contract	R03	Executable public API parity input validated against tests/manifest.yaml.
tests/fixtures/inputs/public-api/ttnameid.TT_UCR_VAI.json	2348	file	ba4c356c3094eac7adf60e2faa64f6b0d0112b48560abee9ce70c638bf8ef883	-	keep-public-contract	R03	Executable public API parity input validated against tests/manifest.yaml.
tests/fixtures/inputs/public-api/ttnameid.TT_UCR_VARIATION_SELECTORS.json	4108	file	9e2ece8e5a63b24e3e1a1d273ea111112bc2b099aedd8f11db701e2e00c68d7d	-	keep-public-contract	R03	Executable public API parity input validated against tests/manifest.yaml.
tests/fixtures/inputs/public-api/ttnameid.TT_UCR_YI.json	2388	file	9a4a2d61497efc634005ff188fddb9824d4a40da3034148bade04bbf89dbf951	-	keep-public-contract	R03	Executable public API parity input validated against tests/manifest.yaml.
tests/fixtures/inputs/public-api/ttnameid.TT_UCR_YIJING.json	2391	file	b2a6ca144c6c6e91b8b6d9c0450742ccd6255d9f9b301bcbbb3ee337f2686acc	-	keep-public-contract	R03	Executable public API parity input validated against tests/manifest.yaml.
tests/fixtures/inputs/public-api/tttables.FT_Get_CMap_Format.json	4465	file	96703e0413a310729bd292a7f46274582eed70ac119bdc35c03de5a042266a7d	-	keep-public-contract	R03	Executable public API parity input validated against tests/manifest.yaml.
tests/fixtures/inputs/public-api/tttables.FT_Get_CMap_Language_ID.json	4646	file	d83cf8892b01ccd9984fc51e7d8390d59fa8eabfcac1425849f2edae0160b189	-	keep-public-contract	R03	Executable public API parity input validated against tests/manifest.yaml.
tests/fixtures/inputs/public-api/tttables.FT_Get_Sfnt_Table.json	4891	file	38e97929b908b083c137a5d93dcb23389ad6b443ba60731e8fca9d0beca5f73c	-	keep-public-contract	R03	Executable public API parity input validated against tests/manifest.yaml.
tests/fixtures/inputs/public-api/tttables.FT_Load_Sfnt_Table.json	16431	file	199e9b7f7462d79b2dbf7e8268411f796e9cd4ac43de8c9331644fb2fbfd65a0	-	keep-public-contract	R03	Executable public API parity input validated against tests/manifest.yaml.
tests/fixtures/inputs/public-api/tttables.FT_SFNT_HEAD.json	3268	file	749d24eaa1254735f0bbecb02757b4668dfb676aef7cb8dba5753d82bfcbb09f	-	keep-public-contract	R03	Executable public API parity input validated against tests/manifest.yaml.
tests/fixtures/inputs/public-api/tttables.FT_SFNT_HHEA.json	3352	file	7607a7952945d0f1f79c7990e0cae5eb39079432099f4cc1a9ebca1405a68cab	-	keep-public-contract	R03	Executable public API parity input validated against tests/manifest.yaml.
tests/fixtures/inputs/public-api/tttables.FT_SFNT_MAX.json	2638	file	8a9eef5c1d15bc53f4218d3658233be4fd5fc61496c1fa4d8204efa9c214ba41	-	keep-public-contract	R03	Executable public API parity input validated against tests/manifest.yaml.
tests/fixtures/inputs/public-api/tttables.FT_SFNT_MAXP.json	3344	file	6908f5929c0fe78b093b2c9a9ea2eabf97a7f88426e5175bbe942e43fc41213b	-	keep-public-contract	R03	Executable public API parity input validated against tests/manifest.yaml.
tests/fixtures/inputs/public-api/tttables.FT_SFNT_OS2.json	3467	file	4b13cada3758fcb55ef54fd841ee1c788e36ce9e4ecf12420c00988d218f2990	-	keep-public-contract	R03	Executable public API parity input validated against tests/manifest.yaml.
tests/fixtures/inputs/public-api/tttables.FT_SFNT_PCLT.json	3411	file	781c9e59a8a7183415de62a0d2ee4d9975e05e03b086572e553d5d6ff6bf15fe	-	keep-public-contract	R03	Executable public API parity input validated against tests/manifest.yaml.
tests/fixtures/inputs/public-api/tttables.FT_SFNT_POST.json	3281	file	eb6ad9bbf96377d4b31307152ffa69bab598b3ede8e045e8858cf1c022a06696	-	keep-public-contract	R03	Executable public API parity input validated against tests/manifest.yaml.
tests/fixtures/inputs/public-api/tttables.FT_SFNT_VHEA.json	3666	file	8e6b56c834ee3db639acdf2eb27c8cd0b61d9bcebd7507d68d43aaa1b45abe11	-	keep-public-contract	R03	Executable public API parity input validated against tests/manifest.yaml.
tests/fixtures/inputs/public-api/tttables.FT_Sfnt_Table_Info.json	10588	file	1ae96b4980ed022241562f8a1538591cfd37f87a9fd9bdf551aad2f99df36dae	-	keep-public-contract	R03	Executable public API parity input validated against tests/manifest.yaml.
tests/fixtures/inputs/public-api/tttables.FT_Sfnt_Tag.json	5041	file	e779d7c96550f78b8c289d55b1a39b998fbf0277515af97c501147df79de8e30	-	keep-public-contract	R03	Executable public API parity input validated against tests/manifest.yaml.
tests/fixtures/inputs/public-api/tttables.TT_Header.json	6606	file	ba93bd12db29e23aa6001111c8aa6bc6617d1286166b0ca5e913584ab4f7ba54	-	keep-public-contract	R03	Executable public API parity input validated against tests/manifest.yaml.
tests/fixtures/inputs/public-api/tttables.TT_HoriHeader.json	9037	file	153337b74c570aeb4fa4b5ff9e7072f164a0f51d49fffbe6008ea3220b4ecbd5	-	keep-public-contract	R03	Executable public API parity input validated against tests/manifest.yaml.
tests/fixtures/inputs/public-api/tttables.TT_MaxProfile.json	8683	file	f10b6d6e0a042fe0b1971aa09054c039d173e5ea2fbe5160759efe5bac8049a8	-	keep-public-contract	R03	Executable public API parity input validated against tests/manifest.yaml.
tests/fixtures/inputs/public-api/tttables.TT_OS2.json	17691	file	07664ee80c5608382a20b678d098b4fec5cd11b52e2dfe2a8120f97dff57886b	-	keep-public-contract	R03	Executable public API parity input validated against tests/manifest.yaml.
tests/fixtures/inputs/public-api/tttables.TT_PCLT.json	14240	file	5ce10730e35571ac8bb2e8ffb844eaafc0979b8b7c41bd110233511b4bffd4f6	-	keep-public-contract	R03	Executable public API parity input validated against tests/manifest.yaml.
tests/fixtures/inputs/public-api/tttables.TT_Postscript.json	12734	file	10e5a8e8c3381dcd44468ca576a71522118bf610b864060d59e905e0e4446e56	-	keep-public-contract	R03	Executable public API parity input validated against tests/manifest.yaml.
tests/fixtures/inputs/public-api/tttables.TT_VertHeader.json	14574	file	e6c4571060b94a1e1de05dd2d13806bda96329547a711721786c87f0dc43358f	-	keep-public-contract	R03	Executable public API parity input validated against tests/manifest.yaml.
tests/fixtures/inputs/records.json	1499	file	e0ea389e0faf60e080f5749af5dae4318dedda513fad186b2f3c8be26de2376f	-	keep-test-contract	R03	Maintained parity test, contract, focused fixture, source, or support file.
tests/fixtures/licenses/DEJAVU.txt	4755	file	4409be4349b0022c89f2fe12cf7391957c2936ae4a4827d547009cd2713aff59	-	keep-test-contract	R03	Maintained parity test, contract, focused fixture, source, or support file.
tests/fixtures/licenses/OFL-1.1.txt	4008	file	5f849e9343c8f3dc906edd6b011275d2e8c8a4e7c212552ba1d5ca59fad68286	-	keep-test-contract	R03	Maintained parity test, contract, focused fixture, source, or support file.
tests/fixtures/modules/raster/params-logging-renderer.json	325	file	35010499ebad5e2099c54950755ad68714a09a937a4b998fb1d6ab26755de7aa	-	keep-test-contract	R03	Maintained parity test, contract, focused fixture, source, or support file.
tests/fixtures/outlines/allocated/client-owned-triangle.json	268	file	8dc3fe1721d12ecc7ab2b0f265fcb18766f0ab3b24bc9cf0e7c8ee413d01d78d	-	keep-test-contract	R03	Maintained parity test, contract, focused fixture, source, or support file.
tests/fixtures/outlines/allocated/owner-triangle.json	268	file	b8afadc3a570919b4e86f779b3778ee887e6ca3c798a16a086bef45ee4c25495	-	keep-test-contract	R03	Maintained parity test, contract, focused fixture, source, or support file.
tests/fixtures/outlines/basic/blank-different-shape.json	184	file	ace930c618a574d35232413680b762312ffb0590e1b89cc994798ec8502cfd81	-	keep-test-contract	R03	Maintained parity test, contract, focused fixture, source, or support file.
tests/fixtures/outlines/basic/blank-same-shape-owner.json	274	file	864978cc006c0825280174a1964f529e2c59bba0a007005330f2176c99b7e25d	-	keep-test-contract	R03	Maintained parity test, contract, focused fixture, source, or support file.
tests/fixtures/outlines/basic/empty.json	108	file	1d3b9aa82c2aae09dd217c729793477b8303fb72377cabb638bb37eded9fdecf	-	keep-test-contract	R03	Maintained parity test, contract, focused fixture, source, or support file.
tests/fixtures/outlines/basic/mixed-tags-two-contours.json	271	file	2007c6f463af897d37f24f29713fbbb5125fd93e1c5fc49c82e682b43a28a463	-	keep-test-contract	R03	Maintained parity test, contract, focused fixture, source, or support file.
tests/fixtures/outlines/basic/single-point-contour.json	134	file	f7b11570e5f362cec4eab9a03debbefa04f845ec605b6db757a4d4141f1fb1c0	-	keep-test-contract	R03	Maintained parity test, contract, focused fixture, source, or support file.
tests/fixtures/outlines/basic/triangle.json	187	file	bd3919ec91c30319839af34bdfdb5204b1831f132488d430e276f3f06defa2d1	-	keep-test-contract	R03	Maintained parity test, contract, focused fixture, source, or support file.
tests/fixtures/outlines/basic/two-contours-valid.json	326	file	6c66d2c7283984705f8da4761de407038c458e91e1956960a4850247dbbba35a	-	keep-test-contract	R03	Maintained parity test, contract, focused fixture, source, or support file.
tests/fixtures/outlines/cbox/mixed-extrema.json	289	file	28708078910712cadda23f8a3f498ce20a9a14a55fa4ff59df9d90ee4383bfee	-	keep-test-contract	R03	Maintained parity test, contract, focused fixture, source, or support file.
tests/fixtures/outlines/decompose/line-conic-cubic.json	490	file	01f1e9fd2c92f35fc86aa9f41b55feb87132adb197615c67f0ff6c6392bf9ddf	-	keep-test-contract	R03	Maintained parity test, contract, focused fixture, source, or support file.
tests/fixtures/outlines/decompose/scaled-delta-square.json	221	file	99a224fa65910465b4542089cba518581f7358f9a9ed395ab5ff20f98fe5acaa	-	keep-test-contract	R03	Maintained parity test, contract, focused fixture, source, or support file.
tests/fixtures/outlines/embolden/clockwise-square-with-corners.json	243	file	3b2edb5546baa41b3d85980df30533299a66d08537cc6665f4df9b0b42bf8a26	-	keep-test-contract	R03	Maintained parity test, contract, focused fixture, source, or support file.
tests/fixtures/outlines/embolden/postscript-polygon-with-collinear-run.json	243	file	3b2edb5546baa41b3d85980df30533299a66d08537cc6665f4df9b0b42bf8a26	-	keep-test-contract	R03	Maintained parity test, contract, focused fixture, source, or support file.
tests/fixtures/outlines/invalid/cubic-start.json	188	file	9377867ff908294dd8acab3f1f0223d2881d6d9f1e5ee5d7170ff572cb114f20	-	keep-test-contract	R03	Maintained parity test, contract, focused fixture, source, or support file.
tests/fixtures/outlines/invalid/decreasing-contour-end.json	216	file	c990f743d6a45f24c5a4a5b120921d3c8b3a7890b7b404ab7403695ddabafa0b	-	keep-test-contract	R03	Maintained parity test, contract, focused fixture, source, or support file.
tests/fixtures/outlines/invalid/nonincreasing-contours.json	216	file	a0a0a7a12e3efc7b72f1cebe1057006c83f5631876fb9fb0bf440f45356be1e1	-	keep-test-contract	R03	Maintained parity test, contract, focused fixture, source, or support file.
tests/fixtures/outlines/invalid/zero-points-one-contour.json	109	file	f087d368bcf36a36505e51bec339e8b67d563a29e0434a0223c62069bf5755b5	-	keep-test-contract	R03	Maintained parity test, contract, focused fixture, source, or support file.
tests/fixtures/outlines/multi-contour-negative-coordinates.json	588	file	54a2054c45d943d46e94d879fb18b05f2edd096dd7cb077e7d55d16dc45fdd8a	-	keep-test-contract	R03	Maintained parity test, contract, focused fixture, source, or support file.
tests/fixtures/outlines/orientation/cbox-beyond-0x1000000.json	856	file	1a477a67d18f35658ae5e8011af6f73b65c23a6324fda6613424c799b873fcdf	-	keep-test-contract	R03	Maintained parity test, contract, focused fixture, source, or support file.
tests/fixtures/outlines/orientation/clockwise-and-empty.json	412	file	d2a285394c87f89c5714217e21f38ae835dc36387410a7e7f4585ad03c0828b6	-	keep-test-contract	R03	Maintained parity test, contract, focused fixture, source, or support file.
tests/fixtures/outlines/orientation/collapsed-line.json	354	file	fa7a3ab7e2cc323cfce7dce80d76a9b30507bdbf8e87adb7981e30a52892d2e8	-	keep-test-contract	R03	Maintained parity test, contract, focused fixture, source, or support file.
tests/fixtures/outlines/orientation/counter-clockwise.json	504	file	ebe92bc57adb3d8725562ebf0ef375e54c7da096e8fff28f20024993363da706	-	keep-test-contract	R03	Maintained parity test, contract, focused fixture, source, or support file.
tests/fixtures/outlines/orientation/mixed-orientations.json	659	file	e23cd1c6093a8bcf66e5d0d70cd5c37338d2342300e23a8f362e1cad86b2525e	-	keep-test-contract	R03	Maintained parity test, contract, focused fixture, source, or support file.
tests/fixtures/outlines/orientation/negative-area-square.json	213	file	949de8373c1a665eaa4675da9fad29e1aaf479491a5d99d6dc85866f9a110103	-	keep-test-contract	R03	Maintained parity test, contract, focused fixture, source, or support file.
tests/fixtures/outlines/orientation/positive-area-square.json	213	file	7b3ac8a7ece96bf10bdc9092448fa248f69a951acfdc87c8fce51e0d29147a0e	-	keep-test-contract	R03	Maintained parity test, contract, focused fixture, source, or support file.
tests/fixtures/outlines/orientation/zero-area-bowtie.json	219	file	409ca8db2c68c310ec65f3affc94ab6d68e385c30c40cbfcaaaf9e7831cf1785	-	keep-test-contract	R03	Maintained parity test, contract, focused fixture, source, or support file.
tests/fixtures/outlines/render/cbox-beyond-render-limit.json	496	file	7baeced468c1b2fe960bba5c6f752e99d97f4ddfbac73f8f2a179f397709e6ec	-	keep-test-contract	R03	Maintained parity test, contract, focused fixture, source, or support file.
tests/fixtures/outlines/render/direct-spans-clipped.json	311	file	941c2cf7db3c273357ff40f82736dc7c68d6dcdb6987475075e268904e1b993f	-	keep-test-contract	R03	Maintained parity test, contract, focused fixture, source, or support file.
tests/fixtures/outlines/render/empty-outline.json	190	file	cc710f8ef02c1c22616833d19541cfa618166c631a0614b1aa486e4ffd6f7bdb	-	keep-test-contract	R03	Maintained parity test, contract, focused fixture, source, or support file.
tests/fixtures/outlines/render/simple-filled-square.json	311	file	941c2cf7db3c273357ff40f82736dc7c68d6dcdb6987475075e268904e1b993f	-	keep-test-contract	R03	Maintained parity test, contract, focused fixture, source, or support file.
tests/fixtures/outlines/reverse/two-contours-mixed-tags.json	326	file	9016bcc27e7bfc4652a03bd9b3c73751e68ab0b9aa43282c5e07b350bed699f5	-	keep-test-contract	R03	Maintained parity test, contract, focused fixture, source, or support file.
tests/fixtures/outlines/synthetic/clip-sensitive-rectangle.json	310	file	0d769436b17952f1b42b0c415be39234eff4afe11b23ebce9f9b1ad74e2202f6	-	keep-test-contract	R03	Maintained parity test, contract, focused fixture, source, or support file.
tests/fixtures/outlines/synthetic/conic-single-and-consecutive.json	328	file	9263b9a8bef00f554e73d3cab0318f1bf0800f66a6643103d27d04db03e27a4e	-	keep-test-contract	R03	Maintained parity test, contract, focused fixture, source, or support file.
tests/fixtures/outlines/synthetic/crossing-clip-boundaries.json	314	file	d39fb191d9e01cea003b2434ddfb80c28f9c3666fde47d843047e4d7494e497e	-	keep-test-contract	R03	Maintained parity test, contract, focused fixture, source, or support file.
tests/fixtures/outlines/synthetic/cubic-malformed.json	575	file	d10d609582394e213a50b260a0e518272251c0045f3823d42bf1af67d20506e0	-	keep-test-contract	R03	Maintained parity test, contract, focused fixture, source, or support file.
tests/fixtures/outlines/synthetic/cubic-paired-controls.json	377	file	f7ad09bdd8cbecc083e20a2649e0f2cf7c9b343f920bf6d590eace156d87abb6	-	keep-test-contract	R03	Maintained parity test, contract, focused fixture, source, or support file.
tests/fixtures/outlines/synthetic/cw-ccw-orientation-pairs.json	954	file	5899ab19fc1bbc76cc1e54db3529d6dc3b521677719e92464c4099edb09de7cd	-	keep-test-contract	R03	Maintained parity test, contract, focused fixture, source, or support file.
tests/fixtures/outlines/synthetic/dropout-thin-stems-scantype.json	590	file	3c12aab4965a35a2caa142597e3996aa0df965b70aecdfa2089a688ad3f54860	-	keep-test-contract	R03	Maintained parity test, contract, focused fixture, source, or support file.
tests/fixtures/outlines/synthetic/empty-outline.json	188	file	f660ae2773e15604dde3b554bc57c3685037494fb76367998213d6eeca31b184	-	keep-test-contract	R03	Maintained parity test, contract, focused fixture, source, or support file.
tests/fixtures/outlines/synthetic/large-render-limits.json	323	file	08430612f273937fe47e4ba5332e4d125b8e820ce088a6f1deabb9a387673d1e	-	keep-test-contract	R03	Maintained parity test, contract, focused fixture, source, or support file.
tests/fixtures/outlines/synthetic/malformed-outline-cases.json	768	file	0520bb567fe578aea6de6086e452f6deb62f656a6eb691abce7e87a91d82c647	-	keep-test-contract	R03	Maintained parity test, contract, focused fixture, source, or support file.
tests/fixtures/outlines/synthetic/mixed-line-conic-cubic.json	490	file	01f1e9fd2c92f35fc86aa9f41b55feb87132adb197615c67f0ff6c6392bf9ddf	-	keep-test-contract	R03	Maintained parity test, contract, focused fixture, source, or support file.
tests/fixtures/outlines/synthetic/on-curve-lines-multicontour.json	302	file	ea810cda9a4fa45bae68cf8d17ffa44d259ddf3cd396f4bd4cc112f4412eb1a9	-	keep-test-contract	R03	Maintained parity test, contract, focused fixture, source, or support file.
tests/fixtures/outlines/synthetic/overlapping-contours.json	591	file	ebf361422fbabd2a97662114ba25ba969123f3ed422752abb33c42916b3560d4	-	keep-test-contract	R03	Maintained parity test, contract, focused fixture, source, or support file.
tests/fixtures/outlines/synthetic/simple-non-overlap.json	311	file	941c2cf7db3c273357ff40f82736dc7c68d6dcdb6987475075e268904e1b993f	-	keep-test-contract	R03	Maintained parity test, contract, focused fixture, source, or support file.
tests/fixtures/outlines/synthetic/simple-overlap-thin-matrix.json	436	file	d4559d87494a1acb508fd00380c9040bb9dedad944c795ab6941c0f9c40de9f2	-	keep-test-contract	R03	Maintained parity test, contract, focused fixture, source, or support file.
tests/fixtures/outlines/synthetic/simple-rectangle.json	311	file	941c2cf7db3c273357ff40f82736dc7c68d6dcdb6987475075e268904e1b993f	-	keep-test-contract	R03	Maintained parity test, contract, focused fixture, source, or support file.
tests/fixtures/outlines/synthetic/span-wide-overflow.json	445	file	cf417cfda9b66fe22d7d681227e310b918aa0d630aba1b392c8bcdaac910840e	-	keep-test-contract	R03	Maintained parity test, contract, focused fixture, source, or support file.
tests/fixtures/outlines/synthetic/tags-with-touch-and-scan-bits.json	620	file	a20b6714521d5cab1a4d88da3043bf7c126f196369d35c1b1ce62c164fccdc42	-	keep-test-contract	R03	Maintained parity test, contract, focused fixture, source, or support file.
tests/fixtures/outlines/synthetic/thin-diagonal-stems.json	435	file	09112abd4f0a6ba2dd4c7e8de7dcf31b4d91fd531f8e3bbd1a7f24b1984b3c4b	-	keep-test-contract	R03	Maintained parity test, contract, focused fixture, source, or support file.
tests/fixtures/outlines/transform/slant-rotate-points.json	224	file	d34f409cf6d4f1c40663715d8ca343966d49ee3cc0e8233e6a0447d4d95b9934	-	keep-test-contract	R03	Maintained parity test, contract, focused fixture, source, or support file.
tests/fixtures/outlines/translate/mixed-positive-negative-points.json	224	file	d34f409cf6d4f1c40663715d8ca343966d49ee3cc0e8233e6a0447d4d95b9934	-	keep-test-contract	R03	Maintained parity test, contract, focused fixture, source, or support file.
tests/fixtures/streams/gzip/valid-font-stream.gz	283990	file	767ab166fc9debf90755f6e747649aa04364b5f2b4a31011f1148dfa05fc0e7b	-	keep-test-contract	R03	Maintained parity test, contract, focused fixture, source, or support file.
tests/manifest.yaml	1519604	file	bf49f02ad9ec7338a361ad54738e4db8efeafff4a78cf93ac40563df2485fd60	-	keep-test-contract	R03	Maintained parity test, contract, focused fixture, source, or support file.
tests/pipe_trace.rs	6312	file	2871e8fb783d748516c5542d70125ff3d9186ee63f88ab66124acd44caf422fa	-	keep-test-contract	R03	Maintained parity test, contract, focused fixture, source, or support file.
tests/support/generated_constant_lookup.rs	89931	file	3309eebd6fa4af72d165481e216c9a1dfcb574b3643a506e9221a8eec81f9d74	-	keep-generated-source	R10	Generated lookup required by the public constant parity test.
tests/unified_fixture_parity.rs	3050186	file	8179ae74a8596c6cb51cda8e49742b01ce038849f0661a0076f91726e9a31259	-	keep-test-contract	R03	Maintained parity test, contract, focused fixture, source, or support file.
tests/unit/casts.rs	878	file	665b6ca875fe3308bc62c07e052e9558bcb02c9176cdb3ea786dcb57f7665ef5	-	keep-test-contract	R03	Maintained parity test, contract, focused fixture, source, or support file.
tests/unit/ffi/handles.rs	25246	file	0ead869dd3e2e4d27c935778f330e753fa614d79fcaf88bc302ab27ff132c56d	-	keep-test-contract	R03	Maintained parity test, contract, focused fixture, source, or support file.
tests/unit/pfr.rs	14117	file	f0799ba4a730a523fb2b35fb65f8d56bfaca6f8b1793d82bfb8659922fec2fa9	-	keep-test-contract	R03	Maintained parity test, contract, focused fixture, source, or support file.
tests/unit/tt/gvar.rs	7613	file	7b1e47ea2cd33e0c21d7826dca01a3ab3f6a031bc0cb06dc0db91001b4ea8689	-	keep-test-contract	R03	Maintained parity test, contract, focused fixture, source, or support file.
tests/unit/tt/hvar.rs	1966	file	6cb883656a31a71a86fcdf96c1bb1b6387645a40ef7096480b22d3dd9c52e9c5	-	keep-test-contract	R03	Maintained parity test, contract, focused fixture, source, or support file.
tests/unit/tt/mvar.rs	2601	file	c63b6c1dbcfa5863866598f097295ca0d38e3e459b4c9cda29e6b0d08b30d98f	-	keep-test-contract	R03	Maintained parity test, contract, focused fixture, source, or support file.
tests/unit/tt/os2.rs	439	file	4746441e0ade073d36b3c123197921d01d6019a958a2a987fc113a55a2691abb	-	keep-test-contract	R03	Maintained parity test, contract, focused fixture, source, or support file.
tests/unit/tt/varstore.rs	6560	file	d5f22e43769980b688f4f104c17be45a3489aa558bad10f7885c69673c4ce17a	-	keep-test-contract	R03	Maintained parity test, contract, focused fixture, source, or support file.
